player_node,team_node,player_name,team_name,team_name_at_time,team_name_history,group,leagues,minutes_domestic,games_domestic,wins_domestic,first_date,last_date,active_years,minutes_international,games_international,wins_international,minutes_total,games_total,wins_total,domestic_win_rate
player::aphromoo,team::100,aphromoo,100,100,100,major,LCS,3441.8166666666666,94,46.0,2018-01-20 00:00:00+00:00,2019-08-05 00:00:00+00:00,2018|2019,181.01666666666665,6.0,2.0,3622.833333333333,100.0,48.0,0.48936170212765956
player::cody-sun,team::100,Cody Sun,100,100,100,major,LCS,2025.3,54,32.0,2018-01-20 00:00:00+00:00,2018-09-09 00:00:00+00:00,2018,0.0,0.0,0.0,2025.3,54.0,32.0,0.5925925925925926
player::meteos,team::100,Meteos,100,100,100,major,LCS,1245.9166666666663,33,20.0,2018-01-20 00:00:00+00:00,2018-07-01 00:00:00+00:00,2018,0.0,0.0,0.0,1245.9166666666663,33.0,20.0,0.6060606060606061
player::ryu,team::100,Ryu,100,100,100,major,LCS,2722.15,74,42.0,2018-01-20 00:00:00+00:00,2019-08-05 00:00:00+00:00,2018|2019,181.01666666666665,6.0,2.0,2903.166666666667,80.0,44.0,0.5675675675675675
player::ssumday,team::100,Ssumday,100,100,100,major,LCS,2924.2,79,38.0,2018-01-20 00:00:00+00:00,2019-06-09 00:00:00+00:00,2018|2019,181.01666666666665,6.0,2.0,3105.2166666666662,85.0,40.0,0.4810126582278481
player::anda,team::100,AnDa,100,100,100,major,LCS,1544.7833333333333,42,18.0,2018-07-14 00:00:00+00:00,2019-03-17 00:00:00+00:00,2018|2019,181.01666666666665,6.0,2.0,1725.8,48.0,20.0,0.42857142857142855
player::rikara,team::100,Rikara,100,100,100,major,LCS,179.23333333333332,5,2.0,2018-09-02 00:00:00+00:00,2018-09-08 00:00:00+00:00,2018,181.01666666666665,6.0,2.0,360.25,11.0,4.0,0.4
player::bang,team::100,Bang,100,100,100,major,LCS,1297.1166666666666,37,12.0,2019-01-26 00:00:00+00:00,2019-08-05 00:00:00+00:00,2019,0.0,0.0,0.0,1297.1166666666666,37.0,12.0,0.32432432432432434
player::huhi,team::100,huhi,100,100,100,major,LCS,439.9333333333333,12,4.0,2019-01-26 00:00:00+00:00,2019-03-03 00:00:00+00:00,2019,0.0,0.0,0.0,439.9333333333333,12.0,4.0,0.3333333333333333
player::soligo,team::100,Soligo,100,100,100,major,LCS,339.56666666666666,10,0.0,2019-03-10 00:00:00+00:00,2019-06-09 00:00:00+00:00,2019,0.0,0.0,0.0,339.56666666666666,10.0,0.0,0.0
player::fakegod,team::100,FakeGod,100,100,100,major,LCS,577.45,17,8.0,2019-03-24 00:00:00+00:00,2019-08-05 00:00:00+00:00,2019,0.0,0.0,0.0,577.45,17.0,8.0,0.47058823529411764
player::fragas,team::100,Fragas,100,100,100,major,LCS,59.83333333333333,2,0.0,2019-03-24 00:00:00+00:00,2019-03-24 00:00:00+00:00,2019,0.0,0.0,0.0,59.83333333333333,2.0,0.0,0.0
player::stunt,team::100,Stunt,100,100,100,major,LCS,59.83333333333333,2,0.0,2019-03-24 00:00:00+00:00,2019-03-24 00:00:00+00:00,2019,0.0,0.0,0.0,59.83333333333333,2.0,0.0,0.0
player::amazing-maurice-stuckenschneider,team::100,Amazing (Maurice Stückenschneider),100,100,100,major,LCS,651.1166666666667,19,8.0,2019-06-01 00:00:00+00:00,2019-08-05 00:00:00+00:00,2019,0.0,0.0,0.0,651.1166666666667,19.0,8.0,0.42105263157894735
player::elysion,team::1907fenerbahceesports,Elysion,1907 Fenerbahçe Esports,1907 Fenerbahçe Esports,1907 Fenerbahçe Esports,wildcard,TCL,295.75,8,3.0,2017-01-21 00:00:00+00:00,2017-01-29 00:00:00+00:00,2017,0.0,0.0,0.0,295.75,8.0,3.0,0.375
player::frozen-kim-tae-il,team::1907fenerbahceesports,Frozen (Kim Tae-il),1907 Fenerbahçe Esports,1907 Fenerbahçe Esports,1907 Fenerbahçe Esports,wildcard,TCL,4941.833333333334,138,79.0,2017-01-21 00:00:00+00:00,2018-09-02 00:00:00+00:00,2017|2018,572.6833333333333,15.0,7.0,5514.516666666666,153.0,86.0,0.572463768115942
player::reach-lee-joo-won,team::1907fenerbahceesports,Reach (Lee Joo-won),1907 Fenerbahçe Esports,1907 Fenerbahçe Esports,1907 Fenerbahçe Esports,wildcard,TCL,1369.7166666666667,37,18.0,2017-01-21 00:00:00+00:00,2017-04-09 00:00:00+00:00,2017,0.0,0.0,0.0,1369.7166666666667,37.0,18.0,0.4864864864864865
player::thaldrin,team::1907fenerbahceesports,Thaldrin,1907 Fenerbahçe Esports,1907 Fenerbahçe Esports,1907 Fenerbahçe Esports,wildcard,TCL,4976.483333333334,139,79.0,2017-01-21 00:00:00+00:00,2018-09-02 00:00:00+00:00,2017|2018,572.6833333333333,15.0,7.0,5549.166666666666,154.0,86.0,0.5683453237410072
player::un1tback,team::1907fenerbahceesports,Un1tback,1907 Fenerbahçe Esports,1907 Fenerbahçe Esports,1907 Fenerbahçe Esports,wildcard,TCL,369.25,10,3.0,2017-01-21 00:00:00+00:00,2017-02-19 00:00:00+00:00,2017,0.0,0.0,0.0,369.25,10.0,3.0,0.3
player::japone,team::1907fenerbahceesports,Japone,1907 Fenerbahçe Esports,1907 Fenerbahçe Esports,1907 Fenerbahçe Esports,wildcard,TCL,2969.4,85,63.0,2017-02-04 00:00:00+00:00,2019-04-13 00:00:00+00:00,2017|2019,726.0333333333333,20.0,10.0,3695.433333333333,105.0,73.0,0.7411764705882353
player::padden,team::1907fenerbahceesports,Padden,1907 Fenerbahçe Esports,1907 Fenerbahçe Esports,1907 Fenerbahçe Esports,wildcard,TCL,4680.733333333334,131,76.0,2017-02-04 00:00:00+00:00,2018-09-02 00:00:00+00:00,2017|2018,572.6833333333333,15.0,7.0,5253.416666666666,146.0,83.0,0.5801526717557252
player::move,team::1907fenerbahceesports,Move,1907 Fenerbahçe Esports,1907 Fenerbahçe Esports,1907 Fenerbahçe Esports,wildcard,TCL,2487.833333333333,70,45.0,2017-06-03 00:00:00+00:00,2018-09-02 00:00:00+00:00,2017|2018,0.0,0.0,0.0,2487.833333333333,70.0,45.0,0.6428571428571429
player::chaser,team::1907fenerbahceesports,Chaser,1907 Fenerbahçe Esports,1907 Fenerbahçe Esports,1907 Fenerbahçe Esports,wildcard,TCL,1118.9333333333334,32,16.0,2018-01-20 00:00:00+00:00,2018-04-07 00:00:00+00:00,2018,0.0,0.0,0.0,1118.9333333333334,32.0,16.0,0.5
player::zergsting,team::1907fenerbahceesports,Zergsting,1907 Fenerbahçe Esports,1907 Fenerbahçe Esports,1907 Fenerbahçe Esports,wildcard,TCL,2255.666666666667,64,33.0,2018-01-20 00:00:00+00:00,2018-09-02 00:00:00+00:00,2018,0.0,0.0,0.0,2255.666666666667,64.0,33.0,0.515625
player::waena,team::1907fenerbahceesports,WaenA,1907 Fenerbahçe Esports,1907 Fenerbahçe Esports,1907 Fenerbahçe Esports,wildcard,TCL,34.65,1,0.0,2018-07-14 00:00:00+00:00,2018-07-14 00:00:00+00:00,2018,0.0,0.0,0.0,34.65,1.0,0.0,0.0
player::only35,team::1907fenerbahceesports,Only35,1907 Fenerbahçe Esports,1907 Fenerbahçe Esports,1907 Fenerbahçe Esports,wildcard,TCL,242.0833333333333,7,3.0,2018-07-20 00:00:00+00:00,2019-06-21 00:00:00+00:00,2018|2019,70.35,2.0,1.0,312.43333333333334,9.0,4.0,0.42857142857142855
player::bolulu,team::1907fenerbahceesports,Bolulu,1907 Fenerbahçe Esports,1907 Fenerbahçe Esports,1907 Fenerbahçe Esports,wildcard,TCL,1469.8833333333332,45,32.0,2019-01-19 00:00:00+00:00,2019-08-18 00:00:00+00:00,2019,223.7,7.0,4.0,1693.5833333333333,52.0,36.0,0.7111111111111111
player::hades-volkan-dincer,team::1907fenerbahceesports,Hades (Volkan Dinçer),1907 Fenerbahçe Esports,1907 Fenerbahçe Esports,1907 Fenerbahçe Esports,wildcard,TCL,1500.7166666666667,46,32.0,2019-01-19 00:00:00+00:00,2019-08-18 00:00:00+00:00,2019,223.7,7.0,4.0,1724.4166666666667,53.0,36.0,0.6956521739130435
player::kirei,team::1907fenerbahceesports,Kirei,1907 Fenerbahçe Esports,1907 Fenerbahçe Esports,1907 Fenerbahçe Esports,wildcard,TCL,750.1166666666666,24,22.0,2019-01-19 00:00:00+00:00,2019-04-13 00:00:00+00:00,2019,223.7,7.0,4.0,973.8166666666666,31.0,26.0,0.9166666666666666
player::ruin,team::1907fenerbahceesports,Ruin,1907 Fenerbahçe Esports,1907 Fenerbahçe Esports,1907 Fenerbahçe Esports,wildcard,TCL,750.1166666666666,24,22.0,2019-01-19 00:00:00+00:00,2019-04-13 00:00:00+00:00,2019,223.7,7.0,4.0,973.8166666666666,31.0,26.0,0.9166666666666666
player::untara,team::1907fenerbahceesports,Untara,1907 Fenerbahçe Esports,1907 Fenerbahçe Esports,1907 Fenerbahçe Esports,wildcard,TCL,750.6,22,10.0,2019-06-08 00:00:00+00:00,2019-08-18 00:00:00+00:00,2019,0.0,0.0,0.0,750.6,22.0,10.0,0.45454545454545453
player::wiz,team::1907fenerbahceesports,Wiz,1907 Fenerbahçe Esports,1907 Fenerbahçe Esports,1907 Fenerbahçe Esports,wildcard,TCL,482.2,14,9.0,2019-06-08 00:00:00+00:00,2019-07-21 00:00:00+00:00,2019,0.0,0.0,0.0,482.2,14.0,9.0,0.6428571428571429
player::luger,team::1907fenerbahceesports,Luger,1907 Fenerbahçe Esports,1907 Fenerbahçe Esports,1907 Fenerbahçe Esports,wildcard,TCL,283.05,8,4.0,2019-06-15 00:00:00+00:00,2019-08-18 00:00:00+00:00,2019,0.0,0.0,0.0,283.05,8.0,4.0,0.5
player::blue-ersin-goren,team::1907fenerbahceesports,Blue (Ersin Gören),1907 Fenerbahçe Esports,1907 Fenerbahçe Esports,1907 Fenerbahçe Esports,wildcard,TCL,388.5833333333333,12,5.0,2019-06-29 00:00:00+00:00,2019-08-04 00:00:00+00:00,2019,0.0,0.0,0.0,388.5833333333333,12.0,5.0,0.4166666666666667
player::agurin,team::1907fenerbahceesports,Agurin,1907 Fenerbahçe Esports,1907 Fenerbahçe Esports,1907 Fenerbahçe Esports,wildcard,TCL,54.98333333333333,2,0.0,2019-07-27 00:00:00+00:00,2019-07-28 00:00:00+00:00,2019,0.0,0.0,0.0,54.98333333333333,2.0,0.0,0.0
player::stefan,team::1907fenerbahceesports,Stefan,1907 Fenerbahçe Esports,1907 Fenerbahçe Esports,1907 Fenerbahçe Esports,wildcard,TCL,213.41666666666663,6,1.0,2019-08-03 00:00:00+00:00,2019-08-18 00:00:00+00:00,2019,0.0,0.0,0.0,213.41666666666663,6.0,1.0,0.16666666666666666
player::carlos-is-god,team::4notoce,Carlos Is God,4not.oce,4not.oce,4not.oce,wildcard,OPL,347.35,10,3.0,2015-02-05 00:00:00+00:00,2015-03-19 00:00:00+00:00,2015,0.0,0.0,0.0,347.35,10.0,3.0,0.3
player::cnj,team::4notoce,Cnj,4not.oce,4not.oce,4not.oce,wildcard,OPL,413.15,12,3.0,2015-02-05 00:00:00+00:00,2015-03-30 00:00:00+00:00,2015,0.0,0.0,0.0,413.15,12.0,3.0,0.25
player::moya,team::4notoce,Moya,4not.oce,4not.oce,4not.oce,wildcard,OPL,413.15,12,3.0,2015-02-05 00:00:00+00:00,2015-03-30 00:00:00+00:00,2015,0.0,0.0,0.0,413.15,12.0,3.0,0.25
player::naya-daniel-oh,team::4notoce,Naya (Daniel Oh),4not.oce,4not.oce,4not.oce,wildcard,OPL,413.15,12,3.0,2015-02-05 00:00:00+00:00,2015-03-30 00:00:00+00:00,2015,0.0,0.0,0.0,413.15,12.0,3.0,0.25
player::zaldo,team::4notoce,Zaldo,4not.oce,4not.oce,4not.oce,wildcard,OPL,413.15,12,3.0,2015-02-05 00:00:00+00:00,2015-03-30 00:00:00+00:00,2015,0.0,0.0,0.0,413.15,12.0,3.0,0.25
player::kulo,team::4notoce,Kulo,4not.oce,4not.oce,4not.oce,wildcard,OPL,65.80000000000001,2,0.0,2015-03-30 00:00:00+00:00,2015-03-30 00:00:00+00:00,2015,0.0,0.0,0.0,65.80000000000001,2.0,0.0,0.0
player::clockday,team::7thheaven,Clockday,7th Heaven,7th Heaven,7th Heaven,wildcard,LJL,1127.5666666666666,28,16.0,2015-01-24 00:00:00+00:00,2015-07-18 00:00:00+00:00,2015,0.0,0.0,0.0,1127.5666666666666,28.0,16.0,0.5714285714285714
player::mueki,team::7thheaven,Mueki,7th Heaven,7th Heaven,7th Heaven,wildcard,LJL,1127.5666666666666,28,16.0,2015-01-24 00:00:00+00:00,2015-07-18 00:00:00+00:00,2015,0.0,0.0,0.0,1127.5666666666666,28.0,16.0,0.5714285714285714
player::thinton,team::7thheaven,ThintoN,7th Heaven,7th Heaven,7th Heaven,wildcard,LJL,4970.266666666666,135,60.0,2015-01-24 00:00:00+00:00,2018-03-31 00:00:00+00:00,2015|2016|2017|2018,0.0,0.0,0.0,4970.266666666666,135.0,60.0,0.4444444444444444
player::yoshiaki3110,team::7thheaven,yoshiaki3110,7th Heaven,7th Heaven,7th Heaven,wildcard,LJL,481.2166666666666,11,6.0,2015-01-24 00:00:00+00:00,2015-03-21 00:00:00+00:00,2015,0.0,0.0,0.0,481.2166666666666,11.0,6.0,0.5454545454545454
player::yunn,team::7thheaven,yunn,7th Heaven,7th Heaven,7th Heaven,wildcard,LJL,182.78333333333333,4,1.0,2015-01-24 00:00:00+00:00,2015-03-14 00:00:00+00:00,2015,0.0,0.0,0.0,182.78333333333333,4.0,1.0,0.25
player::enty,team::7thheaven,Enty,7th Heaven,7th Heaven,7th Heaven,wildcard,LJL,489.5,12,7.0,2015-01-31 00:00:00+00:00,2015-03-21 00:00:00+00:00,2015,0.0,0.0,0.0,489.5,12.0,7.0,0.5833333333333334
player::razer-hiroaki-nagasima,team::7thheaven,Razer (Hiroaki Nagasima),7th Heaven,7th Heaven,7th Heaven,wildcard,LJL,38.15,1,1.0,2015-02-07 00:00:00+00:00,2015-02-07 00:00:00+00:00,2015,0.0,0.0,0.0,38.15,1.0,1.0,1.0
player::alvingo,team::7thheaven,Alvingo,7th Heaven,7th Heaven,7th Heaven,wildcard,LJL,573.0666666666666,15,9.0,2015-05-23 00:00:00+00:00,2015-07-18 00:00:00+00:00,2015,0.0,0.0,0.0,573.0666666666666,15.0,9.0,0.6
player::evi,team::7thheaven,Evi,7th Heaven,7th Heaven,7th Heaven,wildcard,LJL,2312.6166666666663,65,36.0,2015-05-23 00:00:00+00:00,2016-08-03 00:00:00+00:00,2015|2016,0.0,0.0,0.0,2312.6166666666663,65.0,36.0,0.5538461538461539
player::ssun-oh-yeong-gyo,team::7thheaven,SSuN (Oh Yeong-gyo),7th Heaven,7th Heaven,7th Heaven,wildcard,LJL,573.0666666666666,15,9.0,2015-05-23 00:00:00+00:00,2015-07-18 00:00:00+00:00,2015,0.0,0.0,0.0,573.0666666666666,15.0,9.0,0.6
player::awaker-kentaro-hanaoka,team::7thheaven,Awaker (Kentaro Hanaoka),7th Heaven,7th Heaven,7th Heaven,wildcard,LJL,1208.9,34,17.0,2016-01-17 00:00:00+00:00,2016-07-13 00:00:00+00:00,2016,0.0,0.0,0.0,1208.9,34.0,17.0,0.5
player::shinmori,team::7thheaven,Shinmori,7th Heaven,7th Heaven,7th Heaven,wildcard,LJL,1342.8166666666666,37,15.0,2016-01-17 00:00:00+00:00,2017-03-25 00:00:00+00:00,2016|2017,0.0,0.0,0.0,1342.8166666666666,37.0,15.0,0.40540540540540543
player::yutorimoyasi,team::7thheaven,YutoriMoyasi,7th Heaven,7th Heaven,7th Heaven,wildcard,LJL,1739.55,50,27.0,2016-01-17 00:00:00+00:00,2016-08-03 00:00:00+00:00,2016,0.0,0.0,0.0,1739.55,50.0,27.0,0.54
player::beni-ryohei-tsuji,team::7thheaven,Beni (Ryohei Tsuji),7th Heaven,7th Heaven,7th Heaven,wildcard,LJL,68.83333333333333,2,0.0,2016-01-22 00:00:00+00:00,2016-01-22 00:00:00+00:00,2016,0.0,0.0,0.0,68.83333333333333,2.0,0.0,0.0
player::estelim,team::7thheaven,Estelim,7th Heaven,7th Heaven,7th Heaven,wildcard,LJL,949.4833333333332,26,16.0,2016-01-30 00:00:00+00:00,2017-03-25 00:00:00+00:00,2016|2017,0.0,0.0,0.0,949.4833333333332,26.0,16.0,0.6153846153846154
player::corn-hong-jae-hee,team::7thheaven,Corn (Hong Jae-hee),7th Heaven,7th Heaven,7th Heaven,wildcard,LJL,530.65,16,10.0,2016-05-25 00:00:00+00:00,2016-08-03 00:00:00+00:00,2016,0.0,0.0,0.0,530.65,16.0,10.0,0.625
player::broooock,team::7thheaven,Broooock,7th Heaven,7th Heaven,7th Heaven,wildcard,LJL,1199.85,32,12.0,2016-07-08 00:00:00+00:00,2017-08-16 00:00:00+00:00,2016|2017,0.0,0.0,0.0,1199.85,32.0,12.0,0.375
player::rokenia,team::7thheaven,Rokenia,7th Heaven,7th Heaven,7th Heaven,wildcard,LJL,3045.833333333333,83,31.0,2016-07-22 00:00:00+00:00,2018-03-31 00:00:00+00:00,2016|2017|2018,0.0,0.0,0.0,3045.833333333333,83.0,31.0,0.37349397590361444
player::naemisa,team::7thheaven,NaeMisa,7th Heaven,7th Heaven,7th Heaven,wildcard,LJL,342.35,9,3.0,2017-01-21 00:00:00+00:00,2017-02-17 00:00:00+00:00,2017,0.0,0.0,0.0,342.35,9.0,3.0,0.3333333333333333
player::satory,team::7thheaven,SatoRy,7th Heaven,7th Heaven,7th Heaven,wildcard,LJL,1199.6333333333332,33,11.0,2017-01-21 00:00:00+00:00,2018-03-31 00:00:00+00:00,2017|2018,0.0,0.0,0.0,1199.6333333333332,33.0,11.0,0.3333333333333333
player::savage-jang-seung-gyu,team::7thheaven,Savage (Jang Seung-gyu),7th Heaven,7th Heaven,7th Heaven,wildcard,LJL,2765.35,74,27.0,2017-01-27 00:00:00+00:00,2018-03-31 00:00:00+00:00,2017|2018,0.0,0.0,0.0,2765.35,74.0,27.0,0.36486486486486486
player::raizin,team::7thheaven,raizin,7th Heaven,7th Heaven,7th Heaven,wildcard,LJL,1174.1,31,12.0,2017-06-16 00:00:00+00:00,2018-03-31 00:00:00+00:00,2017|2018,0.0,0.0,0.0,1174.1,31.0,12.0,0.3870967741935484
player::haretti,team::7thheaven,Haretti,7th Heaven,7th Heaven,7th Heaven,wildcard,LJL,856.9666666666667,24,7.0,2018-02-10 00:00:00+00:00,2018-03-31 00:00:00+00:00,2018,0.0,0.0,0.0,856.9666666666667,24.0,7.0,0.2916666666666667
player::hw4ng,team::7thheaven,HW4NG,7th Heaven,7th Heaven,7th Heaven,wildcard,LJL,173.96666666666667,5,1.0,2018-03-09 00:00:00+00:00,2018-03-24 00:00:00+00:00,2018,0.0,0.0,0.0,173.96666666666667,5.0,1.0,0.2
player::jakattack,team::absolute,Jakattack,Absolute,Absolute,Absolute,wildcard,OPL,501.45,14,4.0,2015-05-25 00:00:00+00:00,2015-07-09 00:00:00+00:00,2015,0.0,0.0,0.0,501.45,14.0,4.0,0.2857142857142857
player::kulo,team::absolute,Kulo,Absolute,Absolute,Absolute,wildcard,OPL,316.29999999999995,9,2.0,2015-05-25 00:00:00+00:00,2015-06-22 00:00:00+00:00,2015,0.0,0.0,0.0,316.29999999999995,9.0,2.0,0.2222222222222222
player::mallek,team::absolute,Mallek,Absolute,Absolute,Absolute,wildcard,OPL,501.45,14,4.0,2015-05-25 00:00:00+00:00,2015-07-09 00:00:00+00:00,2015,0.0,0.0,0.0,501.45,14.0,4.0,0.2857142857142857
player::midbeast,team::absolute,Midbeast,Absolute,Absolute,Absolute,wildcard,OPL,452.6833333333333,13,3.0,2015-05-25 00:00:00+00:00,2015-07-09 00:00:00+00:00,2015,0.0,0.0,0.0,452.6833333333333,13.0,3.0,0.23076923076923078
player::straawbella,team::absolute,Straawbella,Absolute,Absolute,Absolute,wildcard,OPL,216.06666666666663,6,2.0,2015-05-25 00:00:00+00:00,2015-07-09 00:00:00+00:00,2015,0.0,0.0,0.0,216.06666666666663,6.0,2.0,0.3333333333333333
player::mattress,team::absolute,Mattress,Absolute,Absolute,Absolute,wildcard,OPL,334.15,9,3.0,2015-05-28 00:00:00+00:00,2015-07-06 00:00:00+00:00,2015,0.0,0.0,0.0,334.15,9.0,3.0,0.3333333333333333
player::firstmate,team::absolute,FirstMate,Absolute,Absolute,Absolute,wildcard,OPL,185.15,5,2.0,2015-06-29 00:00:00+00:00,2015-07-09 00:00:00+00:00,2015,0.0,0.0,0.0,185.15,5.0,2.0,0.4
player::looch,team::abyssesports,Looch,Abyss Esports,Abyss Esports,Abyss Esports,wildcard,OPL,1795.55,51,21.0,2016-05-23 00:00:00+00:00,2017-08-19 00:00:00+00:00,2016|2017,0.0,0.0,0.0,1795.55,51.0,21.0,0.4117647058823529
player::pacman,team::abyssesports,Pacman,Abyss Esports,Abyss Esports,Abyss Esports,wildcard,OPL,1601.1333333333332,45,19.0,2016-05-23 00:00:00+00:00,2017-03-11 00:00:00+00:00,2016|2017,0.0,0.0,0.0,1601.1333333333332,45.0,19.0,0.4222222222222222
player::seb-sebastian-de-ceglie,team::abyssesports,Seb (Sebastian de Ceglie),Abyss Esports,Abyss Esports,Abyss Esports,wildcard,OPL,2628.7166666666667,75,27.0,2016-05-23 00:00:00+00:00,2017-08-19 00:00:00+00:00,2016|2017,0.0,0.0,0.0,2628.7166666666667,75.0,27.0,0.36
player::squidgy,team::abyssesports,Squidgy,Abyss Esports,Abyss Esports,Abyss Esports,wildcard,OPL,140.66666666666666,4,2.0,2016-05-23 00:00:00+00:00,2016-05-30 00:00:00+00:00,2016,0.0,0.0,0.0,140.66666666666666,4.0,2.0,0.5
player::tgun,team::abyssesports,tgun,Abyss Esports,Abyss Esports,Abyss Esports,wildcard,OPL,990.05,28,14.0,2016-05-23 00:00:00+00:00,2016-07-27 00:00:00+00:00,2016,0.0,0.0,0.0,990.05,28.0,14.0,0.5
player::raid,team::abyssesports,Raid,Abyss Esports,Abyss Esports,Abyss Esports,wildcard,OPL,2488.05,71,25.0,2016-05-30 00:00:00+00:00,2017-08-19 00:00:00+00:00,2016|2017,0.0,0.0,0.0,2488.05,71.0,25.0,0.352112676056338
player::cuden,team::abyssesports,Cuden,Abyss Esports,Abyss Esports,Abyss Esports,wildcard,OPL,833.1666666666666,24,6.0,2017-01-22 00:00:00+00:00,2017-04-02 00:00:00+00:00,2017,0.0,0.0,0.0,833.1666666666666,24.0,6.0,0.25
player::frae,team::abyssesports,Frae,Abyss Esports,Abyss Esports,Abyss Esports,wildcard,OPL,833.1666666666666,24,6.0,2017-01-22 00:00:00+00:00,2017-04-02 00:00:00+00:00,2017,0.0,0.0,0.0,833.1666666666666,24.0,6.0,0.25
player::pabu,team::abyssesports,Pabu,Abyss Esports,Abyss Esports,Abyss Esports,wildcard,OPL,1027.5833333333333,30,8.0,2017-03-19 00:00:00+00:00,2017-08-19 00:00:00+00:00,2017,0.0,0.0,0.0,1027.5833333333333,30.0,8.0,0.26666666666666666
player::rosey,team::abyssesports,Rosey,Abyss Esports,Abyss Esports,Abyss Esports,wildcard,OPL,805.5,23,7.0,2017-06-10 00:00:00+00:00,2017-08-19 00:00:00+00:00,2017,0.0,0.0,0.0,805.5,23.0,7.0,0.30434782608695654
player::ikssu,team::afreecafreecs,ikssu,Afreeca Freecs,Afreeca Freecs,Afreeca Freecs,major,LCK,4890.416666666666,133,61.0,2015-05-20 00:00:00+00:00,2016-09-01 00:00:00+00:00,2015|2016,0.0,0.0,0.0,4890.416666666666,133.0,61.0,0.45864661654135336
player::lira,team::afreecafreecs,LirA,Afreeca Freecs,Afreeca Freecs,Afreeca Freecs,major,LCK,5149.716666666666,140,64.0,2015-05-20 00:00:00+00:00,2016-09-01 00:00:00+00:00,2015|2016,0.0,0.0,0.0,5149.716666666666,140.0,64.0,0.45714285714285713
player::mickey-son-young-min,team::afreecafreecs,Mickey (Son Young-min),Afreeca Freecs,Afreeca Freecs,Afreeca Freecs,major,LCK,5466.166666666667,148,65.0,2015-05-20 00:00:00+00:00,2016-09-01 00:00:00+00:00,2015|2016,0.0,0.0,0.0,5466.166666666667,148.0,65.0,0.4391891891891892
player::sangyoon,team::afreecafreecs,Sangyoon,Afreeca Freecs,Afreeca Freecs,Afreeca Freecs,major,LCK,5466.166666666667,148,65.0,2015-05-20 00:00:00+00:00,2016-09-01 00:00:00+00:00,2015|2016,0.0,0.0,0.0,5466.166666666667,148.0,65.0,0.4391891891891892
player::snowflower,team::afreecafreecs,SnowFlower,Afreeca Freecs,Afreeca Freecs,Afreeca Freecs,major,LCK,5466.166666666667,148,65.0,2015-05-20 00:00:00+00:00,2016-09-01 00:00:00+00:00,2015|2016,0.0,0.0,0.0,5466.166666666667,148.0,65.0,0.4391891891891892
player::cvmax,team::afreecafreecs,cvMax,Afreeca Freecs,Afreeca Freecs,Afreeca Freecs,major,LCK,116.45,3,1.0,2015-05-29 00:00:00+00:00,2015-05-29 00:00:00+00:00,2015,0.0,0.0,0.0,116.45,3.0,1.0,0.3333333333333333
player::lindarang,team::afreecafreecs,Lindarang,Afreeca Freecs,Afreeca Freecs,Afreeca Freecs,major,LCK,459.3,12,3.0,2016-05-30 00:00:00+00:00,2016-08-29 00:00:00+00:00,2016,0.0,0.0,0.0,459.3,12.0,3.0,0.25
player::seonghwan,team::afreecafreecs,SeongHwan,Afreeca Freecs,Afreeca Freecs,Afreeca Freecs,major,LCK,316.45,8,1.0,2016-05-30 00:00:00+00:00,2016-08-29 00:00:00+00:00,2016,0.0,0.0,0.0,316.45,8.0,1.0,0.125
player::kramer,team::afreecafreecs,Kramer,Afreeca Freecs,Afreeca Freecs,Afreeca Freecs,major,LCK,6336.099999999999,172,96.0,2017-01-19 00:00:00+00:00,2018-08-18 00:00:00+00:00,2017|2018,303.1666666666667,9.0,4.0,6639.266666666666,181.0,100.0,0.5581395348837209
player::kuro,team::afreecafreecs,Kuro,Afreeca Freecs,Afreeca Freecs,Afreeca Freecs,major,LCK,7868.849999999999,214,122.0,2017-01-19 00:00:00+00:00,2018-08-18 00:00:00+00:00,2017|2018,303.1666666666667,9.0,4.0,8172.016666666666,223.0,126.0,0.5700934579439252
player::marin,team::afreecafreecs,MaRin,Afreeca Freecs,Afreeca Freecs,Afreeca Freecs,major,LCK,3946.4166666666665,108,57.0,2017-01-19 00:00:00+00:00,2017-08-30 00:00:00+00:00,2017,0.0,0.0,0.0,3946.4166666666665,108.0,57.0,0.5277777777777778
player::spirit,team::afreecafreecs,Spirit,Afreeca Freecs,Afreeca Freecs,Afreeca Freecs,major,LCK,6865.366666666667,187,102.0,2017-01-19 00:00:00+00:00,2019-02-17 00:00:00+00:00,2017|2018|2019,246.96666666666667,7.0,3.0,7112.333333333333,194.0,105.0,0.5454545454545454
player::tusin,team::afreecafreecs,TusiN,Afreeca Freecs,Afreeca Freecs,Afreeca Freecs,major,LCK,7868.849999999999,214,122.0,2017-01-19 00:00:00+00:00,2018-08-18 00:00:00+00:00,2017|2018,303.1666666666667,9.0,4.0,8172.016666666666,223.0,126.0,0.5700934579439252
player::mowgli,team::afreecafreecs,Mowgli,Afreeca Freecs,Afreeca Freecs,Afreeca Freecs,major,LCK,1481.05,41,24.0,2017-02-02 00:00:00+00:00,2018-08-05 00:00:00+00:00,2017|2018,56.2,2.0,1.0,1537.25,43.0,25.0,0.5853658536585366
player::kiin,team::afreecafreecs,Kiin,Afreeca Freecs,Afreeca Freecs,Afreeca Freecs,major,LCK,7202.983333333334,202,107.0,2018-01-16 00:00:00+00:00,2019-09-03 00:00:00+00:00,2018|2019,303.1666666666667,9.0,4.0,7506.15,211.0,111.0,0.5297029702970297
player::aiming,team::afreecafreecs,Aiming,Afreeca Freecs,Afreeca Freecs,Afreeca Freecs,major,LCK,4306.466666666667,124,64.0,2018-01-23 00:00:00+00:00,2019-09-03 00:00:00+00:00,2018|2019,0.0,0.0,0.0,4306.466666666667,124.0,64.0,0.5161290322580645
player::dread-lee-jin-hyeok,team::afreecafreecs,Dread (Lee Jin-hyeok),Afreeca Freecs,Afreeca Freecs,Afreeca Freecs,major,LCK,3126.133333333333,91,42.0,2019-01-18 00:00:00+00:00,2019-09-03 00:00:00+00:00,2019,0.0,0.0,0.0,3126.133333333333,91.0,42.0,0.46153846153846156
player::jelly-son-ho-gyeong,team::afreecafreecs,Jelly (Son Ho-gyeong),Afreeca Freecs,Afreeca Freecs,Afreeca Freecs,major,LCK,791.6333333333333,23,7.0,2019-01-18 00:00:00+00:00,2019-03-30 00:00:00+00:00,2019,0.0,0.0,0.0,791.6333333333333,23.0,7.0,0.30434782608695654
player::ucal,team::afreecafreecs,Ucal,Afreeca Freecs,Afreeca Freecs,Afreeca Freecs,major,LCK,2538.7166666666667,75,34.0,2019-01-18 00:00:00+00:00,2019-09-03 00:00:00+00:00,2019,0.0,0.0,0.0,2538.7166666666667,75.0,34.0,0.4533333333333333
player::proud,team::afreecafreecs,Proud,Afreeca Freecs,Afreeca Freecs,Afreeca Freecs,major,LCK,242.4333333333333,7,2.0,2019-01-20 00:00:00+00:00,2019-01-26 00:00:00+00:00,2019,0.0,0.0,0.0,242.4333333333333,7.0,2.0,0.2857142857142857
player::senan,team::afreecafreecs,Senan,Afreeca Freecs,Afreeca Freecs,Afreeca Freecs,major,LCK,2098.733333333333,62,31.0,2019-02-24 00:00:00+00:00,2019-09-03 00:00:00+00:00,2019,0.0,0.0,0.0,2098.733333333333,62.0,31.0,0.5
player::ssol,team::afreecafreecs,SSol,Afreeca Freecs,Afreeca Freecs,Afreeca Freecs,major,LCK,331.43333333333334,9,2.0,2019-02-24 00:00:00+00:00,2019-03-07 00:00:00+00:00,2019,0.0,0.0,0.0,331.43333333333334,9.0,2.0,0.2222222222222222
player::ssun-kim-tae-yang,team::afreecafreecs,SSUN (Kim Tae-yang),Afreeca Freecs,Afreeca Freecs,Afreeca Freecs,major,LCK,546.6666666666666,15,6.0,2019-02-24 00:00:00+00:00,2019-03-30 00:00:00+00:00,2019,0.0,0.0,0.0,546.6666666666666,15.0,6.0,0.4
player::brook-lee-jang-hoon,team::afreecafreecs,Brook (Lee Jang-hoon),Afreeca Freecs,Afreeca Freecs,Afreeca Freecs,major,LCK,195.16666666666669,6,2.0,2019-03-02 00:00:00+00:00,2019-03-07 00:00:00+00:00,2019,0.0,0.0,0.0,195.16666666666669,6.0,2.0,0.3333333333333333
player::albis,team::ahq,Albis,AHQ,AHQ,AHQ,major,LMS,9269.583333333334,256,175.0,2015-01-08 00:00:00+00:00,2018-08-12 00:00:00+00:00,2015|2016|2017|2018,1086.65,30.0,12.0,10356.233333333334,286.0,187.0,0.68359375
player::an,team::ahq,An,AHQ,AHQ,AHQ,major,LMS,10247.833333333334,282,181.0,2015-01-08 00:00:00+00:00,2019-04-13 00:00:00+00:00,2015|2016|2017|2018|2019,1086.65,30.0,12.0,11334.483333333334,312.0,193.0,0.6418439716312057
player::greentea,team::ahq,GreenTea,AHQ,AHQ,AHQ,major,LMS,863.2833333333333,23,14.0,2015-01-08 00:00:00+00:00,2015-06-28 00:00:00+00:00,2015,0.0,0.0,0.0,863.2833333333333,23.0,14.0,0.6086956521739131
player::westdoor,team::ahq,Westdoor,AHQ,AHQ,AHQ,major,LMS,5831.916666666667,161,113.0,2015-01-08 00:00:00+00:00,2018-08-10 00:00:00+00:00,2015|2016|2017|2018,981.8166666666666,27.0,12.0,6813.733333333334,188.0,125.0,0.7018633540372671
player::ziv-chen-yi,team::ahq,Ziv (Chen Yi),AHQ,AHQ,AHQ,major,LMS,13074.533333333333,364,229.0,2015-01-08 00:00:00+00:00,2019-08-31 00:00:00+00:00,2015|2016|2017|2018|2019,1279.0,36.0,12.0,14353.533333333333,400.0,241.0,0.6291208791208791
player::mountain-xue-zhao-hong,team::ahq,Mountain (Xue Zhao-Hong),AHQ,AHQ,AHQ,major,LMS,7913.45,218,153.0,2015-02-08 00:00:00+00:00,2018-04-01 00:00:00+00:00,2015|2016|2017|2018,1086.65,30.0,12.0,9000.1,248.0,165.0,0.7018348623853211
player::chawy,team::ahq,Chawy,AHQ,AHQ,AHQ,major,LMS,2245.983333333333,63,49.0,2016-01-14 00:00:00+00:00,2017-08-25 00:00:00+00:00,2016|2017,104.83333333333331,3.0,0.0,2350.8166666666666,66.0,49.0,0.7777777777777778
player::rd,team::ahq,RD,AHQ,AHQ,AHQ,major,LMS,186.56666666666663,6,5.0,2016-01-29 00:00:00+00:00,2016-06-11 00:00:00+00:00,2016,0.0,0.0,0.0,186.56666666666663,6.0,5.0,0.8333333333333334
player::baybay,team::ahq,baybay,AHQ,AHQ,AHQ,major,LMS,367.4666666666667,10,9.0,2016-07-10 00:00:00+00:00,2016-07-29 00:00:00+00:00,2016,0.0,0.0,0.0,367.4666666666667,10.0,9.0,0.9
player::lbb,team::ahq,LBB,AHQ,AHQ,AHQ,major,LMS,434.8333333333333,11,4.0,2017-06-08 00:00:00+00:00,2018-02-09 00:00:00+00:00,2017|2018,0.0,0.0,0.0,434.8333333333333,11.0,4.0,0.36363636363636365
player::tuna,team::ahq,Tuna,AHQ,AHQ,AHQ,major,LMS,788.3,20,7.0,2018-01-21 00:00:00+00:00,2018-06-28 00:00:00+00:00,2018,0.0,0.0,0.0,788.3,20.0,7.0,0.35
player::wako,team::ahq,Wako,AHQ,AHQ,AHQ,major,LMS,4794.483333333334,134,64.0,2018-01-21 00:00:00+00:00,2019-08-31 00:00:00+00:00,2018|2019,192.35,6.0,0.0,4986.833333333334,140.0,64.0,0.47761194029850745
player::m1ssion,team::ahq,M1ssion,AHQ,AHQ,AHQ,major,LMS,144.01666666666668,4,2.0,2018-03-08 00:00:00+00:00,2018-03-15 00:00:00+00:00,2018,0.0,0.0,0.0,144.01666666666668,4.0,2.0,0.5
player::taizan,team::ahq,Taizan,AHQ,AHQ,AHQ,major,LMS,282.26666666666665,8,2.0,2018-07-01 00:00:00+00:00,2018-08-17 00:00:00+00:00,2018,0.0,0.0,0.0,282.26666666666665,8.0,2.0,0.25
player::nestea,team::ahq,Nestea,AHQ,AHQ,AHQ,major,LMS,571.6999999999999,16,5.0,2018-07-19 00:00:00+00:00,2018-08-12 00:00:00+00:00,2018,0.0,0.0,0.0,571.6999999999999,16.0,5.0,0.3125
player::kino,team::ahq,Kino,AHQ,AHQ,AHQ,major,LMS,623.3,18,6.0,2018-08-17 00:00:00+00:00,2019-02-23 00:00:00+00:00,2018|2019,0.0,0.0,0.0,623.3,18.0,6.0,0.3333333333333333
player::baby-kim-dong-woo,team::ahq,Baby (Kim Dong-woo),AHQ,AHQ,AHQ,major,LMS,172.65,5,0.0,2019-01-17 00:00:00+00:00,2019-02-21 00:00:00+00:00,2019,0.0,0.0,0.0,172.65,5.0,0.0,0.0
player::rainbow-kim-soo-gi,team::ahq,Rainbow (Kim Soo-gi),AHQ,AHQ,AHQ,major,LMS,1232.7333333333331,36,20.0,2019-01-17 00:00:00+00:00,2019-04-13 00:00:00+00:00,2019,162.85,5.0,0.0,1395.5833333333333,41.0,20.0,0.5555555555555556
player::alex-chen-yu-ming,team::ahq,Alex (Chen Yu-Ming),AHQ,AHQ,AHQ,major,LMS,2576.2,75,44.0,2019-01-25 00:00:00+00:00,2019-08-31 00:00:00+00:00,2019,192.35,6.0,0.0,2768.55,81.0,44.0,0.5866666666666667
player::ysera,team::ahq,Ysera,AHQ,AHQ,AHQ,major,LMS,2321.1833333333334,68,40.0,2019-03-01 00:00:00+00:00,2019-08-31 00:00:00+00:00,2019,192.35,6.0,0.0,2513.5333333333333,74.0,40.0,0.5882352941176471
player::apex-hsieh-chia-wei,team::ahq,Apex (Hsieh Chia-Wei),AHQ,AHQ,AHQ,major,LMS,1332.3166666666666,39,22.0,2019-06-13 00:00:00+00:00,2019-08-31 00:00:00+00:00,2019,29.5,1.0,0.0,1361.8166666666666,40.0,22.0,0.5641025641025641
player::husha,team::ahq,HuSha,AHQ,AHQ,AHQ,major,LMS,98.06666666666666,3,1.0,2019-08-04 00:00:00+00:00,2019-08-04 00:00:00+00:00,2019,0.0,0.0,0.0,98.06666666666666,3.0,1.0,0.3333333333333333
player::caipi,team::alf,Caipi,ALF,ALF,ALF,major,LMS,1708.35,55,19.0,2019-01-18 00:00:00+00:00,2019-08-03 00:00:00+00:00,2019,0.0,0.0,0.0,1708.35,55.0,19.0,0.34545454545454546
player::ddc,team::alf,DDC,ALF,ALF,ALF,major,LMS,87.83333333333331,3,1.0,2019-01-18 00:00:00+00:00,2019-01-18 00:00:00+00:00,2019,0.0,0.0,0.0,87.83333333333331,3.0,1.0,0.3333333333333333
player::gengar,team::alf,Gengar,ALF,ALF,ALF,major,LMS,64.49999999999999,2,1.0,2019-01-18 00:00:00+00:00,2019-01-18 00:00:00+00:00,2019,0.0,0.0,0.0,64.49999999999999,2.0,1.0,0.5
player::leaky,team::alf,Leaky,ALF,ALF,ALF,major,LMS,1827.05,59,19.0,2019-01-18 00:00:00+00:00,2019-08-03 00:00:00+00:00,2019,0.0,0.0,0.0,1827.05,59.0,19.0,0.3220338983050847
player::skull,team::alf,SkuLL,ALF,ALF,ALF,major,LMS,1804.1333333333328,58,19.0,2019-01-18 00:00:00+00:00,2019-08-03 00:00:00+00:00,2019,0.0,0.0,0.0,1804.1333333333328,58.0,19.0,0.3275862068965517
player::wsy,team::alf,WSY,ALF,ALF,ALF,major,LMS,1570.7166666666667,51,17.0,2019-01-18 00:00:00+00:00,2019-08-03 00:00:00+00:00,2019,0.0,0.0,0.0,1570.7166666666667,51.0,17.0,0.3333333333333333
player::xiaoemo,team::alf,Xiaoemo,ALF,ALF,ALF,major,LMS,1716.3,55,18.0,2019-01-25 00:00:00+00:00,2019-08-03 00:00:00+00:00,2019,0.0,0.0,0.0,1716.3,55.0,18.0,0.32727272727272727
player::kiwi,team::alf,Kiwi,ALF,ALF,ALF,major,LMS,130.91666666666666,4,1.0,2019-02-22 00:00:00+00:00,2019-03-15 00:00:00+00:00,2019,0.0,0.0,0.0,130.91666666666666,4.0,1.0,0.25
player::moonblack,team::alf,Moonblack,ALF,ALF,ALF,major,LMS,57.78333333333333,2,0.0,2019-06-14 00:00:00+00:00,2019-06-30 00:00:00+00:00,2019,0.0,0.0,0.0,57.78333333333333,2.0,0.0,0.0
player::gyu,team::alf,Gyu,ALF,ALF,ALF,major,LMS,83.83333333333333,3,0.0,2019-07-28 00:00:00+00:00,2019-08-03 00:00:00+00:00,2019,0.0,0.0,0.0,83.83333333333333,3.0,0.0,0.0
player::taizan,team::alf,Taizan,ALF,ALF,ALF,major,LMS,83.83333333333333,3,0.0,2019-07-28 00:00:00+00:00,2019-08-03 00:00:00+00:00,2019,0.0,0.0,0.0,83.83333333333333,3.0,0.0,0.0
player::ai,team::apexrgaming,Ai,ApeX R Gaming,ApeX R Gaming,ApeX R Gaming,wildcard,LJL,375.26666666666665,10,0.0,2015-05-23 00:00:00+00:00,2015-07-11 00:00:00+00:00,2015,0.0,0.0,0.0,375.26666666666665,10.0,0.0,0.0
player::ayask,team::apexrgaming,AyasK,ApeX R Gaming,ApeX R Gaming,ApeX R Gaming,wildcard,LJL,375.26666666666665,10,0.0,2015-05-23 00:00:00+00:00,2015-07-11 00:00:00+00:00,2015,0.0,0.0,0.0,375.26666666666665,10.0,0.0,0.0
player::h1ron,team::apexrgaming,H1RoN,ApeX R Gaming,ApeX R Gaming,ApeX R Gaming,wildcard,LJL,375.26666666666665,10,0.0,2015-05-23 00:00:00+00:00,2015-07-11 00:00:00+00:00,2015,0.0,0.0,0.0,375.26666666666665,10.0,0.0,0.0
player::lilly,team::apexrgaming,Lilly,ApeX R Gaming,ApeX R Gaming,ApeX R Gaming,wildcard,LJL,375.26666666666665,10,0.0,2015-05-23 00:00:00+00:00,2015-07-11 00:00:00+00:00,2015,0.0,0.0,0.0,375.26666666666665,10.0,0.0,0.0
player::utautai,team::apexrgaming,Utautai,ApeX R Gaming,ApeX R Gaming,ApeX R Gaming,wildcard,LJL,173.06666666666666,4,0.0,2015-05-23 00:00:00+00:00,2015-07-11 00:00:00+00:00,2015,0.0,0.0,0.0,173.06666666666666,4.0,0.0,0.0
player::ars,team::apexrgaming,Ars,ApeX R Gaming,ApeX R Gaming,ApeX R Gaming,wildcard,LJL,61.766666666666666,2,0.0,2015-06-06 00:00:00+00:00,2015-06-06 00:00:00+00:00,2015,0.0,0.0,0.0,61.766666666666666,2.0,0.0,0.0
player::henrietta,team::apexrgaming,Henrietta,ApeX R Gaming,ApeX R Gaming,ApeX R Gaming,wildcard,LJL,140.43333333333334,4,0.0,2015-06-13 00:00:00+00:00,2015-06-27 00:00:00+00:00,2015,0.0,0.0,0.0,140.43333333333334,4.0,0.0,0.0
player::angelas,team::ascension,Angelas,Ascension,Ascension,Ascension,major,LEC,80.93333333333332,2,0.0,2014-11-21 00:00:00+00:00,2014-11-21 00:00:00+00:00,2015,0.0,0.0,0.0,80.93333333333332,2.0,0.0,0.0
player::flezeth,team::ascension,Flezeth,Ascension,Ascension,Ascension,major,LEC,80.93333333333332,2,0.0,2014-11-21 00:00:00+00:00,2014-11-21 00:00:00+00:00,2015,0.0,0.0,0.0,80.93333333333332,2.0,0.0,0.0
player::ladooscuro,team::ascension,Ladooscuro,Ascension,Ascension,Ascension,major,LEC,80.93333333333332,2,0.0,2014-11-21 00:00:00+00:00,2014-11-21 00:00:00+00:00,2015,0.0,0.0,0.0,80.93333333333332,2.0,0.0,0.0
player::mister,team::ascension,Mister,Ascension,Ascension,Ascension,major,LEC,80.93333333333332,2,0.0,2014-11-21 00:00:00+00:00,2014-11-21 00:00:00+00:00,2015,0.0,0.0,0.0,80.93333333333332,2.0,0.0,0.0
player::zvene,team::ascension,Zvene,Ascension,Ascension,Ascension,major,LEC,80.93333333333332,2,0.0,2014-11-21 00:00:00+00:00,2014-11-21 00:00:00+00:00,2015,0.0,0.0,0.0,80.93333333333332,2.0,0.0,0.0
player::achie,team::assassinsniper,Achie,Assassin Sniper,Assassin Sniper,Assassin Sniper,major,LMS,1063.7166666666667,28,7.0,2015-05-20 00:00:00+00:00,2015-07-09 00:00:00+00:00,2015,0.0,0.0,0.0,1063.7166666666667,28.0,7.0,0.25
player::bebe-chang-bo-wei,team::assassinsniper,BeBe (Chang Bo-Wei),Assassin Sniper,Assassin Sniper,Assassin Sniper,major,LMS,1063.7166666666667,28,7.0,2015-05-20 00:00:00+00:00,2015-07-09 00:00:00+00:00,2015,0.0,0.0,0.0,1063.7166666666667,28.0,7.0,0.25
player::mihanna,team::assassinsniper,MiHanna,Assassin Sniper,Assassin Sniper,Assassin Sniper,major,LMS,166.53333333333333,4,1.0,2015-05-20 00:00:00+00:00,2015-07-09 00:00:00+00:00,2015,0.0,0.0,0.0,166.53333333333333,4.0,1.0,0.25
player::weiiii,team::assassinsniper,Weiiii,Assassin Sniper,Assassin Sniper,Assassin Sniper,major,LMS,1063.7166666666667,28,7.0,2015-05-20 00:00:00+00:00,2015-07-09 00:00:00+00:00,2015,0.0,0.0,0.0,1063.7166666666667,28.0,7.0,0.25
player::zonda,team::assassinsniper,Zonda,Assassin Sniper,Assassin Sniper,Assassin Sniper,major,LMS,984.2833333333332,26,7.0,2015-05-20 00:00:00+00:00,2015-07-05 00:00:00+00:00,2015,0.0,0.0,0.0,984.2833333333332,26.0,7.0,0.2692307692307692
player::stone,team::assassinsniper,Stone,Assassin Sniper,Assassin Sniper,Assassin Sniper,major,LMS,144.03333333333333,4,0.0,2015-05-27 00:00:00+00:00,2015-05-29 00:00:00+00:00,2015,0.0,0.0,0.0,144.03333333333333,4.0,0.0,0.0
player::maplesnow,team::assassinsniper,MapleSnow,Assassin Sniper,Assassin Sniper,Assassin Sniper,major,LMS,832.5833333333334,22,6.0,2015-06-04 00:00:00+00:00,2015-07-09 00:00:00+00:00,2015,0.0,0.0,0.0,832.5833333333334,22.0,6.0,0.2727272727272727
player::ciyansan,team::atlasesportsteam,Ciyansan,ATLAS eSports Team,ATLAS eSports Team,ATLAS eSports Team,wildcard,TCL,702.6833333333333,20,9.0,2015-01-24 00:00:00+00:00,2015-03-28 00:00:00+00:00,2015,0.0,0.0,0.0,702.6833333333333,20.0,9.0,0.45
player::dolce,team::atlasesportsteam,Dolce,ATLAS eSports Team,ATLAS eSports Team,ATLAS eSports Team,wildcard,TCL,781.1833333333333,22,9.0,2015-01-24 00:00:00+00:00,2015-05-17 00:00:00+00:00,2015,0.0,0.0,0.0,781.1833333333333,22.0,9.0,0.4090909090909091
player::jer0m,team::atlasesportsteam,Jer0m,ATLAS eSports Team,ATLAS eSports Team,ATLAS eSports Team,wildcard,TCL,1197.75,34,13.0,2015-01-24 00:00:00+00:00,2015-07-12 00:00:00+00:00,2015,0.0,0.0,0.0,1197.75,34.0,13.0,0.38235294117647056
player::lvsyan,team::atlasesportsteam,Lvsyan,ATLAS eSports Team,ATLAS eSports Team,ATLAS eSports Team,wildcard,TCL,702.6833333333333,20,9.0,2015-01-24 00:00:00+00:00,2015-03-28 00:00:00+00:00,2015,0.0,0.0,0.0,702.6833333333333,20.0,9.0,0.45
player::terap1st,team::atlasesportsteam,Terap1st,ATLAS eSports Team,ATLAS eSports Team,ATLAS eSports Team,wildcard,TCL,1197.75,34,13.0,2015-01-24 00:00:00+00:00,2015-07-12 00:00:00+00:00,2015,0.0,0.0,0.0,1197.75,34.0,13.0,0.38235294117647056
player::elysion,team::atlasesportsteam,Elysion,ATLAS eSports Team,ATLAS eSports Team,ATLAS eSports Team,wildcard,TCL,495.06666666666666,14,4.0,2015-05-16 00:00:00+00:00,2015-07-12 00:00:00+00:00,2015,0.0,0.0,0.0,495.06666666666666,14.0,4.0,0.2857142857142857
player::samux,team::atlasesportsteam,Samux,ATLAS eSports Team,ATLAS eSports Team,ATLAS eSports Team,wildcard,TCL,495.06666666666666,14,4.0,2015-05-16 00:00:00+00:00,2015-07-12 00:00:00+00:00,2015,0.0,0.0,0.0,495.06666666666666,14.0,4.0,0.2857142857142857
player::adaniel,team::atlasesportsteam,Adaniel,ATLAS eSports Team,ATLAS eSports Team,ATLAS eSports Team,wildcard,TCL,416.56666666666666,12,4.0,2015-05-23 00:00:00+00:00,2015-07-12 00:00:00+00:00,2015,0.0,0.0,0.0,416.56666666666666,12.0,4.0,0.3333333333333333
player::badgamelol,team::avantgaming,Badgamelol,Avant Gaming,Avant Garde,Avant Garde | Avant Gaming,wildcard,OPL,227.7333333333333,5,1.0,2015-02-09 00:00:00+00:00,2015-03-19 00:00:00+00:00,2015,0.0,0.0,0.0,227.7333333333333,5.0,1.0,0.2
player::chelby,team::avantgaming,Chelby,Avant Gaming,Avant Garde,Avant Garde | Avant Gaming,wildcard,OPL,3592.9333333333334,98,48.0,2015-02-09 00:00:00+00:00,2017-03-05 00:00:00+00:00,2015|2016|2017,0.0,0.0,0.0,3592.9333333333334,98.0,48.0,0.4897959183673469
player::junnie,team::avantgaming,Junnie,Avant Gaming,Avant Garde,Avant Garde | Avant Gaming,wildcard,OPL,474.15,12,4.0,2015-02-09 00:00:00+00:00,2015-03-26 00:00:00+00:00,2015,0.0,0.0,0.0,474.15,12.0,4.0,0.3333333333333333
player::kenste,team::avantgaming,Kenste,Avant Gaming,Avant Garde,Avant Garde | Avant Gaming,wildcard,OPL,992.2666666666668,26,12.0,2015-02-09 00:00:00+00:00,2015-07-20 00:00:00+00:00,2015,0.0,0.0,0.0,992.2666666666668,26.0,12.0,0.46153846153846156
player::maz,team::avantgaming,Maz,Avant Gaming,Avant Garde,Avant Garde | Avant Gaming,wildcard,OPL,474.15,12,4.0,2015-02-09 00:00:00+00:00,2015-03-26 00:00:00+00:00,2015,0.0,0.0,0.0,474.15,12.0,4.0,0.3333333333333333
player::porky-nikolo-tayag,team::avantgaming,porky (Nikolo Tayag),Avant Gaming,Avant Garde,Avant Garde | Avant Gaming,wildcard,OPL,910.6166666666668,24,11.0,2015-02-23 00:00:00+00:00,2015-07-20 00:00:00+00:00,2015,0.0,0.0,0.0,910.6166666666668,24.0,11.0,0.4583333333333333
player::jayke,team::avantgaming,Jayke,Avant Gaming,Avant Garde,Avant Garde | Avant Gaming,wildcard,OPL,2310.3999999999996,63,31.0,2015-03-19 00:00:00+00:00,2017-04-07 00:00:00+00:00,2015|2016|2017,0.0,0.0,0.0,2310.3999999999996,63.0,31.0,0.49206349206349204
player::destiny-mitchell-shaw,team::avantgaming,Destiny (Mitchell Shaw),Avant Gaming,Avant Garde,Avant Garde | Avant Gaming,wildcard,OPL,1500.3,41,19.0,2015-05-25 00:00:00+00:00,2016-03-22 00:00:00+00:00,2015|2016,0.0,0.0,0.0,1500.3,41.0,19.0,0.4634146341463415
player::warble,team::avantgaming,Warble,Avant Gaming,Avant Garde,Avant Garde | Avant Gaming,wildcard,OPL,608.8333333333333,16,8.0,2015-05-25 00:00:00+00:00,2015-07-20 00:00:00+00:00,2015,0.0,0.0,0.0,608.8333333333333,16.0,8.0,0.5
player::blindturkey,team::avantgaming,Blindturkey,Avant Gaming,Avant Garde,Avant Garde | Avant Gaming,wildcard,OPL,500.6833333333333,14,6.0,2016-01-20 00:00:00+00:00,2016-02-22 00:00:00+00:00,2016,0.0,0.0,0.0,500.6833333333333,14.0,6.0,0.42857142857142855
player::malaz,team::avantgaming,Malaz,Avant Gaming,Avant Garde,Avant Garde | Avant Gaming,wildcard,OPL,567.0166666666667,16,6.0,2016-01-20 00:00:00+00:00,2016-02-22 00:00:00+00:00,2016,0.0,0.0,0.0,567.0166666666667,16.0,6.0,0.375
player::wrekt,team::avantgaming,wrekt,Avant Gaming,Avant Garde,Avant Garde | Avant Gaming,wildcard,OPL,427.6333333333333,12,4.0,2016-01-20 00:00:00+00:00,2016-02-15 00:00:00+00:00,2016,0.0,0.0,0.0,427.6333333333333,12.0,4.0,0.3333333333333333
player::stark-jason-au,team::avantgaming,Stark (Jason Au),Avant Gaming,Avant Garde,Avant Garde | Avant Gaming,wildcard,OPL,568.9333333333333,16,8.0,2016-02-15 00:00:00+00:00,2016-03-22 00:00:00+00:00,2016,0.0,0.0,0.0,568.9333333333333,16.0,8.0,0.5
player::raintear,team::avantgaming,Raintear,Avant Gaming,Avant Garde,Avant Garde | Avant Gaming,wildcard,OPL,363.2166666666666,10,6.0,2016-02-29 00:00:00+00:00,2016-03-22 00:00:00+00:00,2016,0.0,0.0,0.0,363.2166666666666,10.0,6.0,0.6
player::triple,team::avantgaming,Triple,Avant Gaming,Avant Garde,Avant Garde | Avant Gaming,wildcard,OPL,2544.133333333333,70,36.0,2016-02-29 00:00:00+00:00,2017-04-07 00:00:00+00:00,2016|2017,0.0,0.0,0.0,2544.133333333333,70.0,36.0,0.5142857142857142
player::chenyboy,team::avantgaming,Chenyboy,Avant Gaming,Avant Garde,Avant Garde | Avant Gaming,wildcard,OPL,1189.0333333333333,31,16.0,2016-05-24 00:00:00+00:00,2016-08-01 00:00:00+00:00,2016,0.0,0.0,0.0,1189.0333333333333,31.0,16.0,0.5161290322580645
player::paradise,team::avantgaming,Paradise,Avant Gaming,Avant Garde,Avant Garde | Avant Gaming,wildcard,OPL,1032.15,27,14.0,2016-05-24 00:00:00+00:00,2016-08-01 00:00:00+00:00,2016,0.0,0.0,0.0,1032.15,27.0,14.0,0.5185185185185185
player::survivalone,team::avantgaming,Survivalone,Avant Gaming,Avant Garde,Avant Garde | Avant Gaming,wildcard,OPL,115.2,3,2.0,2016-06-14 00:00:00+00:00,2016-06-14 00:00:00+00:00,2016,0.0,0.0,0.0,115.2,3.0,2.0,0.6666666666666666
player::ddd,team::avantgaming,DDD,Avant Gaming,Avant Garde,Avant Garde | Avant Gaming,wildcard,OPL,94.11666666666666,3,0.0,2016-06-20 00:00:00+00:00,2016-06-28 00:00:00+00:00,2016,0.0,0.0,0.0,94.11666666666666,3.0,0.0,0.0
player::blinky,team::avantgaming,Blinky,Avant Gaming,Avant Garde,Avant Garde | Avant Gaming,wildcard,OPL,965.6666666666666,28,14.0,2017-01-22 00:00:00+00:00,2017-04-07 00:00:00+00:00,2017,0.0,0.0,0.0,965.6666666666666,28.0,14.0,0.5
player::ceres,team::avantgaming,Ceres,Avant Gaming,Avant Garde,Avant Garde | Avant Gaming,wildcard,OPL,965.6666666666666,28,14.0,2017-01-22 00:00:00+00:00,2017-04-07 00:00:00+00:00,2017,0.0,0.0,0.0,965.6666666666666,28.0,14.0,0.5
player::sybol,team::avantgaming,Sybol,Avant Gaming,Avant Garde,Avant Garde | Avant Gaming,wildcard,OPL,545.8333333333333,15,6.0,2017-03-12 00:00:00+00:00,2017-04-07 00:00:00+00:00,2017,0.0,0.0,0.0,545.8333333333333,15.0,6.0,0.4
player::blinky,team::avantgaming,Blinky,Avant Gaming,Avant Gaming,Avant Garde | Avant Gaming,wildcard,OPL,1963.3666666666663,58,29.0,2017-06-11 00:00:00+00:00,2018-03-23 00:00:00+00:00,2017|2018,0.0,0.0,0.0,1963.3666666666663,58.0,29.0,0.5
player::ceres,team::avantgaming,Ceres,Avant Gaming,Avant Gaming,Avant Garde | Avant Gaming,wildcard,OPL,983.7333333333332,30,15.0,2017-06-11 00:00:00+00:00,2017-08-25 00:00:00+00:00,2017,0.0,0.0,0.0,983.7333333333332,30.0,15.0,0.5
player::jayke,team::avantgaming,Jayke,Avant Gaming,Avant Gaming,Avant Garde | Avant Gaming,wildcard,OPL,2713.4166666666665,83,38.0,2017-06-11 00:00:00+00:00,2018-08-17 00:00:00+00:00,2017|2018,0.0,0.0,0.0,2713.4166666666665,83.0,38.0,0.4578313253012048
player::sybol,team::avantgaming,Sybol,Avant Gaming,Avant Gaming,Avant Garde | Avant Gaming,wildcard,OPL,1274.3,39,20.0,2017-06-11 00:00:00+00:00,2019-06-14 00:00:00+00:00,2017|2019,0.0,0.0,0.0,1274.3,39.0,20.0,0.5128205128205128
player::triple,team::avantgaming,Triple,Avant Gaming,Avant Gaming,Avant Garde | Avant Gaming,wildcard,OPL,983.7333333333332,30,15.0,2017-06-11 00:00:00+00:00,2017-08-25 00:00:00+00:00,2017,0.0,0.0,0.0,983.7333333333332,30.0,15.0,0.5
player::frae,team::avantgaming,Frae,Avant Gaming,Avant Gaming,Avant Garde | Avant Gaming,wildcard,OPL,1729.6833333333332,53,23.0,2018-01-20 00:00:00+00:00,2018-08-17 00:00:00+00:00,2018,0.0,0.0,0.0,1729.6833333333332,53.0,23.0,0.4339622641509434
player::only-jordan-middleton,team::avantgaming,Only (Jordan Middleton),Avant Gaming,Avant Gaming,Avant Garde | Avant Gaming,wildcard,OPL,979.6333333333332,28,14.0,2018-01-20 00:00:00+00:00,2018-03-23 00:00:00+00:00,2018,0.0,0.0,0.0,979.6333333333332,28.0,14.0,0.5
player::pabu,team::avantgaming,Pabu,Avant Gaming,Avant Gaming,Avant Garde | Avant Gaming,wildcard,OPL,1729.6833333333332,53,23.0,2018-01-20 00:00:00+00:00,2018-08-17 00:00:00+00:00,2018,0.0,0.0,0.0,1729.6833333333332,53.0,23.0,0.4339622641509434
player::darkside,team::avantgaming,DarkSide,Avant Gaming,Avant Gaming,Avant Garde | Avant Gaming,wildcard,OPL,750.05,25,9.0,2018-06-08 00:00:00+00:00,2018-08-17 00:00:00+00:00,2018,0.0,0.0,0.0,750.05,25.0,9.0,0.36
player::praelus,team::avantgaming,Praelus,Avant Gaming,Avant Gaming,Avant Garde | Avant Gaming,wildcard,OPL,750.05,25,9.0,2018-06-08 00:00:00+00:00,2018-08-17 00:00:00+00:00,2018,0.0,0.0,0.0,750.05,25.0,9.0,0.36
player::aladoric,team::avantgaming,Aladoric,Avant Gaming,Avant Gaming,Avant Garde | Avant Gaming,wildcard,OPL,1169.5833333333333,35,17.0,2019-01-18 00:00:00+00:00,2019-07-27 00:00:00+00:00,2019,0.0,0.0,0.0,1169.5833333333333,35.0,17.0,0.4857142857142857
player::chippys,team::avantgaming,Chippys,Avant Gaming,Avant Gaming,Avant Garde | Avant Gaming,wildcard,OPL,1502.0,45,20.0,2019-01-18 00:00:00+00:00,2019-08-17 00:00:00+00:00,2019,0.0,0.0,0.0,1502.0,45.0,20.0,0.4444444444444444
player::gunkrab,team::avantgaming,gunkrab,Avant Gaming,Avant Gaming,Avant Garde | Avant Gaming,wildcard,OPL,1405.35,42,18.0,2019-01-18 00:00:00+00:00,2019-08-17 00:00:00+00:00,2019,0.0,0.0,0.0,1405.35,42.0,18.0,0.42857142857142855
player::shok,team::avantgaming,Shok,Avant Gaming,Avant Gaming,Avant Garde | Avant Gaming,wildcard,OPL,1502.0,45,20.0,2019-01-18 00:00:00+00:00,2019-08-17 00:00:00+00:00,2019,0.0,0.0,0.0,1502.0,45.0,20.0,0.4444444444444444
player::swathe,team::avantgaming,Swathe,Avant Gaming,Avant Gaming,Avant Garde | Avant Gaming,wildcard,OPL,598.1333333333333,18,9.0,2019-01-25 00:00:00+00:00,2019-03-29 00:00:00+00:00,2019,0.0,0.0,0.0,598.1333333333333,18.0,9.0,0.5
player::isles,team::avantgaming,Isles,Avant Gaming,Avant Gaming,Avant Garde | Avant Gaming,wildcard,OPL,96.65,3,2.0,2019-06-07 00:00:00+00:00,2019-06-14 00:00:00+00:00,2019,0.0,0.0,0.0,96.65,3.0,2.0,0.6666666666666666
player::miru,team::avantgaming,Miru,Avant Gaming,Avant Gaming,Avant Garde | Avant Gaming,wildcard,OPL,709.9499999999999,21,8.0,2019-06-07 00:00:00+00:00,2019-08-17 00:00:00+00:00,2019,0.0,0.0,0.0,709.9499999999999,21.0,8.0,0.38095238095238093
player::dragku,team::avantgaming,Dragku,Avant Gaming,Avant Gaming,Avant Garde | Avant Gaming,wildcard,OPL,131.36666666666667,4,1.0,2019-08-02 00:00:00+00:00,2019-08-10 00:00:00+00:00,2019,0.0,0.0,0.0,131.36666666666667,4.0,1.0,0.25
player::chenxuan,team::avantgaming,Chenxuan,Avant Gaming,Avant Gaming,Avant Garde | Avant Gaming,wildcard,OPL,104.4,3,0.0,2019-08-16 00:00:00+00:00,2019-08-17 00:00:00+00:00,2019,0.0,0.0,0.0,104.4,3.0,0.0,0.0
player::gariaru,team::axz,Gariaru,AXZ,AXZ,AXZ,wildcard,LJL,1364.5,42,6.0,2019-01-19 00:00:00+00:00,2019-08-18 00:00:00+00:00,2019,0.0,0.0,0.0,1364.5,42.0,6.0,0.14285714285714285
player::isenn,team::axz,iSeNN,AXZ,AXZ,AXZ,wildcard,LJL,667.6166666666667,21,3.0,2019-01-19 00:00:00+00:00,2019-03-22 00:00:00+00:00,2019,0.0,0.0,0.0,667.6166666666667,21.0,3.0,0.14285714285714285
player::noa-shunya-honda,team::axz,NoA (Shunya Honda),AXZ,AXZ,AXZ,wildcard,LJL,157.96666666666667,5,0.0,2019-01-19 00:00:00+00:00,2019-03-21 00:00:00+00:00,2019,0.0,0.0,0.0,157.96666666666667,5.0,0.0,0.0
player::thinton,team::axz,ThintoN,AXZ,AXZ,AXZ,wildcard,LJL,667.6166666666667,21,3.0,2019-01-19 00:00:00+00:00,2019-03-22 00:00:00+00:00,2019,0.0,0.0,0.0,667.6166666666667,21.0,3.0,0.14285714285714285
player::uinyan,team::axz,uinyan,AXZ,AXZ,AXZ,wildcard,LJL,1364.5,42,6.0,2019-01-19 00:00:00+00:00,2019-08-18 00:00:00+00:00,2019,0.0,0.0,0.0,1364.5,42.0,6.0,0.14285714285714285
player::day1,team::axz,Day1,AXZ,AXZ,AXZ,wildcard,LJL,1206.5333333333333,37,6.0,2019-01-25 00:00:00+00:00,2019-08-18 00:00:00+00:00,2019,0.0,0.0,0.0,1206.5333333333333,37.0,6.0,0.16216216216216217
player::lago-lee-tae-woon,team::axz,Lago (Lee Tae-woon),AXZ,AXZ,AXZ,wildcard,LJL,696.8833333333333,21,3.0,2019-06-15 00:00:00+00:00,2019-08-18 00:00:00+00:00,2019,0.0,0.0,0.0,696.8833333333333,21.0,3.0,0.14285714285714285
player::smile-won-jong-ha,team::axz,Smile (Won Jong-ha),AXZ,AXZ,AXZ,wildcard,LJL,622.1166666666667,18,3.0,2019-06-15 00:00:00+00:00,2019-08-18 00:00:00+00:00,2019,0.0,0.0,0.0,622.1166666666667,18.0,3.0,0.16666666666666666
player::yunika,team::axz,Yunika,AXZ,AXZ,AXZ,wildcard,LJL,74.76666666666667,3,0.0,2019-07-28 00:00:00+00:00,2019-08-18 00:00:00+00:00,2019,0.0,0.0,0.0,74.76666666666667,3.0,0.0,0.0
player::bless-choi-hyeon-woong,team::bbq,Bless (Choi Hyeon-woong),bbq Olivers,ESC Ever,ESC Ever | bbq Olivers,major,LCK,1683.7166666666667,45,16.0,2016-05-25 00:00:00+00:00,2016-08-06 00:00:00+00:00,2016,0.0,0.0,0.0,1683.7166666666667,45.0,16.0,0.35555555555555557
player::crazy-kim-jae-hee,team::bbq,Crazy (Kim Jae-hee),bbq Olivers,ESC Ever,ESC Ever | bbq Olivers,major,LCK,1648.8,44,16.0,2016-05-25 00:00:00+00:00,2016-08-06 00:00:00+00:00,2016,0.0,0.0,0.0,1648.8,44.0,16.0,0.36363636363636365
player::key,team::bbq,Key,bbq Olivers,ESC Ever,ESC Ever | bbq Olivers,major,LCK,1229.8,33,12.0,2016-05-25 00:00:00+00:00,2016-08-06 00:00:00+00:00,2016,0.0,0.0,0.0,1229.8,33.0,12.0,0.36363636363636365
player::loken,team::bbq,LokeN,bbq Olivers,ESC Ever,ESC Ever | bbq Olivers,major,LCK,1683.7166666666667,45,16.0,2016-05-25 00:00:00+00:00,2016-08-06 00:00:00+00:00,2016,0.0,0.0,0.0,1683.7166666666667,45.0,16.0,0.35555555555555557
player::tempt,team::bbq,Tempt,bbq Olivers,ESC Ever,ESC Ever | bbq Olivers,major,LCK,1683.7166666666667,45,16.0,2016-05-25 00:00:00+00:00,2016-08-06 00:00:00+00:00,2016,0.0,0.0,0.0,1683.7166666666667,45.0,16.0,0.35555555555555557
player::totoro-eun-jong-seop,team::bbq,Totoro (Eun Jong-seop),bbq Olivers,ESC Ever,ESC Ever | bbq Olivers,major,LCK,453.9166666666666,12,4.0,2016-05-31 00:00:00+00:00,2016-08-02 00:00:00+00:00,2016,0.0,0.0,0.0,453.9166666666666,12.0,4.0,0.3333333333333333
player::firetrap,team::bbq,Firetrap,bbq Olivers,ESC Ever,ESC Ever | bbq Olivers,major,LCK,34.916666666666664,1,0.0,2016-07-16 00:00:00+00:00,2016-07-16 00:00:00+00:00,2016,0.0,0.0,0.0,34.916666666666664,1.0,0.0,0.0
player::bless-choi-hyeon-woong,team::bbq,Bless (Choi Hyeon-woong),bbq Olivers,bbq Olivers,ESC Ever | bbq Olivers,major,LCK,3176.0333333333333,89,29.0,2017-01-18 00:00:00+00:00,2017-08-06 00:00:00+00:00,2017,0.0,0.0,0.0,3176.0333333333333,89.0,29.0,0.3258426966292135
player::crazy-kim-jae-hee,team::bbq,Crazy (Kim Jae-hee),bbq Olivers,bbq Olivers,ESC Ever | bbq Olivers,major,LCK,6289.933333333333,173,54.0,2017-01-18 00:00:00+00:00,2018-08-08 00:00:00+00:00,2017|2018,0.0,0.0,0.0,6289.933333333333,173.0,54.0,0.31213872832369943
player::ghost-jang-yong-jun,team::bbq,Ghost (Jang Yong-jun),bbq Olivers,bbq Olivers,ESC Ever | bbq Olivers,major,LCK,6276.099999999999,172,55.0,2017-01-18 00:00:00+00:00,2018-08-08 00:00:00+00:00,2017|2018,0.0,0.0,0.0,6276.099999999999,172.0,55.0,0.31976744186046513
player::tempt,team::bbq,Tempt,bbq Olivers,bbq Olivers,ESC Ever | bbq Olivers,major,LCK,6409.5,176,55.0,2017-01-18 00:00:00+00:00,2018-08-08 00:00:00+00:00,2017|2018,0.0,0.0,0.0,6409.5,176.0,55.0,0.3125
player::totoro-eun-jong-seop,team::bbq,Totoro (Eun Jong-seop),bbq Olivers,bbq Olivers,ESC Ever | bbq Olivers,major,LCK,3176.0333333333333,89,29.0,2017-01-18 00:00:00+00:00,2017-08-06 00:00:00+00:00,2017,0.0,0.0,0.0,3176.0333333333333,89.0,29.0,0.3258426966292135
player::part,team::bbq,Part,bbq Olivers,bbq Olivers,ESC Ever | bbq Olivers,major,LCK,119.56666666666666,3,1.0,2017-04-02 00:00:00+00:00,2017-04-02 00:00:00+00:00,2017,0.0,0.0,0.0,119.56666666666666,3.0,1.0,0.3333333333333333
player::ignar,team::bbq,IgNar,bbq Olivers,bbq Olivers,ESC Ever | bbq Olivers,major,LCK,3233.4666666666667,87,26.0,2018-01-17 00:00:00+00:00,2018-08-08 00:00:00+00:00,2018,0.0,0.0,0.0,3233.4666666666667,87.0,26.0,0.2988505747126437
player::trick,team::bbq,Trick,bbq Olivers,bbq Olivers,ESC Ever | bbq Olivers,major,LCK,2652.583333333333,72,24.0,2018-01-17 00:00:00+00:00,2018-08-08 00:00:00+00:00,2018,0.0,0.0,0.0,2652.583333333333,72.0,24.0,0.3333333333333333
player::bono-kim-gi-beom,team::bbq,bonO (Kim Gi-beom),bbq Olivers,bbq Olivers,ESC Ever | bbq Olivers,major,LCK,580.8833333333333,15,2.0,2018-02-03 00:00:00+00:00,2018-07-14 00:00:00+00:00,2018,0.0,0.0,0.0,580.8833333333333,15.0,2.0,0.13333333333333333
player::aries-lee-chae-hwan,team::bbq,Aries (Lee Chae-hwan),bbq Olivers,bbq Olivers,ESC Ever | bbq Olivers,major,LCK,133.39999999999998,4,0.0,2018-06-12 00:00:00+00:00,2018-06-14 00:00:00+00:00,2018,0.0,0.0,0.0,133.39999999999998,4.0,0.0,0.0
player::auspex,team::besiktasesportsclub,Auspex,Beşiktaş e-Sports Club,Beşiktaş e-Sports Club,Beşiktaş e-Sports Club,wildcard,TCL,47.2,1,1.0,2015-01-24 00:00:00+00:00,2015-01-24 00:00:00+00:00,2015,0.0,0.0,0.0,47.2,1.0,1.0,1.0
player::dumbledoge,team::besiktasesportsclub,Dumbledoge,Beşiktaş e-Sports Club,Beşiktaş e-Sports Club,Beşiktaş e-Sports Club,wildcard,TCL,1605.5166666666669,43,34.0,2015-01-24 00:00:00+00:00,2015-08-08 00:00:00+00:00,2015,137.91666666666666,5.0,0.0,1743.4333333333334,48.0,34.0,0.7906976744186046
player::energy,team::besiktasesportsclub,Energy,Beşiktaş e-Sports Club,Beşiktaş e-Sports Club,Beşiktaş e-Sports Club,wildcard,TCL,942.8833333333332,26,25.0,2015-01-24 00:00:00+00:00,2015-06-06 00:00:00+00:00,2015,137.91666666666666,5.0,0.0,1080.8,31.0,25.0,0.9615384615384616
player::nardeus,team::besiktasesportsclub,Nardeus,Beşiktaş e-Sports Club,Beşiktaş e-Sports Club,Beşiktaş e-Sports Club,wildcard,TCL,1323.5666666666666,36,31.0,2015-01-24 00:00:00+00:00,2015-08-08 00:00:00+00:00,2015,137.91666666666666,5.0,0.0,1461.4833333333331,41.0,31.0,0.8611111111111112
player::thaldrin,team::besiktasesportsclub,Thaldrin,Beşiktaş e-Sports Club,Beşiktaş e-Sports Club,Beşiktaş e-Sports Club,wildcard,TCL,1605.5166666666669,43,34.0,2015-01-24 00:00:00+00:00,2015-08-08 00:00:00+00:00,2015,137.91666666666666,5.0,0.0,1743.4333333333334,48.0,34.0,0.7906976744186046
player::theokoles,team::besiktasesportsclub,Theokoles,Beşiktaş e-Sports Club,Beşiktaş e-Sports Club,Beşiktaş e-Sports Club,wildcard,TCL,965.3833333333332,27,24.0,2015-01-25 00:00:00+00:00,2015-06-06 00:00:00+00:00,2015,137.91666666666666,5.0,0.0,1103.3,32.0,24.0,0.8888888888888888
player::honos,team::besiktasesportsclub,Honos,Beşiktaş e-Sports Club,Beşiktaş e-Sports Club,Beşiktaş e-Sports Club,wildcard,TCL,281.95,7,3.0,2015-03-07 00:00:00+00:00,2015-08-01 00:00:00+00:00,2015,0.0,0.0,0.0,281.95,7.0,3.0,0.42857142857142855
player::tyresse,team::besiktasesportsclub,Tyresse,Beşiktaş e-Sports Club,Beşiktaş e-Sports Club,Beşiktaş e-Sports Club,wildcard,TCL,69.7,2,0.0,2015-03-07 00:00:00+00:00,2015-03-08 00:00:00+00:00,2015,0.0,0.0,0.0,69.7,2.0,0.0,0.0
player::avenuee,team::besiktasesportsclub,avenuee,Beşiktaş e-Sports Club,Beşiktaş e-Sports Club,Beşiktaş e-Sports Club,wildcard,TCL,592.9333333333333,15,9.0,2015-06-27 00:00:00+00:00,2015-08-08 00:00:00+00:00,2015,0.0,0.0,0.0,592.9333333333333,15.0,9.0,0.6
player::taikki,team::besiktasesportsclub,Taikki,Beşiktaş e-Sports Club,Beşiktaş e-Sports Club,Beşiktaş e-Sports Club,wildcard,TCL,592.9333333333333,15,9.0,2015-06-27 00:00:00+00:00,2015-08-08 00:00:00+00:00,2015,0.0,0.0,0.0,592.9333333333333,15.0,9.0,0.6
player::gilius,team::besiktasesportsclub,Gilius,Beşiktaş e-Sports Club,Beşiktaş e-Sports Club,Beşiktaş e-Sports Club,wildcard,TCL,181.7333333333333,6,3.0,2019-01-19 00:00:00+00:00,2019-02-03 00:00:00+00:00,2019,0.0,0.0,0.0,181.7333333333333,6.0,3.0,0.5
player::holyphoenix,team::besiktasesportsclub,HolyPhoenix,Beşiktaş e-Sports Club,Beşiktaş e-Sports Club,Beşiktaş e-Sports Club,wildcard,TCL,1478.75,43,21.0,2019-01-19 00:00:00+00:00,2019-08-17 00:00:00+00:00,2019,0.0,0.0,0.0,1478.75,43.0,21.0,0.4883720930232558
player::korpse,team::besiktasesportsclub,Korpse,Beşiktaş e-Sports Club,Beşiktaş e-Sports Club,Beşiktaş e-Sports Club,wildcard,TCL,181.7333333333333,6,3.0,2019-01-19 00:00:00+00:00,2019-02-03 00:00:00+00:00,2019,0.0,0.0,0.0,181.7333333333333,6.0,3.0,0.5
player::nagne,team::besiktasesportsclub,Nagne,Beşiktaş e-Sports Club,Beşiktaş e-Sports Club,Beşiktaş e-Sports Club,wildcard,TCL,568.8166666666666,16,7.0,2019-01-19 00:00:00+00:00,2019-03-10 00:00:00+00:00,2019,0.0,0.0,0.0,568.8166666666666,16.0,7.0,0.4375
player::panky-ugur-tas,team::besiktasesportsclub,Panky (Uğur Taş),Beşiktaş e-Sports Club,Beşiktaş e-Sports Club,Beşiktaş e-Sports Club,wildcard,TCL,568.8166666666666,16,7.0,2019-01-19 00:00:00+00:00,2019-03-10 00:00:00+00:00,2019,0.0,0.0,0.0,568.8166666666666,16.0,7.0,0.4375
player::farfetch,team::besiktasesportsclub,Farfetch,Beşiktaş e-Sports Club,Beşiktaş e-Sports Club,Beşiktaş e-Sports Club,wildcard,TCL,387.0833333333333,10,4.0,2019-02-09 00:00:00+00:00,2019-03-10 00:00:00+00:00,2019,0.0,0.0,0.0,387.0833333333333,10.0,4.0,0.4
player::seonghwan,team::besiktasesportsclub,SeongHwan,Beşiktaş e-Sports Club,Beşiktaş e-Sports Club,Beşiktaş e-Sports Club,wildcard,TCL,387.0833333333333,10,4.0,2019-02-09 00:00:00+00:00,2019-03-10 00:00:00+00:00,2019,0.0,0.0,0.0,387.0833333333333,10.0,4.0,0.4
player::kairos-gursu-komurcu,team::besiktasesportsclub,Kairos (Gürsu Kömürcü),Beşiktaş e-Sports Club,Beşiktaş e-Sports Club,Beşiktaş e-Sports Club,wildcard,TCL,99.15,3,1.0,2019-03-16 00:00:00+00:00,2019-03-18 00:00:00+00:00,2019,0.0,0.0,0.0,99.15,3.0,1.0,0.3333333333333333
player::kireas,team::besiktasesportsclub,Kireas,Beşiktaş e-Sports Club,Beşiktaş e-Sports Club,Beşiktaş e-Sports Club,wildcard,TCL,575.0,17,7.0,2019-03-16 00:00:00+00:00,2019-08-17 00:00:00+00:00,2019,0.0,0.0,0.0,575.0,17.0,7.0,0.4117647058823529
player::mayhem-suleyman-serkan-tekes,team::besiktasesportsclub,Mayhem (Süleyman Serkan Tekeş),Beşiktaş e-Sports Club,Beşiktaş e-Sports Club,Beşiktaş e-Sports Club,wildcard,TCL,813.8666666666667,24,13.0,2019-03-16 00:00:00+00:00,2019-08-17 00:00:00+00:00,2019,0.0,0.0,0.0,813.8666666666667,24.0,13.0,0.5416666666666666
player::umut,team::besiktasesportsclub,Umut,Beşiktaş e-Sports Club,Beşiktaş e-Sports Club,Beşiktaş e-Sports Club,wildcard,TCL,99.15,3,1.0,2019-03-16 00:00:00+00:00,2019-03-18 00:00:00+00:00,2019,0.0,0.0,0.0,99.15,3.0,1.0,0.3333333333333333
player::anthrax,team::besiktasesportsclub,Anthrax,Beşiktaş e-Sports Club,Beşiktaş e-Sports Club,Beşiktaş e-Sports Club,wildcard,TCL,810.7833333333333,24,13.0,2019-06-08 00:00:00+00:00,2019-08-17 00:00:00+00:00,2019,0.0,0.0,0.0,810.7833333333333,24.0,13.0,0.5416666666666666
player::koearn-kid,team::besiktasesportsclub,koearn kid,Beşiktaş e-Sports Club,Beşiktaş e-Sports Club,Beşiktaş e-Sports Club,wildcard,TCL,810.7833333333333,24,13.0,2019-06-08 00:00:00+00:00,2019-08-17 00:00:00+00:00,2019,0.0,0.0,0.0,810.7833333333333,24.0,13.0,0.5416666666666666
player::smoke,team::besiktasesportsclub,Smoke,Beşiktaş e-Sports Club,Beşiktaş e-Sports Club,Beşiktaş e-Sports Club,wildcard,TCL,96.06666666666666,3,1.0,2019-06-08 00:00:00+00:00,2019-06-15 00:00:00+00:00,2019,0.0,0.0,0.0,96.06666666666666,3.0,1.0,0.3333333333333333
player::robin,team::besiktasesportsclub,Robin,Beşiktaş e-Sports Club,Beşiktaş e-Sports Club,Beşiktaş e-Sports Club,wildcard,TCL,334.9333333333333,10,7.0,2019-06-16 00:00:00+00:00,2019-08-17 00:00:00+00:00,2019,0.0,0.0,0.0,334.9333333333333,10.0,7.0,0.7
player::aprox,team::besiktasoyunhizmetleri,âprox,Beşiktaş.Oyun Hizmetleri,Oyun Hizmetleri,Oyun Hizmetleri | Beşiktaş.Oyun Hizmetleri,wildcard,TCL,281.2,8,5.0,2015-05-16 00:00:00+00:00,2015-06-06 00:00:00+00:00,2015,0.0,0.0,0.0,281.2,8.0,5.0,0.625
player::astarte-gorkem-ozturk,team::besiktasoyunhizmetleri,Astarte (Görkem Öztürk),Beşiktaş.Oyun Hizmetleri,Oyun Hizmetleri,Oyun Hizmetleri | Beşiktaş.Oyun Hizmetleri,wildcard,TCL,511.48333333333335,14,7.0,2015-05-16 00:00:00+00:00,2015-07-12 00:00:00+00:00,2015,0.0,0.0,0.0,511.48333333333335,14.0,7.0,0.5
player::immortoru,team::besiktasoyunhizmetleri,Immortoru,Beşiktaş.Oyun Hizmetleri,Oyun Hizmetleri,Oyun Hizmetleri | Beşiktaş.Oyun Hizmetleri,wildcard,TCL,748.8666666666667,20,8.0,2015-05-16 00:00:00+00:00,2015-08-02 00:00:00+00:00,2015,0.0,0.0,0.0,748.8666666666667,20.0,8.0,0.4
player::rogu,team::besiktasoyunhizmetleri,Rogu,Beşiktaş.Oyun Hizmetleri,Oyun Hizmetleri,Oyun Hizmetleri | Beşiktaş.Oyun Hizmetleri,wildcard,TCL,748.8666666666667,20,8.0,2015-05-16 00:00:00+00:00,2015-08-02 00:00:00+00:00,2015,0.0,0.0,0.0,748.8666666666667,20.0,8.0,0.4
player::ruvelius,team::besiktasoyunhizmetleri,Ruvelius,Beşiktaş.Oyun Hizmetleri,Oyun Hizmetleri,Oyun Hizmetleri | Beşiktaş.Oyun Hizmetleri,wildcard,TCL,680.4333333333333,18,8.0,2015-05-16 00:00:00+00:00,2015-08-02 00:00:00+00:00,2015,0.0,0.0,0.0,680.4333333333333,18.0,8.0,0.4444444444444444
player::numlocked,team::besiktasoyunhizmetleri,numlocked,Beşiktaş.Oyun Hizmetleri,Oyun Hizmetleri,Oyun Hizmetleri | Beşiktaş.Oyun Hizmetleri,wildcard,TCL,467.6666666666666,12,3.0,2015-06-27 00:00:00+00:00,2015-08-02 00:00:00+00:00,2015,0.0,0.0,0.0,467.6666666666666,12.0,3.0,0.25
player::madness-gokhan-ucar,team::besiktasoyunhizmetleri,Madness (Gökhan Uçar),Beşiktaş.Oyun Hizmetleri,Oyun Hizmetleri,Oyun Hizmetleri | Beşiktaş.Oyun Hizmetleri,wildcard,TCL,68.43333333333334,2,0.0,2015-07-11 00:00:00+00:00,2015-07-12 00:00:00+00:00,2015,0.0,0.0,0.0,68.43333333333334,2.0,0.0,0.0
player::kanani,team::besiktasoyunhizmetleri,Kanani,Beşiktaş.Oyun Hizmetleri,Oyun Hizmetleri,Oyun Hizmetleri | Beşiktaş.Oyun Hizmetleri,wildcard,TCL,237.38333333333333,6,1.0,2015-07-25 00:00:00+00:00,2015-08-02 00:00:00+00:00,2015,0.0,0.0,0.0,237.38333333333333,6.0,1.0,0.16666666666666666
player::hibiki,team::besiktasoyunhizmetleri,hibiki,Beşiktaş.Oyun Hizmetleri,Beşiktaş.Oyun Hizmetleri,Oyun Hizmetleri | Beşiktaş.Oyun Hizmetleri,wildcard,TCL,1070.0666666666666,30,16.0,2016-01-16 00:00:00+00:00,2016-04-03 00:00:00+00:00,2016,0.0,0.0,0.0,1070.0666666666666,30.0,16.0,0.5333333333333333
player::immortoru,team::besiktasoyunhizmetleri,Immortoru,Beşiktaş.Oyun Hizmetleri,Beşiktaş.Oyun Hizmetleri,Oyun Hizmetleri | Beşiktaş.Oyun Hizmetleri,wildcard,TCL,2083.383333333333,58,24.0,2016-01-16 00:00:00+00:00,2016-07-18 00:00:00+00:00,2016,0.0,0.0,0.0,2083.383333333333,58.0,24.0,0.41379310344827586
player::rawbin-iv,team::besiktasoyunhizmetleri,Rawbin IV,Beşiktaş.Oyun Hizmetleri,Beşiktaş.Oyun Hizmetleri,Oyun Hizmetleri | Beşiktaş.Oyun Hizmetleri,wildcard,TCL,1346.0333333333333,38,19.0,2016-01-16 00:00:00+00:00,2016-06-20 00:00:00+00:00,2016,0.0,0.0,0.0,1346.0333333333333,38.0,19.0,0.5
player::ruvelius,team::besiktasoyunhizmetleri,Ruvelius,Beşiktaş.Oyun Hizmetleri,Beşiktaş.Oyun Hizmetleri,Oyun Hizmetleri | Beşiktaş.Oyun Hizmetleri,wildcard,TCL,1933.9833333333331,54,24.0,2016-01-16 00:00:00+00:00,2016-07-12 00:00:00+00:00,2016,0.0,0.0,0.0,1933.9833333333331,54.0,24.0,0.4444444444444444
player::xyraz,team::besiktasoyunhizmetleri,Xyraz,Beşiktaş.Oyun Hizmetleri,Beşiktaş.Oyun Hizmetleri,Oyun Hizmetleri | Beşiktaş.Oyun Hizmetleri,wildcard,TCL,1346.0333333333333,38,19.0,2016-01-16 00:00:00+00:00,2016-06-20 00:00:00+00:00,2016,0.0,0.0,0.0,1346.0333333333333,38.0,19.0,0.5
player::rogu,team::besiktasoyunhizmetleri,Rogu,Beşiktaş.Oyun Hizmetleri,Beşiktaş.Oyun Hizmetleri,Oyun Hizmetleri | Beşiktaş.Oyun Hizmetleri,wildcard,TCL,1013.3166666666666,28,8.0,2016-06-11 00:00:00+00:00,2016-07-18 00:00:00+00:00,2016,0.0,0.0,0.0,1013.3166666666666,28.0,8.0,0.2857142857142857
player::iscarface,team::besiktasoyunhizmetleri,iScarface,Beşiktaş.Oyun Hizmetleri,Beşiktaş.Oyun Hizmetleri,Oyun Hizmetleri | Beşiktaş.Oyun Hizmetleri,wildcard,TCL,737.35,20,5.0,2016-06-25 00:00:00+00:00,2016-07-18 00:00:00+00:00,2016,0.0,0.0,0.0,737.35,20.0,5.0,0.25
player::tracer,team::besiktasoyunhizmetleri,tracer,Beşiktaş.Oyun Hizmetleri,Beşiktaş.Oyun Hizmetleri,Oyun Hizmetleri | Beşiktaş.Oyun Hizmetleri,wildcard,TCL,297.7833333333333,8,3.0,2016-06-25 00:00:00+00:00,2016-07-04 00:00:00+00:00,2016,0.0,0.0,0.0,297.7833333333333,8.0,3.0,0.375
player::kadir,team::besiktasoyunhizmetleri,Kadir,Beşiktaş.Oyun Hizmetleri,Beşiktaş.Oyun Hizmetleri,Oyun Hizmetleri | Beşiktaş.Oyun Hizmetleri,wildcard,TCL,439.56666666666666,12,2.0,2016-07-09 00:00:00+00:00,2016-07-18 00:00:00+00:00,2016,0.0,0.0,0.0,439.56666666666666,12.0,2.0,0.16666666666666666
player::sedrion,team::besiktasoyunhizmetleri,Sedrion,Beşiktaş.Oyun Hizmetleri,Beşiktaş.Oyun Hizmetleri,Oyun Hizmetleri | Beşiktaş.Oyun Hizmetleri,wildcard,TCL,149.39999999999998,4,0.0,2016-07-17 00:00:00+00:00,2016-07-18 00:00:00+00:00,2016,0.0,0.0,0.0,149.39999999999998,4.0,0.0,0.0
player::bocajr,team::biggods,BocaJR,Big Gods,Big Gods,Big Gods,wildcard,CBLOL,88.05,3,1.0,2015-11-12 00:00:00+00:00,2015-11-12 00:00:00+00:00,2015,0.0,0.0,0.0,88.05,3.0,1.0,0.3333333333333333
player::fafnyr,team::biggods,Fafnyr,Big Gods,Big Gods,Big Gods,wildcard,CBLOL,88.05,3,1.0,2015-11-12 00:00:00+00:00,2015-11-12 00:00:00+00:00,2015,0.0,0.0,0.0,88.05,3.0,1.0,0.3333333333333333
player::luskka,team::biggods,Luskka,Big Gods,Big Gods,Big Gods,wildcard,CBLOL,786.4,19,6.0,2015-11-12 00:00:00+00:00,2016-06-24 00:00:00+00:00,2015|2016,0.0,0.0,0.0,786.4,19.0,6.0,0.3157894736842105
player::ranger,team::biggods,Ranger,Big Gods,Big Gods,Big Gods,wildcard,CBLOL,786.4,19,6.0,2015-11-12 00:00:00+00:00,2016-06-24 00:00:00+00:00,2015|2016,0.0,0.0,0.0,786.4,19.0,6.0,0.3157894736842105
player::snowlz,team::biggods,Snowlz,Big Gods,Big Gods,Big Gods,wildcard,CBLOL,88.05,3,1.0,2015-11-12 00:00:00+00:00,2015-11-12 00:00:00+00:00,2015,0.0,0.0,0.0,88.05,3.0,1.0,0.3333333333333333
player::rakin,team::biggods,Rakin,Big Gods,Big Gods,Big Gods,wildcard,CBLOL,698.35,16,5.0,2016-05-20 00:00:00+00:00,2016-06-24 00:00:00+00:00,2016,0.0,0.0,0.0,698.35,16.0,5.0,0.3125
player::redbert,team::biggods,RedBert,Big Gods,Big Gods,Big Gods,wildcard,CBLOL,698.35,16,5.0,2016-05-20 00:00:00+00:00,2016-06-24 00:00:00+00:00,2016,0.0,0.0,0.0,698.35,16.0,5.0,0.3125
player::tierwulf,team::biggods,Tierwulf,Big Gods,Big Gods,Big Gods,wildcard,CBLOL,698.35,16,5.0,2016-05-20 00:00:00+00:00,2016-06-24 00:00:00+00:00,2016,0.0,0.0,0.0,698.35,16.0,5.0,0.3125
player::amazingj,team::blg,AmazingJ,BLG,BLG,BLG,major,LPL,3328.3,98,47.0,2018-01-16 00:00:00+00:00,2018-08-26 00:00:00+00:00,2018,0.0,0.0,0.0,3328.3,98.0,47.0,0.47959183673469385
player::athena,team::blg,Athena,BLG,BLG,BLG,major,LPL,1479.2833333333333,42,19.0,2018-01-16 00:00:00+00:00,2018-08-25 00:00:00+00:00,2018,0.0,0.0,0.0,1479.2833333333333,42.0,19.0,0.4523809523809524
player::jinjiao,team::blg,Jinjiao,BLG,BLG,BLG,major,LPL,6169.816666666667,182,94.0,2018-01-16 00:00:00+00:00,2019-09-04 00:00:00+00:00,2018|2019,0.0,0.0,0.0,6169.816666666667,182.0,94.0,0.5164835164835165
player::road-yun-han-gil,team::blg,Road (Yun Han-gil),BLG,BLG,BLG,major,LPL,3328.3,98,47.0,2018-01-16 00:00:00+00:00,2018-08-26 00:00:00+00:00,2018,0.0,0.0,0.0,3328.3,98.0,47.0,0.47959183673469385
player::sks,team::blg,Sks,BLG,BLG,BLG,major,LPL,1086.2,31,16.0,2018-01-16 00:00:00+00:00,2018-03-24 00:00:00+00:00,2018,0.0,0.0,0.0,1086.2,31.0,16.0,0.5161290322580645
player::chieftain,team::blg,Chieftain,BLG,BLG,BLG,major,LPL,1795.3833333333332,54,28.0,2018-03-13 00:00:00+00:00,2018-08-26 00:00:00+00:00,2018,0.0,0.0,0.0,1795.3833333333332,54.0,28.0,0.5185185185185185
player::mole,team::blg,Mole,BLG,BLG,BLG,major,LPL,1849.0166666666669,56,28.0,2018-03-13 00:00:00+00:00,2018-08-26 00:00:00+00:00,2018,0.0,0.0,0.0,1849.0166666666669,56.0,28.0,0.5
player::m1anhua,team::blg,M1anhua,BLG,BLG,BLG,major,LPL,446.7166666666666,13,3.0,2018-06-11 00:00:00+00:00,2018-08-25 00:00:00+00:00,2018,0.0,0.0,0.0,446.7166666666666,13.0,3.0,0.23076923076923078
player::add,team::blg,ADD,BLG,BLG,BLG,major,LPL,2841.5166666666664,84,47.0,2019-01-15 00:00:00+00:00,2019-09-04 00:00:00+00:00,2019,0.0,0.0,0.0,2841.5166666666664,84.0,47.0,0.5595238095238095
player::kuro,team::blg,Kuro,BLG,BLG,BLG,major,LPL,2841.5166666666664,84,47.0,2019-01-15 00:00:00+00:00,2019-09-04 00:00:00+00:00,2019,0.0,0.0,0.0,2841.5166666666664,84.0,47.0,0.5595238095238095
player::meteor,team::blg,Meteor,BLG,BLG,BLG,major,LPL,2841.5166666666664,84,47.0,2019-01-15 00:00:00+00:00,2019-09-04 00:00:00+00:00,2019,0.0,0.0,0.0,2841.5166666666664,84.0,47.0,0.5595238095238095
player::mni,team::blg,Mni,BLG,BLG,BLG,major,LPL,1123.7,32,18.0,2019-01-15 00:00:00+00:00,2019-03-30 00:00:00+00:00,2019,0.0,0.0,0.0,1123.7,32.0,18.0,0.5625
player::kine,team::blg,Kine,BLG,BLG,BLG,major,LPL,173.46666666666667,5,2.0,2019-02-17 00:00:00+00:00,2019-02-18 00:00:00+00:00,2019,0.0,0.0,0.0,173.46666666666667,5.0,2.0,0.4
player::xinmo,team::blg,XinMo,BLG,BLG,BLG,major,LPL,1544.35,47,27.0,2019-06-05 00:00:00+00:00,2019-09-04 00:00:00+00:00,2019,0.0,0.0,0.0,1544.35,47.0,27.0,0.574468085106383
player::artaphernes,team::bmr,Artaphernes,BMR,BMR,BMR,wildcard,OPL,58.48333333333333,2,0.0,2018-01-20 00:00:00+00:00,2018-01-20 00:00:00+00:00,2018,0.0,0.0,0.0,58.48333333333333,2.0,0.0,0.0
player::chuchuz,team::bmr,ChuChuZ,BMR,BMR,BMR,wildcard,OPL,127.45,4,0.0,2018-01-20 00:00:00+00:00,2018-01-26 00:00:00+00:00,2018,0.0,0.0,0.0,127.45,4.0,0.0,0.0
player::rosey,team::bmr,Rosey,BMR,BMR,BMR,wildcard,OPL,1678.4833333333331,50,15.0,2018-01-20 00:00:00+00:00,2018-08-24 00:00:00+00:00,2018,0.0,0.0,0.0,1678.4833333333331,50.0,15.0,0.3
player::seb-sebastian-de-ceglie,team::bmr,Seb (Sebastian de Ceglie),BMR,BMR,BMR,wildcard,OPL,1678.4833333333331,50,15.0,2018-01-20 00:00:00+00:00,2018-08-24 00:00:00+00:00,2018,0.0,0.0,0.0,1678.4833333333331,50.0,15.0,0.3
player::tiger-alan-roger,team::bmr,Tiger (Alan Roger),BMR,BMR,BMR,wildcard,OPL,1678.4833333333331,50,15.0,2018-01-20 00:00:00+00:00,2018-08-24 00:00:00+00:00,2018,0.0,0.0,0.0,1678.4833333333331,50.0,15.0,0.3
player::bushybooboo,team::bmr,Bushybooboo,BMR,BMR,BMR,wildcard,OPL,68.96666666666665,2,0.0,2018-01-26 00:00:00+00:00,2018-01-26 00:00:00+00:00,2018,0.0,0.0,0.0,68.96666666666665,2.0,0.0,0.0
player::looch,team::bmr,Looch,BMR,BMR,BMR,wildcard,OPL,2383.866666666667,71,30.0,2018-02-03 00:00:00+00:00,2019-08-23 00:00:00+00:00,2018|2019,0.0,0.0,0.0,2383.866666666667,71.0,30.0,0.4225352112676056
player::sleeping,team::bmr,Sleeping,BMR,BMR,BMR,wildcard,OPL,1551.0333333333333,46,15.0,2018-02-03 00:00:00+00:00,2018-08-24 00:00:00+00:00,2018,0.0,0.0,0.0,1551.0333333333333,46.0,15.0,0.32608695652173914
player::balkhan,team::bmr,BalKhan,BMR,BMR,BMR,wildcard,OPL,721.6,24,22.0,2019-01-18 00:00:00+00:00,2019-04-06 00:00:00+00:00,2019,184.71666666666667,6.0,2.0,906.3166666666668,30.0,24.0,0.9166666666666666
player::fbi,team::bmr,FBI,BMR,BMR,BMR,wildcard,OPL,721.6,24,22.0,2019-01-18 00:00:00+00:00,2019-04-06 00:00:00+00:00,2019,184.71666666666667,6.0,2.0,906.3166666666668,30.0,24.0,0.9166666666666666
player::mimic-min-ju-seong,team::bmr,Mimic (Min Ju-seong),BMR,BMR,BMR,wildcard,OPL,1554.4333333333334,49,37.0,2019-01-18 00:00:00+00:00,2019-08-23 00:00:00+00:00,2019,184.71666666666667,6.0,2.0,1739.15,55.0,39.0,0.7551020408163265
player::rogue-jake-sharwood,team::bmr,Rogue (Jake Sharwood),BMR,BMR,BMR,wildcard,OPL,1554.4333333333334,49,37.0,2019-01-18 00:00:00+00:00,2019-08-23 00:00:00+00:00,2019,184.71666666666667,6.0,2.0,1739.15,55.0,39.0,0.7551020408163265
player::ry0ma,team::bmr,ry0ma,BMR,BMR,BMR,wildcard,OPL,1554.4333333333334,49,37.0,2019-01-18 00:00:00+00:00,2019-08-23 00:00:00+00:00,2019,184.71666666666667,6.0,2.0,1739.15,55.0,39.0,0.7551020408163265
player::wilder,team::bmr,Wilder,BMR,BMR,BMR,wildcard,OPL,832.8333333333334,25,15.0,2019-06-07 00:00:00+00:00,2019-08-23 00:00:00+00:00,2019,0.0,0.0,0.0,832.8333333333334,25.0,15.0,0.6
player::crimson-mert-kocak,team::bpi,Crimson (Mert Koçak),BPI,BPI,BPI,wildcard,TCL,217.21666666666667,6,1.0,2015-01-24 00:00:00+00:00,2015-02-08 00:00:00+00:00,2015,0.0,0.0,0.0,217.21666666666667,6.0,1.0,0.16666666666666666
player::leyl-u-nehar,team::bpi,LEYL Ü NEHAR,BPI,BPI,BPI,wildcard,TCL,160.18333333333334,4,1.0,2015-01-24 00:00:00+00:00,2015-02-01 00:00:00+00:00,2015,0.0,0.0,0.0,160.18333333333334,4.0,1.0,0.25
player::masterwork,team::bpi,masterwork,BPI,BPI,BPI,wildcard,TCL,307.51666666666665,8,1.0,2015-01-24 00:00:00+00:00,2015-02-15 00:00:00+00:00,2015,0.0,0.0,0.0,307.51666666666665,8.0,1.0,0.125
player::nases,team::bpi,Nases,BPI,BPI,BPI,wildcard,TCL,80.7,2,0.0,2015-01-24 00:00:00+00:00,2015-01-25 00:00:00+00:00,2015,0.0,0.0,0.0,80.7,2.0,0.0,0.0
player::ritix,team::bpi,Ritix,BPI,BPI,BPI,wildcard,TCL,515.5833333333333,14,4.0,2015-01-24 00:00:00+00:00,2015-03-08 00:00:00+00:00,2015,0.0,0.0,0.0,515.5833333333333,14.0,4.0,0.2857142857142857
player::nasesuyno,team::bpi,NasesUyno,BPI,BPI,BPI,wildcard,TCL,136.51666666666665,4,1.0,2015-01-31 00:00:00+00:00,2015-02-08 00:00:00+00:00,2015,0.0,0.0,0.0,136.51666666666665,4.0,1.0,0.25
player::adaniel,team::bpi,Adaniel,BPI,BPI,BPI,wildcard,TCL,355.4,10,3.0,2015-02-07 00:00:00+00:00,2015-03-08 00:00:00+00:00,2015,0.0,0.0,0.0,355.4,10.0,3.0,0.3
player::marshall,team::bpi,Marshall,BPI,BPI,BPI,wildcard,TCL,298.3666666666667,8,3.0,2015-02-14 00:00:00+00:00,2015-03-08 00:00:00+00:00,2015,0.0,0.0,0.0,298.3666666666667,8.0,3.0,0.375
player::tucake,team::bpi,Tucake,BPI,BPI,BPI,wildcard,TCL,90.3,2,0.0,2015-02-14 00:00:00+00:00,2015-02-15 00:00:00+00:00,2015,0.0,0.0,0.0,90.3,2.0,0.0,0.0
player::baxauer,team::bpi,Baxauer,BPI,BPI,BPI,wildcard,TCL,62.58333333333333,2,1.0,2015-02-21 00:00:00+00:00,2015-02-22 00:00:00+00:00,2015,0.0,0.0,0.0,62.58333333333333,2.0,1.0,0.5
player::scatz,team::bpi,Scatz,BPI,BPI,BPI,wildcard,TCL,208.06666666666663,6,3.0,2015-02-21 00:00:00+00:00,2015-03-08 00:00:00+00:00,2015,0.0,0.0,0.0,208.06666666666663,6.0,3.0,0.5
player::blizer300,team::bpi,Blizer300,BPI,BPI,BPI,wildcard,TCL,145.48333333333332,4,2.0,2015-02-28 00:00:00+00:00,2015-03-08 00:00:00+00:00,2015,0.0,0.0,0.0,145.48333333333332,4.0,2.0,0.5
player::astarore,team::burningcore,Astarore,Burning Core,Burning Core,Burning Core,wildcard,LJL,396.55,12,1.0,2017-06-02 00:00:00+00:00,2017-08-12 00:00:00+00:00,2017,0.0,0.0,0.0,396.55,12.0,1.0,0.08333333333333333
player::hollis,team::burningcore,Hollis,Burning Core,Burning Core,Burning Core,wildcard,LJL,842.6166666666667,23,3.0,2017-06-02 00:00:00+00:00,2017-08-12 00:00:00+00:00,2017,0.0,0.0,0.0,842.6166666666667,23.0,3.0,0.13043478260869565
player::legato,team::burningcore,Legato,Burning Core,Burning Core,Burning Core,wildcard,LJL,842.6166666666667,23,3.0,2017-06-02 00:00:00+00:00,2017-08-12 00:00:00+00:00,2017,0.0,0.0,0.0,842.6166666666667,23.0,3.0,0.13043478260869565
player::mayz,team::burningcore,MayZ,Burning Core,Burning Core,Burning Core,wildcard,LJL,461.05,13,3.0,2017-06-02 00:00:00+00:00,2017-06-30 00:00:00+00:00,2017,0.0,0.0,0.0,461.05,13.0,3.0,0.23076923076923078
player::zerost,team::burningcore,Zerost,Burning Core,Burning Core,Burning Core,wildcard,LJL,842.6166666666667,23,3.0,2017-06-02 00:00:00+00:00,2017-08-12 00:00:00+00:00,2017,0.0,0.0,0.0,842.6166666666667,23.0,3.0,0.13043478260869565
player::akasi,team::burningcore,Akasi,Burning Core,Burning Core,Burning Core,wildcard,LJL,446.06666666666666,11,2.0,2017-06-17 00:00:00+00:00,2017-07-22 00:00:00+00:00,2017,0.0,0.0,0.0,446.06666666666666,11.0,2.0,0.18181818181818182
player::ami,team::burningcore,Ami,Burning Core,Burning Core,Burning Core,wildcard,LJL,381.56666666666666,10,0.0,2017-07-15 00:00:00+00:00,2017-08-12 00:00:00+00:00,2017,0.0,0.0,0.0,381.56666666666666,10.0,0.0,0.0
player::haretti,team::burningcore,Haretti,Burning Core,Burning Core,Burning Core,wildcard,LJL,947.2666666666668,27,11.0,2018-06-21 00:00:00+00:00,2018-08-11 00:00:00+00:00,2018,0.0,0.0,0.0,947.2666666666668,27.0,11.0,0.4074074074074074
player::mocha-kim-tae-gyeom,team::burningcore,Mocha (Kim Tae-gyeom),Burning Core,Burning Core,Burning Core,wildcard,LJL,1662.1833333333334,48,20.0,2018-06-21 00:00:00+00:00,2019-03-22 00:00:00+00:00,2018|2019,0.0,0.0,0.0,1662.1833333333334,48.0,20.0,0.4166666666666667
player::reiya,team::burningcore,Reiya,Burning Core,Burning Core,Burning Core,wildcard,LJL,947.2666666666668,27,11.0,2018-06-21 00:00:00+00:00,2018-08-11 00:00:00+00:00,2018,0.0,0.0,0.0,947.2666666666668,27.0,11.0,0.4074074074074074
player::roki,team::burningcore,Roki,Burning Core,Burning Core,Burning Core,wildcard,LJL,2364.9666666666667,69,31.0,2018-06-21 00:00:00+00:00,2019-08-18 00:00:00+00:00,2018|2019,0.0,0.0,0.0,2364.9666666666667,69.0,31.0,0.4492753623188406
player::wilder,team::burningcore,Wilder,Burning Core,Burning Core,Burning Core,wildcard,LJL,947.2666666666668,27,11.0,2018-06-21 00:00:00+00:00,2018-08-11 00:00:00+00:00,2018,0.0,0.0,0.0,947.2666666666668,27.0,11.0,0.4074074074074074
player::cogcog,team::burningcore,cogcog,Burning Core,Burning Core,Burning Core,wildcard,LJL,635.7166666666667,19,8.0,2019-01-19 00:00:00+00:00,2019-03-22 00:00:00+00:00,2019,0.0,0.0,0.0,635.7166666666667,19.0,8.0,0.42105263157894735
player::once,team::burningcore,Once,Burning Core,Burning Core,Burning Core,wildcard,LJL,1417.7,42,20.0,2019-01-19 00:00:00+00:00,2019-08-18 00:00:00+00:00,2019,0.0,0.0,0.0,1417.7,42.0,20.0,0.47619047619047616
player::yutorimoyasi,team::burningcore,YutoriMoyasi,Burning Core,Burning Core,Burning Core,wildcard,LJL,635.7166666666667,19,8.0,2019-01-19 00:00:00+00:00,2019-03-22 00:00:00+00:00,2019,0.0,0.0,0.0,635.7166666666667,19.0,8.0,0.42105263157894735
player::broooock,team::burningcore,Broooock,Burning Core,Burning Core,Burning Core,wildcard,LJL,79.2,2,1.0,2019-02-01 00:00:00+00:00,2019-02-02 00:00:00+00:00,2019,0.0,0.0,0.0,79.2,2.0,1.0,0.5
player::yuhi,team::burningcore,Yuhi,Burning Core,Burning Core,Burning Core,wildcard,LJL,781.9833333333333,23,12.0,2019-02-01 00:00:00+00:00,2019-08-18 00:00:00+00:00,2019,0.0,0.0,0.0,781.9833333333333,23.0,12.0,0.5217391304347826
player::medic-kim-ji-ho,team::burningcore,Medic (Kim Ji-ho),Burning Core,Burning Core,Burning Core,wildcard,LJL,702.7833333333333,21,11.0,2019-06-15 00:00:00+00:00,2019-08-18 00:00:00+00:00,2019,0.0,0.0,0.0,702.7833333333333,21.0,11.0,0.5238095238095238
player::rayfarky,team::burningcore,RayFarky,Burning Core,Burning Core,Burning Core,wildcard,LJL,702.7833333333333,21,11.0,2019-06-15 00:00:00+00:00,2019-08-18 00:00:00+00:00,2019,0.0,0.0,0.0,702.7833333333333,21.0,11.0,0.5238095238095238
player::hades-volkan-dincer,team::bursasporesports,Hades (Volkan Dinçer),Bursaspor Esports,Bursaspor Esports,Bursaspor Esports,wildcard,TCL,980.8833333333332,31,12.0,2018-06-16 00:00:00+00:00,2018-08-26 00:00:00+00:00,2018,0.0,0.0,0.0,980.8833333333332,31.0,12.0,0.3870967741935484
player::milica,team::bursasporesports,Milica,Bursaspor Esports,Bursaspor Esports,Bursaspor Esports,wildcard,TCL,1011.0333333333332,32,12.0,2018-06-16 00:00:00+00:00,2018-08-26 00:00:00+00:00,2018,0.0,0.0,0.0,1011.0333333333332,32.0,12.0,0.375
player::ragner,team::bursasporesports,Ragner,Bursaspor Esports,Bursaspor Esports,Bursaspor Esports,wildcard,TCL,1011.0333333333332,32,12.0,2018-06-16 00:00:00+00:00,2018-08-26 00:00:00+00:00,2018,0.0,0.0,0.0,1011.0333333333332,32.0,12.0,0.375
player::stefan,team::bursasporesports,Stefan,Bursaspor Esports,Bursaspor Esports,Bursaspor Esports,wildcard,TCL,1011.0333333333332,32,12.0,2018-06-16 00:00:00+00:00,2018-08-26 00:00:00+00:00,2018,0.0,0.0,0.0,1011.0333333333332,32.0,12.0,0.375
player::tolerant,team::bursasporesports,Tolerant,Bursaspor Esports,Bursaspor Esports,Bursaspor Esports,wildcard,TCL,946.7666666666668,30,11.0,2018-06-16 00:00:00+00:00,2018-08-26 00:00:00+00:00,2018,0.0,0.0,0.0,946.7666666666668,30.0,11.0,0.36666666666666664
player::pilter,team::bursasporesports,Pilter,Bursaspor Esports,Bursaspor Esports,Bursaspor Esports,wildcard,TCL,629.5166666666667,20,2.0,2018-08-20 00:00:00+00:00,2019-03-17 00:00:00+00:00,2018|2019,0.0,0.0,0.0,629.5166666666667,20.0,2.0,0.1
player::auspex,team::bursasporesports,Auspex,Bursaspor Esports,Bursaspor Esports,Bursaspor Esports,wildcard,TCL,266.18333333333334,8,0.0,2019-01-19 00:00:00+00:00,2019-02-10 00:00:00+00:00,2019,0.0,0.0,0.0,266.18333333333334,8.0,0.0,0.0
player::olia,team::bursasporesports,olia,Bursaspor Esports,Bursaspor Esports,Bursaspor Esports,wildcard,TCL,1043.4,32,6.0,2019-01-19 00:00:00+00:00,2019-07-21 00:00:00+00:00,2019,0.0,0.0,0.0,1043.4,32.0,6.0,0.1875
player::viking,team::bursasporesports,Viking,Bursaspor Esports,Bursaspor Esports,Bursaspor Esports,wildcard,TCL,239.96666666666667,8,0.0,2019-01-19 00:00:00+00:00,2019-02-17 00:00:00+00:00,2019,0.0,0.0,0.0,239.96666666666667,8.0,0.0,0.0
player::zwyroo,team::bursasporesports,Zwyroo,Bursaspor Esports,Bursaspor Esports,Bursaspor Esports,wildcard,TCL,567.4,18,1.0,2019-01-19 00:00:00+00:00,2019-03-17 00:00:00+00:00,2019,0.0,0.0,0.0,567.4,18.0,1.0,0.05555555555555555
player::steve-murphy,team::bursasporesports,steve murphy,Bursaspor Esports,Bursaspor Esports,Bursaspor Esports,wildcard,TCL,359.7333333333333,11,1.0,2019-02-09 00:00:00+00:00,2019-03-17 00:00:00+00:00,2019,0.0,0.0,0.0,359.7333333333333,11.0,1.0,0.09090909090909091
player::turtle-ahmet-dagl,team::bursasporesports,Turtle (Ahmet Dağlı),Bursaspor Esports,Bursaspor Esports,Bursaspor Esports,wildcard,TCL,32.3,1,0.0,2019-02-16 00:00:00+00:00,2019-02-16 00:00:00+00:00,2019,0.0,0.0,0.0,32.3,1.0,0.0,0.0
player::invoker,team::bursasporesports,Invoker,Bursaspor Esports,Bursaspor Esports,Bursaspor Esports,wildcard,TCL,136.96666666666667,5,0.0,2019-02-17 00:00:00+00:00,2019-03-17 00:00:00+00:00,2019,0.0,0.0,0.0,136.96666666666667,5.0,0.0,0.0
player::crossman,team::bursasporesports,Crossman,Bursaspor Esports,Bursaspor Esports,Bursaspor Esports,wildcard,TCL,131.95,4,1.0,2019-02-23 00:00:00+00:00,2019-03-03 00:00:00+00:00,2019,0.0,0.0,0.0,131.95,4.0,1.0,0.25
player::alive,team::bursasporesports,Alive,Bursaspor Esports,Bursaspor Esports,Bursaspor Esports,wildcard,TCL,613.7166666666667,18,6.0,2019-06-08 00:00:00+00:00,2019-08-04 00:00:00+00:00,2019,0.0,0.0,0.0,613.7166666666667,18.0,6.0,0.3333333333333333
player::japone,team::bursasporesports,Japone,Bursaspor Esports,Bursaspor Esports,Bursaspor Esports,wildcard,TCL,613.7166666666667,18,6.0,2019-06-08 00:00:00+00:00,2019-08-04 00:00:00+00:00,2019,0.0,0.0,0.0,613.7166666666667,18.0,6.0,0.3333333333333333
player::taikki,team::bursasporesports,Taikki,Bursaspor Esports,Bursaspor Esports,Bursaspor Esports,wildcard,TCL,278.66666666666663,8,3.0,2019-06-08 00:00:00+00:00,2019-06-30 00:00:00+00:00,2019,0.0,0.0,0.0,278.66666666666663,8.0,3.0,0.375
player::umut,team::bursasporesports,Umut,Bursaspor Esports,Bursaspor Esports,Bursaspor Esports,wildcard,TCL,613.7166666666667,18,6.0,2019-06-08 00:00:00+00:00,2019-08-04 00:00:00+00:00,2019,0.0,0.0,0.0,613.7166666666667,18.0,6.0,0.3333333333333333
player::move,team::bursasporesports,Move,Bursaspor Esports,Bursaspor Esports,Bursaspor Esports,wildcard,TCL,335.05,10,3.0,2019-07-06 00:00:00+00:00,2019-08-04 00:00:00+00:00,2019,0.0,0.0,0.0,335.05,10.0,3.0,0.3
player::xeanfun,team::bursasporesports,xeanfun,Bursaspor Esports,Bursaspor Esports,Bursaspor Esports,wildcard,TCL,137.71666666666667,4,1.0,2019-07-27 00:00:00+00:00,2019-08-04 00:00:00+00:00,2019,0.0,0.0,0.0,137.71666666666667,4.0,1.0,0.25
player::balls,team::c9,Balls,C9,C9,C9,major,LCS,2949.7833333333333,83,46.0,2015-01-24 00:00:00+00:00,2016-04-02 00:00:00+00:00,2015|2016,232.2,7.0,3.0,3181.983333333333,90.0,49.0,0.5542168674698795
player::hai,team::c9,Hai,C9,C9,C9,major,LCS,2515.6,71,43.0,2015-01-24 00:00:00+00:00,2016-04-02 00:00:00+00:00,2015|2016,232.2,7.0,3.0,2747.8,78.0,46.0,0.6056338028169014
player::lemonnation,team::c9,LemonNation,C9,C9,C9,major,LCS,2229.9,61,33.0,2015-01-24 00:00:00+00:00,2015-08-31 00:00:00+00:00,2015,232.2,7.0,3.0,2462.1,68.0,36.0,0.5409836065573771
player::meteos,team::c9,Meteos,C9,C9,C9,major,LCS,3747.633333333333,102,61.0,2015-01-24 00:00:00+00:00,2016-09-05 00:00:00+00:00,2015|2016,389.5333333333333,9.0,3.0,4137.166666666666,111.0,64.0,0.5980392156862745
player::sneaky,team::c9,Sneaky,C9,C9,C9,major,LCS,12349.633333333331,346,215.0,2015-01-24 00:00:00+00:00,2019-08-26 00:00:00+00:00,2015|2016|2017|2018|2019,2100.983333333333,61.0,33.0,14450.616666666669,407.0,248.0,0.6213872832369942
player::incarnati0n,team::c9,Incarnati0n,C9,C9,C9,major,LCS,1202.0166666666669,33,16.0,2015-05-30 00:00:00+00:00,2015-08-31 00:00:00+00:00,2015,232.2,7.0,3.0,1434.2166666666667,40.0,19.0,0.48484848484848486
player::bunny-fufuu,team::c9,Bunny FuFuu,C9,C9,C9,major,LCS,656.2833333333333,18,9.0,2016-01-16 00:00:00+00:00,2016-07-10 00:00:00+00:00,2016,0.0,0.0,0.0,656.2833333333333,18.0,9.0,0.5
player::jensen,team::c9,Jensen,C9,C9,C9,major,LCS,8469.766666666666,235,147.0,2016-01-16 00:00:00+00:00,2018-09-17 00:00:00+00:00,2016|2017|2018,1697.8,49.0,29.0,10167.566666666666,284.0,176.0,0.625531914893617
player::rush,team::c9,Rush,C9,C9,C9,major,LCS,719.8833333333333,22,13.0,2016-01-16 00:00:00+00:00,2016-04-02 00:00:00+00:00,2016,0.0,0.0,0.0,719.8833333333333,22.0,13.0,0.5909090909090909
player::impact,team::c9,Impact,C9,C9,C9,major,LCS,5112.816666666667,141,94.0,2016-06-04 00:00:00+00:00,2017-09-10 00:00:00+00:00,2016|2017,982.4,27.0,15.0,6095.216666666666,168.0,109.0,0.6666666666666666
player::smoothie,team::c9,Smoothie,C9,C9,C9,major,LCS,6492.4,178,112.0,2016-06-04 00:00:00+00:00,2018-07-01 00:00:00+00:00,2016|2017|2018,982.4,27.0,15.0,7474.799999999999,205.0,127.0,0.6292134831460674
player::contractz,team::c9,Contractz,C9,C9,C9,major,LCS,3804.716666666666,105,68.0,2017-01-20 00:00:00+00:00,2017-09-10 00:00:00+00:00,2017,592.8666666666667,18.0,12.0,4397.583333333333,123.0,80.0,0.6476190476190476
player::ray,team::c9,Ray,C9,C9,C9,major,LCS,1039.7666666666669,28,15.0,2017-01-22 00:00:00+00:00,2017-07-16 00:00:00+00:00,2017,0.0,0.0,0.0,1039.7666666666669,28.0,15.0,0.5357142857142857
player::licorice,team::c9,Licorice,C9,C9,C9,major,LCS,3399.083333333333,98,59.0,2018-01-20 00:00:00+00:00,2019-08-26 00:00:00+00:00,2018|2019,914.3166666666666,28.0,16.0,4313.4,126.0,75.0,0.6020408163265306
player::svenskeren,team::c9,Svenskeren,C9,C9,C9,major,LCS,2811.7833333333333,81,47.0,2018-01-20 00:00:00+00:00,2019-08-26 00:00:00+00:00,2018|2019,585.6333333333333,18.0,10.0,3397.4166666666665,99.0,57.0,0.5802469135802469
player::goldenglue,team::c9,Goldenglue,C9,C9,C9,major,LCS,425.26666666666665,12,5.0,2018-06-16 00:00:00+00:00,2019-03-24 00:00:00+00:00,2018|2019,0.0,0.0,0.0,425.26666666666665,12.0,5.0,0.4166666666666667
player::keith,team::c9,Keith,C9,C9,C9,major,LCS,186.71666666666667,5,2.0,2018-06-16 00:00:00+00:00,2019-03-24 00:00:00+00:00,2018|2019,0.0,0.0,0.0,186.71666666666667,5.0,2.0,0.4
player::zeyzal,team::c9,Zeyzal,C9,C9,C9,major,LCS,2608.5166666666664,77,50.0,2018-06-16 00:00:00+00:00,2019-08-26 00:00:00+00:00,2018|2019,914.3166666666666,28.0,16.0,3522.833333333333,105.0,66.0,0.6493506493506493
player::blaber,team::c9,Blaber,C9,C9,C9,major,LCS,760.05,22,16.0,2018-07-21 00:00:00+00:00,2019-08-04 00:00:00+00:00,2018|2019,328.68333333333334,10.0,6.0,1088.7333333333331,32.0,22.0,0.7272727272727273
player::nisqy,team::c9,Nisqy,C9,C9,C9,major,LCS,1627.8666666666666,49,33.0,2019-01-26 00:00:00+00:00,2019-08-26 00:00:00+00:00,2019,198.91666666666663,6.0,2.0,1826.7833333333333,55.0,35.0,0.673469387755102
player::diamond-david-berube,team::c9,Diamond (David Bérubé),C9,C9,C9,major,LCS,29.516666666666666,1,1.0,2019-03-24 00:00:00+00:00,2019-03-24 00:00:00+00:00,2019,0.0,0.0,0.0,29.516666666666666,1.0,1.0,1.0
player::kumo,team::c9,Kumo,C9,C9,C9,major,LCS,172.75,5,4.0,2019-03-24 00:00:00+00:00,2019-07-14 00:00:00+00:00,2019,0.0,0.0,0.0,172.75,5.0,4.0,0.8
player::deftly,team::c9,Deftly,C9,C9,C9,major,LCS,59.25,2,1.0,2019-07-27 00:00:00+00:00,2019-08-03 00:00:00+00:00,2019,27.933333333333334,1.0,1.0,87.18333333333334,3.0,2.0,0.5
player::darkblight,team::callgaming,Darkblight,Call Gaming,Call Gaming,Call Gaming,major,LCS,59.516666666666666,2,0.0,2014-11-15 00:00:00+00:00,2014-11-15 00:00:00+00:00,2015,0.0,0.0,0.0,59.516666666666666,2.0,0.0,0.0
player::environmental,team::callgaming,Environmental,Call Gaming,Call Gaming,Call Gaming,major,LCS,59.516666666666666,2,0.0,2014-11-15 00:00:00+00:00,2014-11-15 00:00:00+00:00,2015,0.0,0.0,0.0,59.516666666666666,2.0,0.0,0.0
player::iucid,team::callgaming,Iucid,Call Gaming,Call Gaming,Call Gaming,major,LCS,59.516666666666666,2,0.0,2014-11-15 00:00:00+00:00,2014-11-15 00:00:00+00:00,2015,0.0,0.0,0.0,59.516666666666666,2.0,0.0,0.0
player::rakin,team::callgaming,Rakin,Call Gaming,Call Gaming,Call Gaming,major,LCS,59.516666666666666,2,0.0,2014-11-15 00:00:00+00:00,2014-11-15 00:00:00+00:00,2015,0.0,0.0,0.0,59.516666666666666,2.0,0.0,0.0
player::stuntopolis,team::callgaming,Stuntopolis,Call Gaming,Call Gaming,Call Gaming,major,LCS,59.516666666666666,2,0.0,2014-11-15 00:00:00+00:00,2014-11-15 00:00:00+00:00,2015,0.0,0.0,0.0,59.516666666666666,2.0,0.0,0.0
player::bulbazabp,team::cd,BULBAZABP,cd,cd,cd,wildcard,LCL,1509.1166666666666,43,18.0,2015-02-14 00:00:00+00:00,2015-07-26 00:00:00+00:00,2015,0.0,0.0,0.0,1509.1166666666666,43.0,18.0,0.4186046511627907
player::cuctus,team::cd,Cuctus,cd,cd,cd,wildcard,LCL,534.9166666666666,16,6.0,2015-02-14 00:00:00+00:00,2015-03-30 00:00:00+00:00,2015,0.0,0.0,0.0,534.9166666666666,16.0,6.0,0.375
player::drobovik123,team::cd,Drobovik123,cd,cd,cd,wildcard,LCL,534.9166666666666,16,6.0,2015-02-14 00:00:00+00:00,2015-03-30 00:00:00+00:00,2015,0.0,0.0,0.0,534.9166666666666,16.0,6.0,0.375
player::nonholy,team::cd,NoNholy,cd,cd,cd,wildcard,LCL,368.05,11,6.0,2015-02-14 00:00:00+00:00,2015-03-08 00:00:00+00:00,2015,0.0,0.0,0.0,368.05,11.0,6.0,0.5454545454545454
player::wildheart,team::cd,WildHeart,cd,cd,cd,wildcard,LCL,1509.1166666666666,43,18.0,2015-02-14 00:00:00+00:00,2015-07-26 00:00:00+00:00,2015,0.0,0.0,0.0,1509.1166666666666,43.0,18.0,0.4186046511627907
player::peanut-marcus-edborg,team::cd,Peanut (Marcus Edborg),cd,cd,cd,wildcard,LCL,166.86666666666667,5,0.0,2015-03-21 00:00:00+00:00,2015-03-30 00:00:00+00:00,2015,0.0,0.0,0.0,166.86666666666667,5.0,0.0,0.0
player::bebe-friedrich-knaub,team::cd,bebe (Friedrich Knaub),cd,cd,cd,wildcard,LCL,943.4333333333332,26,12.0,2015-05-30 00:00:00+00:00,2015-07-26 00:00:00+00:00,2015,0.0,0.0,0.0,943.4333333333332,26.0,12.0,0.46153846153846156
player::nektivus,team::cd,Nektivus,cd,cd,cd,wildcard,LCL,67.8,2,0.0,2015-05-30 00:00:00+00:00,2015-05-31 00:00:00+00:00,2015,0.0,0.0,0.0,67.8,2.0,0.0,0.0
player::zanzarah,team::cd,Zanzarah,cd,cd,cd,wildcard,LCL,974.2,27,12.0,2015-05-30 00:00:00+00:00,2015-07-26 00:00:00+00:00,2015,0.0,0.0,0.0,974.2,27.0,12.0,0.4444444444444444
player::sleeping,team::cd,Sleeping,cd,cd,cd,wildcard,LCL,60.8,2,0.0,2015-05-31 00:00:00+00:00,2015-06-07 00:00:00+00:00,2015,0.0,0.0,0.0,60.8,2.0,0.0,0.0
player::doxy,team::cd,Doxy,cd,cd,cd,wildcard,LCL,795.8333333333334,22,12.0,2015-06-13 00:00:00+00:00,2015-07-26 00:00:00+00:00,2015,0.0,0.0,0.0,795.8333333333334,22.0,12.0,0.5454545454545454
player::justno0b,team::cd,JustNo0b,cd,cd,cd,wildcard,LCL,80.53333333333333,2,0.0,2015-07-26 00:00:00+00:00,2015-07-26 00:00:00+00:00,2015,0.0,0.0,0.0,80.53333333333333,2.0,0.0,0.0
player::astarte-gorkem-ozturk,team::cilekler,Astarte (Görkem Öztürk),CILEKLER,CILEKLER,CILEKLER,wildcard,TCL,645.6333333333333,18,3.0,2016-01-16 00:00:00+00:00,2016-06-13 00:00:00+00:00,2016,0.0,0.0,0.0,645.6333333333333,18.0,3.0,0.16666666666666666
player::cognac,team::cilekler,Cognac,CILEKLER,CILEKLER,CILEKLER,wildcard,TCL,1569.7166666666665,42,12.0,2016-01-16 00:00:00+00:00,2016-07-18 00:00:00+00:00,2016,0.0,0.0,0.0,1569.7166666666665,42.0,12.0,0.2857142857142857
player::leyl-u-nehar,team::cilekler,LEYL Ü NEHAR,CILEKLER,CILEKLER,CILEKLER,wildcard,TCL,921.9333333333332,26,5.0,2016-01-16 00:00:00+00:00,2016-06-26 00:00:00+00:00,2016,0.0,0.0,0.0,921.9333333333332,26.0,5.0,0.19230769230769232
player::madness-gokhan-ucar,team::cilekler,Madness (Gökhan Uçar),CILEKLER,CILEKLER,CILEKLER,wildcard,TCL,1569.7166666666665,42,12.0,2016-01-16 00:00:00+00:00,2016-07-18 00:00:00+00:00,2016,0.0,0.0,0.0,1569.7166666666665,42.0,12.0,0.2857142857142857
player::panky-ugur-tas,team::cilekler,Panky (Uğur Taş),CILEKLER,CILEKLER,CILEKLER,wildcard,TCL,1569.7166666666665,42,12.0,2016-01-16 00:00:00+00:00,2016-07-18 00:00:00+00:00,2016,0.0,0.0,0.0,1569.7166666666665,42.0,12.0,0.2857142857142857
player::sigma-brent-de-laet,team::cilekler,Sigma (Brent de Laet),CILEKLER,CILEKLER,CILEKLER,wildcard,TCL,276.3,8,2.0,2016-06-18 00:00:00+00:00,2016-06-26 00:00:00+00:00,2016,0.0,0.0,0.0,276.3,8.0,2.0,0.25
player::lukezy,team::cilekler,Lukezy,CILEKLER,CILEKLER,CILEKLER,wildcard,TCL,647.7833333333333,16,7.0,2016-07-02 00:00:00+00:00,2016-07-18 00:00:00+00:00,2016,0.0,0.0,0.0,647.7833333333333,16.0,7.0,0.4375
player::rawbin-iv,team::cilekler,Rawbin IV,CILEKLER,CILEKLER,CILEKLER,wildcard,TCL,647.7833333333333,16,7.0,2016-07-02 00:00:00+00:00,2016-07-18 00:00:00+00:00,2016,0.0,0.0,0.0,647.7833333333333,16.0,7.0,0.4375
player::endz,team::cilekler,Endz,CILEKLER,CILEKLER,CILEKLER,wildcard,TCL,560.7333333333333,16,3.0,2017-06-03 00:00:00+00:00,2017-07-03 00:00:00+00:00,2017,0.0,0.0,0.0,560.7333333333333,16.0,3.0,0.1875
player::kairos-plz,team::cilekler,Kairos Plz,CILEKLER,CILEKLER,CILEKLER,wildcard,TCL,868.9,25,6.0,2017-06-03 00:00:00+00:00,2017-07-30 00:00:00+00:00,2017,0.0,0.0,0.0,868.9,25.0,6.0,0.24
player::kondzisan,team::cilekler,KonDziSan,CILEKLER,CILEKLER,CILEKLER,wildcard,TCL,407.31666666666666,12,3.0,2017-06-03 00:00:00+00:00,2017-06-18 00:00:00+00:00,2017,0.0,0.0,0.0,407.31666666666666,12.0,3.0,0.25
player::smoke,team::cilekler,Smoke,CILEKLER,CILEKLER,CILEKLER,wildcard,TCL,609.9333333333333,18,3.0,2017-06-03 00:00:00+00:00,2017-07-16 00:00:00+00:00,2017,0.0,0.0,0.0,609.9333333333333,18.0,3.0,0.16666666666666666
player::umuut,team::cilekler,umuut,CILEKLER,CILEKLER,CILEKLER,wildcard,TCL,952.8166666666666,28,6.0,2017-06-03 00:00:00+00:00,2017-07-30 00:00:00+00:00,2017,0.0,0.0,0.0,952.8166666666666,28.0,6.0,0.21428571428571427
player::kadir,team::cilekler,Kadir,CILEKLER,CILEKLER,CILEKLER,wildcard,TCL,545.5,16,3.0,2017-07-01 00:00:00+00:00,2017-07-30 00:00:00+00:00,2017,0.0,0.0,0.0,545.5,16.0,3.0,0.1875
player::un1tback,team::cilekler,Un1tback,CILEKLER,CILEKLER,CILEKLER,wildcard,TCL,83.91666666666667,3,0.0,2017-07-01 00:00:00+00:00,2017-07-16 00:00:00+00:00,2017,0.0,0.0,0.0,83.91666666666667,3.0,0.0,0.0
player::darkside,team::cilekler,DarkSide,CILEKLER,CILEKLER,CILEKLER,wildcard,TCL,392.0833333333333,12,3.0,2017-07-15 00:00:00+00:00,2017-07-30 00:00:00+00:00,2017,0.0,0.0,0.0,392.0833333333333,12.0,3.0,0.25
player::mayhem-suleyman-serkan-tekes,team::cilekler,Mayhem (Süleyman Serkan Tekeş),CILEKLER,CILEKLER,CILEKLER,wildcard,TCL,342.8833333333333,10,3.0,2017-07-15 00:00:00+00:00,2017-07-30 00:00:00+00:00,2017,0.0,0.0,0.0,342.8833333333333,10.0,3.0,0.3
player::ambition,team::cjentus,Ambition,CJ Entus,CJ Entus,CJ Entus,major,LCK,3206.616666666667,82,49.0,2015-01-10 00:00:00+00:00,2015-08-19 00:00:00+00:00,2015,0.0,0.0,0.0,3206.616666666667,82.0,49.0,0.5975609756097561
player::coco,team::cjentus,Coco,CJ Entus,CJ Entus,CJ Entus,major,LCK,3466.75,89,52.0,2015-01-10 00:00:00+00:00,2015-08-19 00:00:00+00:00,2015,0.0,0.0,0.0,3466.75,89.0,52.0,0.5842696629213483
player::madlife,team::cjentus,MadLife,CJ Entus,CJ Entus,CJ Entus,major,LCK,6850.016666666666,175,83.0,2015-01-10 00:00:00+00:00,2016-08-04 00:00:00+00:00,2015|2016,0.0,0.0,0.0,6850.016666666666,175.0,83.0,0.4742857142857143
player::shy,team::cjentus,Shy,CJ Entus,CJ Entus,CJ Entus,major,LCK,3697.0,97,56.0,2015-01-10 00:00:00+00:00,2016-08-02 00:00:00+00:00,2015|2016,0.0,0.0,0.0,3697.0,97.0,56.0,0.5773195876288659
player::space-seon-ho-san,team::cjentus,Space (Seon Ho-san),CJ Entus,CJ Entus,CJ Entus,major,LCK,3466.75,89,52.0,2015-01-10 00:00:00+00:00,2015-08-19 00:00:00+00:00,2015,0.0,0.0,0.0,3466.75,89.0,52.0,0.5842696629213483
player::max-jeong-jong-bin,team::cjentus,Max (Jeong Jong-bin),CJ Entus,CJ Entus,CJ Entus,major,LCK,147.31666666666666,4,0.0,2015-07-01 00:00:00+00:00,2015-08-12 00:00:00+00:00,2015,0.0,0.0,0.0,147.31666666666666,4.0,0.0,0.0
player::helper-kwon-yeong-jae,team::cjentus,Helper (Kwon Yeong-jae),CJ Entus,CJ Entus,CJ Entus,major,LCK,355.1166666666667,8,3.0,2015-07-03 00:00:00+00:00,2015-08-12 00:00:00+00:00,2015,0.0,0.0,0.0,355.1166666666667,8.0,3.0,0.375
player::trick,team::cjentus,Trick,CJ Entus,CJ Entus,CJ Entus,major,LCK,260.1333333333333,7,3.0,2015-07-18 00:00:00+00:00,2015-08-12 00:00:00+00:00,2015,0.0,0.0,0.0,260.1333333333333,7.0,3.0,0.42857142857142855
player::bubbling,team::cjentus,Bubbling,CJ Entus,CJ Entus,CJ Entus,major,LCK,1902.483333333333,47,19.0,2016-01-13 00:00:00+00:00,2016-06-25 00:00:00+00:00,2016,0.0,0.0,0.0,1902.483333333333,47.0,19.0,0.40425531914893614
player::kramer,team::cjentus,Kramer,CJ Entus,CJ Entus,CJ Entus,major,LCK,3467.4,88,31.0,2016-01-13 00:00:00+00:00,2016-08-04 00:00:00+00:00,2016,0.0,0.0,0.0,3467.4,88.0,31.0,0.3522727272727273
player::sky-kim-ha-neul,team::cjentus,Sky (Kim Ha-neul),CJ Entus,CJ Entus,CJ Entus,major,LCK,1558.6833333333334,41,15.0,2016-01-13 00:00:00+00:00,2016-08-04 00:00:00+00:00,2016,0.0,0.0,0.0,1558.6833333333334,41.0,15.0,0.36585365853658536
player::untara,team::cjentus,Untara,CJ Entus,CJ Entus,CJ Entus,major,LCK,2945.2166666666662,74,24.0,2016-01-13 00:00:00+00:00,2016-08-04 00:00:00+00:00,2016,0.0,0.0,0.0,2945.2166666666662,74.0,24.0,0.32432432432432434
player::bdd,team::cjentus,Bdd,CJ Entus,CJ Entus,CJ Entus,major,LCK,1971.9,49,16.0,2016-03-02 00:00:00+00:00,2016-08-02 00:00:00+00:00,2016,0.0,0.0,0.0,1971.9,49.0,16.0,0.32653061224489793
player::haru,team::cjentus,Haru,CJ Entus,CJ Entus,CJ Entus,major,LCK,1628.1,43,12.0,2016-05-25 00:00:00+00:00,2016-08-04 00:00:00+00:00,2016,0.0,0.0,0.0,1628.1,43.0,12.0,0.27906976744186046
player::ghost-jang-yong-jun,team::cjentus,Ghost (Jang Yong-jun),CJ Entus,CJ Entus,CJ Entus,major,LCK,63.18333333333334,2,0.0,2016-06-22 00:00:00+00:00,2016-06-22 00:00:00+00:00,2016,0.0,0.0,0.0,63.18333333333334,2.0,0.0,0.0
player::aphromoo,team::clg,aphromoo,CLG,CLG,CLG,major,LCS,8834.95,246,141.0,2015-01-24 00:00:00+00:00,2017-09-10 00:00:00+00:00,2015|2016|2017,1019.9166666666666,29.0,15.0,9854.866666666669,275.0,156.0,0.573170731707317
player::benny-benny-hung,team::clg,Benny (Benny Hung),CLG,CLG,CLG,major,LCS,76.91666666666667,2,1.0,2015-01-24 00:00:00+00:00,2015-01-25 00:00:00+00:00,2015,0.0,0.0,0.0,76.91666666666667,2.0,1.0,0.5
player::doublelift,team::clg,Doublelift,CLG,CLG,CLG,major,LCS,1691.6,46,31.0,2015-01-24 00:00:00+00:00,2015-08-23 00:00:00+00:00,2015,196.4333333333333,6.0,2.0,1888.0333333333333,52.0,33.0,0.6739130434782609
player::link,team::clg,Link,CLG,CLG,CLG,major,LCS,808.6666666666666,22,12.0,2015-01-24 00:00:00+00:00,2015-04-04 00:00:00+00:00,2015,0.0,0.0,0.0,808.6666666666666,22.0,12.0,0.5454545454545454
player::xmithie,team::clg,Xmithie,CLG,CLG,CLG,major,LCS,6537.05,181,104.0,2015-01-24 00:00:00+00:00,2017-04-09 00:00:00+00:00,2015|2016|2017,1019.9166666666666,29.0,15.0,7556.966666666667,210.0,119.0,0.574585635359116
player::zionspartan,team::clg,ZionSpartan,CLG,CLG,CLG,major,LCS,1614.6833333333334,44,30.0,2015-01-31 00:00:00+00:00,2015-08-23 00:00:00+00:00,2015,196.4333333333333,6.0,2.0,1811.1166666666668,50.0,32.0,0.6818181818181818
player::pobelter,team::clg,Pobelter,CLG,CLG,CLG,major,LCS,882.9333333333333,24,19.0,2015-05-30 00:00:00+00:00,2015-08-23 00:00:00+00:00,2015,196.4333333333333,6.0,2.0,1079.3666666666666,30.0,21.0,0.7916666666666666
player::darshan,team::clg,Darshan,CLG,CLG,CLG,major,LCS,9072.616666666669,252,130.0,2016-01-16 00:00:00+00:00,2019-03-24 00:00:00+00:00,2016|2017|2018|2019,823.4833333333333,23.0,13.0,9896.1,275.0,143.0,0.5158730158730159
player::huhi,team::clg,huhi,CLG,CLG,CLG,major,LCS,8492.983333333334,236,124.0,2016-01-16 00:00:00+00:00,2018-08-19 00:00:00+00:00,2016|2017|2018,823.4833333333333,23.0,13.0,9316.466666666667,259.0,137.0,0.5254237288135594
player::stixxay,team::clg,Stixxay,CLG,CLG,CLG,major,LCS,10188.35,285,151.0,2016-01-16 00:00:00+00:00,2019-09-07 00:00:00+00:00,2016|2017|2018|2019,823.4833333333333,23.0,13.0,11011.833333333334,308.0,164.0,0.5298245614035088
player::joey,team::clg,Joey,CLG,CLG,CLG,major,LCS,63.38333333333333,2,0.0,2017-03-25 00:00:00+00:00,2017-03-25 00:00:00+00:00,2017,0.0,0.0,0.0,63.38333333333333,2.0,0.0,0.0
player::dardoch,team::clg,Dardoch,CLG,CLG,CLG,major,LCS,1161.7,32,20.0,2017-06-02 00:00:00+00:00,2017-07-23 00:00:00+00:00,2017,0.0,0.0,0.0,1161.7,32.0,20.0,0.625
player::omargod,team::clg,OmarGod,CLG,CLG,CLG,major,LCS,1136.2,33,17.0,2017-07-14 00:00:00+00:00,2017-09-10 00:00:00+00:00,2017,0.0,0.0,0.0,1136.2,33.0,17.0,0.5151515151515151
player::biofrost,team::clg,Biofrost,CLG,CLG,CLG,major,LCS,3178.05,89,41.0,2018-01-20 00:00:00+00:00,2019-09-07 00:00:00+00:00,2018|2019,0.0,0.0,0.0,3178.05,89.0,41.0,0.4606741573033708
player::reignover,team::clg,Reignover,CLG,CLG,CLG,major,LCS,1272.9166666666667,34,12.0,2018-01-20 00:00:00+00:00,2018-08-13 00:00:00+00:00,2018,0.0,0.0,0.0,1272.9166666666667,34.0,12.0,0.35294117647058826
player::fallenbandit,team::clg,FallenBandit,CLG,CLG,CLG,major,LCS,73.08333333333334,2,1.0,2018-08-19 00:00:00+00:00,2019-01-27 00:00:00+00:00,2018|2019,0.0,0.0,0.0,73.08333333333334,2.0,1.0,0.5
player::wiggily,team::clg,Wiggily,CLG,CLG,CLG,major,LCS,1798.9166666666663,52,29.0,2018-08-19 00:00:00+00:00,2019-09-07 00:00:00+00:00,2018|2019,0.0,0.0,0.0,1798.9166666666663,52.0,29.0,0.5576923076923077
player::moon-galen-holgate,team::clg,Moon (Galen Holgate),CLG,CLG,CLG,major,LCS,106.21666666666668,3,0.0,2019-01-27 00:00:00+00:00,2019-03-10 00:00:00+00:00,2019,0.0,0.0,0.0,106.21666666666668,3.0,0.0,0.0
player::powerofevil,team::clg,PowerOfEvil,CLG,CLG,CLG,major,LCS,1828.4166666666663,53,27.0,2019-01-27 00:00:00+00:00,2019-09-07 00:00:00+00:00,2019,0.0,0.0,0.0,1828.4166666666663,53.0,27.0,0.5094339622641509
player::auto,team::clg,Auto,CLG,CLG,CLG,major,LCS,69.66666666666666,2,0.0,2019-03-09 00:00:00+00:00,2019-03-10 00:00:00+00:00,2019,0.0,0.0,0.0,69.66666666666666,2.0,0.0,0.0
player::ruin,team::clg,Ruin,CLG,CLG,CLG,major,LCS,1175.7,35,20.0,2019-06-01 00:00:00+00:00,2019-09-07 00:00:00+00:00,2019,0.0,0.0,0.0,1175.7,35.0,20.0,0.5714285714285714
player::apollo-apollo-price,team::clutchgaming,Apollo (Apollo Price),Clutch Gaming,Clutch Gaming,Clutch Gaming,major,LCS,1893.5166666666669,51,22.0,2018-01-20 00:00:00+00:00,2018-09-15 00:00:00+00:00,2018,0.0,0.0,0.0,1893.5166666666669,51.0,22.0,0.43137254901960786
player::febiven,team::clutchgaming,Febiven,Clutch Gaming,Clutch Gaming,Clutch Gaming,major,LCS,1976.7833333333333,53,22.0,2018-01-20 00:00:00+00:00,2018-09-15 00:00:00+00:00,2018,0.0,0.0,0.0,1976.7833333333333,53.0,22.0,0.41509433962264153
player::hakuho,team::clutchgaming,Hakuho,Clutch Gaming,Clutch Gaming,Clutch Gaming,major,LCS,1893.5166666666669,51,22.0,2018-01-20 00:00:00+00:00,2018-09-15 00:00:00+00:00,2018,0.0,0.0,0.0,1893.5166666666669,51.0,22.0,0.43137254901960786
player::lira,team::clutchgaming,LirA,Clutch Gaming,Clutch Gaming,Clutch Gaming,major,LCS,4060.2166666666662,114,52.0,2018-01-20 00:00:00+00:00,2019-09-09 00:00:00+00:00,2018|2019,474.23333333333335,14.0,6.0,4534.45,128.0,58.0,0.45614035087719296
player::solo-colin-earnest,team::clutchgaming,Solo (Colin Earnest),Clutch Gaming,Clutch Gaming,Clutch Gaming,major,LCS,1976.7833333333333,53,22.0,2018-01-20 00:00:00+00:00,2018-09-15 00:00:00+00:00,2018,0.0,0.0,0.0,1976.7833333333333,53.0,22.0,0.41509433962264153
player::moon-galen-holgate,team::clutchgaming,Moon (Galen Holgate),Clutch Gaming,Clutch Gaming,Clutch Gaming,major,LCS,83.26666666666667,2,0.0,2018-07-29 00:00:00+00:00,2018-07-29 00:00:00+00:00,2018,0.0,0.0,0.0,83.26666666666667,2.0,0.0,0.0
player::piglet,team::clutchgaming,Piglet,Clutch Gaming,Clutch Gaming,Clutch Gaming,major,LCS,734.3833333333333,20,5.0,2018-07-29 00:00:00+00:00,2019-03-24 00:00:00+00:00,2018|2019,0.0,0.0,0.0,734.3833333333333,20.0,5.0,0.25
player::vulcan-philippe-laflamme,team::clutchgaming,Vulcan (Philippe Laflamme),Clutch Gaming,Clutch Gaming,Clutch Gaming,major,LCS,2249.9666666666667,65,30.0,2018-07-29 00:00:00+00:00,2019-09-09 00:00:00+00:00,2018|2019,474.23333333333335,14.0,6.0,2724.2,79.0,36.0,0.46153846153846156
player::damonte,team::clutchgaming,Damonte,Clutch Gaming,Clutch Gaming,Clutch Gaming,major,LCS,2107.7166666666667,61,30.0,2019-01-27 00:00:00+00:00,2019-09-09 00:00:00+00:00,2019,474.23333333333335,14.0,6.0,2581.95,75.0,36.0,0.4918032786885246
player::huni,team::clutchgaming,Huni,Clutch Gaming,Clutch Gaming,Clutch Gaming,major,LCS,2166.7,63,30.0,2019-01-27 00:00:00+00:00,2019-09-09 00:00:00+00:00,2019,474.23333333333335,14.0,6.0,2640.9333333333334,77.0,36.0,0.47619047619047616
player::cody-sun,team::clutchgaming,Cody Sun,Clutch Gaming,Clutch Gaming,Clutch Gaming,major,LCS,1574.5666666666666,47,25.0,2019-03-23 00:00:00+00:00,2019-09-09 00:00:00+00:00,2019,474.23333333333335,14.0,6.0,2048.8,61.0,31.0,0.5319148936170213
player::aoshi,team::cnb,Aoshi,CNB,CNB,CNB,wildcard,CBLOL,2429.35,60,26.0,2015-01-17 00:00:00+00:00,2016-03-13 00:00:00+00:00,2015|2016,0.0,0.0,0.0,2429.35,60.0,26.0,0.43333333333333335
player::electro-lucas-dal-pra,team::cnb,Electro (Lucas Dal Prá),CNB,CNB,CNB,wildcard,CBLOL,731.9833333333333,19,10.0,2015-01-17 00:00:00+00:00,2015-03-22 00:00:00+00:00,2015,0.0,0.0,0.0,731.9833333333333,19.0,10.0,0.5263157894736842
player::kalec,team::cnb,Kalec,CNB,CNB,CNB,wildcard,CBLOL,731.9833333333333,19,10.0,2015-01-17 00:00:00+00:00,2015-03-22 00:00:00+00:00,2015,0.0,0.0,0.0,731.9833333333333,19.0,10.0,0.5263157894736842
player::nappon,team::cnb,Nappon,CNB,CNB,CNB,wildcard,CBLOL,2429.35,60,26.0,2015-01-17 00:00:00+00:00,2016-03-13 00:00:00+00:00,2015|2016,0.0,0.0,0.0,2429.35,60.0,26.0,0.43333333333333335
player::wos,team::cnb,Wos,CNB,CNB,CNB,wildcard,CBLOL,4326.633333333333,106,50.0,2015-01-17 00:00:00+00:00,2017-07-22 00:00:00+00:00,2015|2016|2017,0.0,0.0,0.0,4326.633333333333,106.0,50.0,0.4716981132075472
player::skyer,team::cnb,Skyer,CNB,CNB,CNB,wildcard,CBLOL,712.8666666666667,18,8.0,2015-05-23 00:00:00+00:00,2015-07-12 00:00:00+00:00,2015,0.0,0.0,0.0,712.8666666666667,18.0,8.0,0.4444444444444444
player::yoda-felipe-noronha,team::cnb,YoDa (Felipe Noronha),CNB,CNB,CNB,wildcard,CBLOL,1358.3833333333332,33,11.0,2015-05-23 00:00:00+00:00,2016-02-13 00:00:00+00:00,2015|2016,0.0,0.0,0.0,1358.3833333333332,33.0,11.0,0.3333333333333333
player::pbo,team::cnb,pbO,CNB,CNB,CNB,wildcard,CBLOL,5500.683333333333,144,62.0,2015-06-28 00:00:00+00:00,2019-08-10 00:00:00+00:00,2015|2016|2017|2018|2019,0.0,0.0,0.0,5500.683333333333,144.0,62.0,0.4305555555555556
player::vash,team::cnb,Vash,CNB,CNB,CNB,wildcard,CBLOL,770.35,19,8.0,2016-02-20 00:00:00+00:00,2017-07-22 00:00:00+00:00,2016|2017,0.0,0.0,0.0,770.35,19.0,8.0,0.42105263157894735
player::lep,team::cnb,LEP,CNB,CNB,CNB,wildcard,CBLOL,2043.7,50,24.0,2016-05-19 00:00:00+00:00,2017-07-22 00:00:00+00:00,2016|2017,0.0,0.0,0.0,2043.7,50.0,24.0,0.48
player::minerva,team::cnb,Minerva,CNB,CNB,CNB,wildcard,CBLOL,1640.4666666666667,40,20.0,2016-05-19 00:00:00+00:00,2017-06-18 00:00:00+00:00,2016|2017,0.0,0.0,0.0,1640.4666666666667,40.0,20.0,0.5
player::tinowns,team::cnb,tinowns,CNB,CNB,CNB,wildcard,CBLOL,1935.983333333333,47,24.0,2016-05-19 00:00:00+00:00,2017-07-22 00:00:00+00:00,2016|2017,0.0,0.0,0.0,1935.983333333333,47.0,24.0,0.5106382978723404
player::yampi,team::cnb,Yampi,CNB,CNB,CNB,wildcard,CBLOL,1916.1333333333328,54,26.0,2017-03-11 00:00:00+00:00,2019-04-06 00:00:00+00:00,2017|2018|2019,0.0,0.0,0.0,1916.1333333333328,54.0,26.0,0.48148148148148145
player::visdom,team::cnb,Visdom,CNB,CNB,CNB,wildcard,CBLOL,146.41666666666666,4,0.0,2017-06-24 00:00:00+00:00,2017-07-01 00:00:00+00:00,2017,0.0,0.0,0.0,146.41666666666666,4.0,0.0,0.0
player::baiano,team::cnb,Baiano,CNB,CNB,CNB,wildcard,CBLOL,1613.4,48,23.0,2018-01-20 00:00:00+00:00,2018-08-25 00:00:00+00:00,2018,0.0,0.0,0.0,1613.4,48.0,23.0,0.4791666666666667
player::rakin,team::cnb,Rakin,CNB,CNB,CNB,wildcard,CBLOL,1336.3166666666666,40,20.0,2018-01-20 00:00:00+00:00,2018-08-25 00:00:00+00:00,2018,0.0,0.0,0.0,1336.3166666666666,40.0,20.0,0.5
player::robo,team::cnb,Robo,CNB,CNB,CNB,wildcard,CBLOL,1613.4,48,23.0,2018-01-20 00:00:00+00:00,2018-08-25 00:00:00+00:00,2018,0.0,0.0,0.0,1613.4,48.0,23.0,0.4791666666666667
player::turtle-gabriel-peixoto,team::cnb,Turtle (Gabriel Peixoto),CNB,CNB,CNB,wildcard,CBLOL,724.0166666666667,23,10.0,2018-01-20 00:00:00+00:00,2018-08-25 00:00:00+00:00,2018,0.0,0.0,0.0,724.0166666666667,23.0,10.0,0.43478260869565216
player::brucer,team::cnb,Brucer,CNB,CNB,CNB,wildcard,CBLOL,739.55,23,11.0,2018-06-10 00:00:00+00:00,2018-08-25 00:00:00+00:00,2018,0.0,0.0,0.0,739.55,23.0,11.0,0.4782608695652174
player::bydeki,team::cnb,Bydeki,CNB,CNB,CNB,wildcard,CBLOL,65.4,2,0.0,2018-08-04 00:00:00+00:00,2018-08-04 00:00:00+00:00,2018,0.0,0.0,0.0,65.4,2.0,0.0,0.0
player::hy0g4,team::cnb,Hy0g4,CNB,CNB,CNB,wildcard,CBLOL,65.4,2,0.0,2018-08-04 00:00:00+00:00,2018-08-04 00:00:00+00:00,2018,0.0,0.0,0.0,65.4,2.0,0.0,0.0
player::aslan,team::cnb,Aslan,CNB,CNB,CNB,wildcard,CBLOL,1564.4666666666667,45,17.0,2019-01-12 00:00:00+00:00,2019-08-10 00:00:00+00:00,2019,0.0,0.0,0.0,1564.4666666666667,45.0,17.0,0.37777777777777777
player::duclou,team::cnb,Duclou,CNB,CNB,CNB,wildcard,CBLOL,1564.4666666666667,45,17.0,2019-01-12 00:00:00+00:00,2019-08-10 00:00:00+00:00,2019,0.0,0.0,0.0,1564.4666666666667,45.0,17.0,0.37777777777777777
player::hawk-gabriel-gomes,team::cnb,Hawk (Gabriel Gomes),CNB,CNB,CNB,wildcard,CBLOL,1366.2,39,16.0,2019-01-12 00:00:00+00:00,2019-08-10 00:00:00+00:00,2019,0.0,0.0,0.0,1366.2,39.0,16.0,0.41025641025641024
player::mewkyo,team::cnb,Mewkyo,CNB,CNB,CNB,wildcard,CBLOL,110.7,3,1.0,2019-06-01 00:00:00+00:00,2019-06-29 00:00:00+00:00,2019,0.0,0.0,0.0,110.7,3.0,1.0,0.3333333333333333
player::freire,team::cnb,Freire,CNB,CNB,CNB,wildcard,CBLOL,359.85,10,4.0,2019-06-02 00:00:00+00:00,2019-08-10 00:00:00+00:00,2019,0.0,0.0,0.0,359.85,10.0,4.0,0.4
player::vahvel,team::cnb,Vahvel,CNB,CNB,CNB,wildcard,CBLOL,198.26666666666665,6,1.0,2019-06-09 00:00:00+00:00,2019-08-03 00:00:00+00:00,2019,0.0,0.0,0.0,198.26666666666665,6.0,1.0,0.16666666666666666
player::mental-jin-jeong-yong,team::cnb,Mental (Jin Jeong-yong),CNB,CNB,CNB,wildcard,CBLOL,258.8666666666667,8,2.0,2019-07-07 00:00:00+00:00,2019-08-03 00:00:00+00:00,2019,0.0,0.0,0.0,258.8666666666667,8.0,2.0,0.25
player::cris,team::coast,Cris,Coast,Coast,Coast,major,LCS,1252.4333333333334,34,11.0,2014-11-15 00:00:00+00:00,2015-03-29 00:00:00+00:00,2015,0.0,0.0,0.0,1252.4333333333334,34.0,11.0,0.3235294117647059
player::impaler,team::coast,Impaler,Coast,Coast,Coast,major,LCS,1115.6,30,11.0,2014-11-15 00:00:00+00:00,2015-03-08 00:00:00+00:00,2015,0.0,0.0,0.0,1115.6,30.0,11.0,0.36666666666666664
player::jesiz,team::coast,Jesiz,Coast,Coast,Coast,major,LCS,911.7333333333332,24,11.0,2014-11-15 00:00:00+00:00,2015-02-15 00:00:00+00:00,2015,0.0,0.0,0.0,911.7333333333332,24.0,11.0,0.4583333333333333
player::mash,team::coast,Mash,Coast,Coast,Coast,major,LCS,1252.4333333333334,34,11.0,2014-11-15 00:00:00+00:00,2015-03-29 00:00:00+00:00,2015,0.0,0.0,0.0,1252.4333333333334,34.0,11.0,0.3235294117647059
player::sheep-jamie-gallagher,team::coast,Sheep (Jamie Gallagher),Coast,Coast,Coast,major,LCS,1115.6,30,11.0,2014-11-15 00:00:00+00:00,2015-03-08 00:00:00+00:00,2015,0.0,0.0,0.0,1115.6,30.0,11.0,0.36666666666666664
player::mancloud,team::coast,mancloud,Coast,Coast,Coast,major,LCS,340.7,10,0.0,2015-02-21 00:00:00+00:00,2015-03-29 00:00:00+00:00,2015,0.0,0.0,0.0,340.7,10.0,0.0,0.0
player::konkwon,team::coast,KonKwon,Coast,Coast,Coast,major,LCS,136.83333333333331,4,0.0,2015-03-21 00:00:00+00:00,2015-03-29 00:00:00+00:00,2015,0.0,0.0,0.0,136.83333333333331,4.0,0.0,0.0
player::wtheaven,team::coast,WTHeaven,Coast,Coast,Coast,major,LCS,136.83333333333331,4,0.0,2015-03-21 00:00:00+00:00,2015-03-29 00:00:00+00:00,2015,0.0,0.0,0.0,136.83333333333331,4.0,0.0,0.0
player::bubbadub,team::complexityblack,Bubbadub,compLexity.Black,compLexity.Black,compLexity.Black,major,LCS,79.76666666666667,2,0.0,2014-11-21 00:00:00+00:00,2014-11-22 00:00:00+00:00,2015,0.0,0.0,0.0,79.76666666666667,2.0,0.0,0.0
player::cloudnguyen,team::complexityblack,CloudNguyen,compLexity.Black,compLexity.Black,compLexity.Black,major,LCS,79.76666666666667,2,0.0,2014-11-21 00:00:00+00:00,2014-11-22 00:00:00+00:00,2015,0.0,0.0,0.0,79.76666666666667,2.0,0.0,0.0
player::i-kenny-u,team::complexityblack,i KeNNy u,compLexity.Black,compLexity.Black,compLexity.Black,major,LCS,79.76666666666667,2,0.0,2014-11-21 00:00:00+00:00,2014-11-22 00:00:00+00:00,2015,0.0,0.0,0.0,79.76666666666667,2.0,0.0,0.0
player::pr0lly,team::complexityblack,pr0lly,compLexity.Black,compLexity.Black,compLexity.Black,major,LCS,79.76666666666667,2,0.0,2014-11-21 00:00:00+00:00,2014-11-22 00:00:00+00:00,2015,0.0,0.0,0.0,79.76666666666667,2.0,0.0,0.0
player::robertxlee,team::complexityblack,ROBERTxLEE,compLexity.Black,compLexity.Black,compLexity.Black,major,LCS,79.76666666666667,2,0.0,2014-11-21 00:00:00+00:00,2014-11-22 00:00:00+00:00,2015,0.0,0.0,0.0,79.76666666666667,2.0,0.0,0.0
player::goldenglue,team::complexitywhite,Goldenglue,compLexity.White,compLexity.White,compLexity.White,major,LCS,166.11666666666667,5,2.0,2014-11-15 00:00:00+00:00,2014-11-22 00:00:00+00:00,2015,0.0,0.0,0.0,166.11666666666667,5.0,2.0,0.4
player::kez,team::complexitywhite,Kez,compLexity.White,compLexity.White,compLexity.White,major,LCS,166.11666666666667,5,2.0,2014-11-15 00:00:00+00:00,2014-11-22 00:00:00+00:00,2015,0.0,0.0,0.0,166.11666666666667,5.0,2.0,0.4
player::lohpally,team::complexitywhite,Lohpally,compLexity.White,compLexity.White,compLexity.White,major,LCS,166.11666666666667,5,2.0,2014-11-15 00:00:00+00:00,2014-11-22 00:00:00+00:00,2015,0.0,0.0,0.0,166.11666666666667,5.0,2.0,0.4
player::mabreybaby,team::complexitywhite,MabreyBABY,compLexity.White,compLexity.White,compLexity.White,major,LCS,166.11666666666667,5,2.0,2014-11-15 00:00:00+00:00,2014-11-22 00:00:00+00:00,2015,0.0,0.0,0.0,166.11666666666667,5.0,2.0,0.4
player::westrice,team::complexitywhite,Westrice,compLexity.White,compLexity.White,compLexity.White,major,LCS,166.11666666666667,5,2.0,2014-11-15 00:00:00+00:00,2014-11-22 00:00:00+00:00,2015,0.0,0.0,0.0,166.11666666666667,5.0,2.0,0.4
player::airwaks,team::copenhagenwolves,Airwaks,Copenhagen Wolves,Copenhagen Wolves,Copenhagen Wolves,major,LEC,1124.65,28,10.0,2015-01-22 00:00:00+00:00,2015-06-19 00:00:00+00:00,2015,0.0,0.0,0.0,1124.65,28.0,10.0,0.35714285714285715
player::freeze,team::copenhagenwolves,Freeze,Copenhagen Wolves,Copenhagen Wolves,Copenhagen Wolves,major,LEC,1503.0166666666669,38,12.0,2015-01-22 00:00:00+00:00,2015-07-24 00:00:00+00:00,2015,0.0,0.0,0.0,1503.0166666666669,38.0,12.0,0.3157894736842105
player::soren-sren-frederiksen,team::copenhagenwolves,Soren (Søren Frederiksen),Copenhagen Wolves,Copenhagen Wolves,Copenhagen Wolves,major,LEC,1503.0166666666669,38,12.0,2015-01-22 00:00:00+00:00,2015-07-24 00:00:00+00:00,2015,0.0,0.0,0.0,1503.0166666666669,38.0,12.0,0.3157894736842105
player::unlimited-petar-georgiev,team::copenhagenwolves,Unlimited (Petar Georgiev),Copenhagen Wolves,Copenhagen Wolves,Copenhagen Wolves,major,LEC,1194.3833333333332,30,10.0,2015-01-22 00:00:00+00:00,2015-06-26 00:00:00+00:00,2015,0.0,0.0,0.0,1194.3833333333332,30.0,10.0,0.3333333333333333
player::youngbuck,team::copenhagenwolves,YoungBuck,Copenhagen Wolves,Copenhagen Wolves,Copenhagen Wolves,major,LEC,1194.3833333333332,30,10.0,2015-01-22 00:00:00+00:00,2015-06-26 00:00:00+00:00,2015,0.0,0.0,0.0,1194.3833333333332,30.0,10.0,0.3333333333333333
player::shook,team::copenhagenwolves,Shook,Copenhagen Wolves,Copenhagen Wolves,Copenhagen Wolves,major,LEC,378.3666666666667,10,2.0,2015-06-25 00:00:00+00:00,2015-07-24 00:00:00+00:00,2015,0.0,0.0,0.0,378.3666666666667,10.0,2.0,0.2
player::je-suis-kaas,team::copenhagenwolves,Je suis Kaas,Copenhagen Wolves,Copenhagen Wolves,Copenhagen Wolves,major,LEC,308.6333333333333,8,2.0,2015-07-02 00:00:00+00:00,2015-07-24 00:00:00+00:00,2015,0.0,0.0,0.0,308.6333333333333,8.0,2.0,0.25
player::lenny-lenny-uytterhoeven,team::copenhagenwolves,Lenny (Lenny Uytterhoeven),Copenhagen Wolves,Copenhagen Wolves,Copenhagen Wolves,major,LEC,308.6333333333333,8,2.0,2015-07-02 00:00:00+00:00,2015-07-24 00:00:00+00:00,2015,0.0,0.0,0.0,308.6333333333333,8.0,2.0,0.25
player::altlhro,team::coremindgames,altlhro,Core Mind Games,Core Mind Games,Core Mind Games,wildcard,LCL,260.16666666666663,10,1.0,2019-02-02 00:00:00+00:00,2019-07-13 00:00:00+00:00,2019,0.0,0.0,0.0,260.16666666666663,10.0,1.0,0.1
player::bapiop,team::coremindgames,Bapiop,Core Mind Games,Core Mind Games,Core Mind Games,wildcard,LCL,260.16666666666663,10,1.0,2019-02-02 00:00:00+00:00,2019-07-13 00:00:00+00:00,2019,0.0,0.0,0.0,260.16666666666663,10.0,1.0,0.1
player::kentino,team::coremindgames,Kentino,Core Mind Games,Core Mind Games,Core Mind Games,wildcard,LCL,74.76666666666667,3,0.0,2019-02-02 00:00:00+00:00,2019-02-06 00:00:00+00:00,2019,0.0,0.0,0.0,74.76666666666667,3.0,0.0,0.0
player::kl1ker,team::coremindgames,Kl1ker,Core Mind Games,Core Mind Games,Core Mind Games,wildcard,LCL,147.25,6,1.0,2019-02-02 00:00:00+00:00,2019-02-27 00:00:00+00:00,2019,0.0,0.0,0.0,147.25,6.0,1.0,0.16666666666666666
player::tesla-azamat-atkanov,team::coremindgames,TESLA (Azamat Atkanov),Core Mind Games,Core Mind Games,Core Mind Games,wildcard,LCL,260.16666666666663,10,1.0,2019-02-02 00:00:00+00:00,2019-07-13 00:00:00+00:00,2019,0.0,0.0,0.0,260.16666666666663,10.0,1.0,0.1
player::dankan,team::coremindgames,Dankan,Core Mind Games,Core Mind Games,Core Mind Games,wildcard,LCL,100.18333333333332,4,1.0,2019-02-13 00:00:00+00:00,2019-07-13 00:00:00+00:00,2019,0.0,0.0,0.0,100.18333333333332,4.0,1.0,0.25
player::noway-andrey-moiseenko,team::coremindgames,Noway (Andrey Moiseenko),Core Mind Games,Core Mind Games,Core Mind Games,wildcard,LCL,112.91666666666666,4,0.0,2019-06-29 00:00:00+00:00,2019-07-13 00:00:00+00:00,2019,0.0,0.0,0.0,112.91666666666666,4.0,0.0,0.0
player::olastik,team::coremindgames,oLastik,Core Mind Games,Core Mind Games,Core Mind Games,wildcard,LCL,85.21666666666667,3,0.0,2019-06-29 00:00:00+00:00,2019-07-06 00:00:00+00:00,2019,0.0,0.0,0.0,85.21666666666667,3.0,0.0,0.0
player::anatiy,team::corncisteam,Anatiy,Corn (CIS Team),Corn (CIS Team),Corn (CIS Team),wildcard,LCL,143.93333333333334,6,2.0,2019-06-30 00:00:00+00:00,2019-07-25 00:00:00+00:00,2019,0.0,0.0,0.0,143.93333333333334,6.0,2.0,0.3333333333333333
player::koda,team::corncisteam,KODA,Corn (CIS Team),Corn (CIS Team),Corn (CIS Team),wildcard,LCL,143.93333333333334,6,2.0,2019-06-30 00:00:00+00:00,2019-07-25 00:00:00+00:00,2019,0.0,0.0,0.0,143.93333333333334,6.0,2.0,0.3333333333333333
player::noragami-nikita-bely,team::corncisteam,Noragami (Nikita Bely),Corn (CIS Team),Corn (CIS Team),Corn (CIS Team),wildcard,LCL,116.93333333333332,5,1.0,2019-06-30 00:00:00+00:00,2019-07-25 00:00:00+00:00,2019,0.0,0.0,0.0,116.93333333333332,5.0,1.0,0.2
player::resu,team::corncisteam,Resu,Corn (CIS Team),Corn (CIS Team),Corn (CIS Team),wildcard,LCL,68.66666666666666,3,0.0,2019-06-30 00:00:00+00:00,2019-07-25 00:00:00+00:00,2019,0.0,0.0,0.0,68.66666666666666,3.0,0.0,0.0
player::ticley,team::corncisteam,Ticley,Corn (CIS Team),Corn (CIS Team),Corn (CIS Team),wildcard,LCL,96.53333333333332,4,2.0,2019-06-30 00:00:00+00:00,2019-07-11 00:00:00+00:00,2019,0.0,0.0,0.0,96.53333333333332,4.0,2.0,0.5
player::zumk,team::corncisteam,Zumk,Corn (CIS Team),Corn (CIS Team),Corn (CIS Team),wildcard,LCL,122.66666666666666,5,2.0,2019-07-07 00:00:00+00:00,2019-07-25 00:00:00+00:00,2019,0.0,0.0,0.0,122.66666666666666,5.0,2.0,0.4
player::romuka,team::corncisteam,Romuka,Corn (CIS Team),Corn (CIS Team),Corn (CIS Team),wildcard,LCL,27.0,1,1.0,2019-07-11 00:00:00+00:00,2019-07-11 00:00:00+00:00,2019,0.0,0.0,0.0,27.0,1.0,1.0,1.0
player::ajun,team::cougaresport,AJun,COUGAR E-Sport,COUGAR E-Sport,COUGAR E-Sport,major,LMS,259.76666666666665,10,0.0,2016-01-14 00:00:00+00:00,2016-01-29 00:00:00+00:00,2016,0.0,0.0,0.0,259.76666666666665,10.0,0.0,0.0
player::kuku,team::cougaresport,KuKu,COUGAR E-Sport,COUGAR E-Sport,COUGAR E-Sport,major,LMS,811.0833333333333,28,1.0,2016-01-14 00:00:00+00:00,2016-03-26 00:00:00+00:00,2016,0.0,0.0,0.0,811.0833333333333,28.0,1.0,0.03571428571428571
player::never-shih-hung-yu,team::cougaresport,Never (Shih Hung-Yu),COUGAR E-Sport,COUGAR E-Sport,COUGAR E-Sport,major,LMS,440.3666666666667,16,0.0,2016-01-14 00:00:00+00:00,2016-03-17 00:00:00+00:00,2016,0.0,0.0,0.0,440.3666666666667,16.0,0.0,0.0
player::rabi2,team::cougaresport,Rabi2,COUGAR E-Sport,COUGAR E-Sport,COUGAR E-Sport,major,LMS,811.0833333333333,28,1.0,2016-01-14 00:00:00+00:00,2016-03-26 00:00:00+00:00,2016,0.0,0.0,0.0,811.0833333333333,28.0,1.0,0.03571428571428571
player::spear,team::cougaresport,SpeaR,COUGAR E-Sport,COUGAR E-Sport,COUGAR E-Sport,major,LMS,811.0833333333333,28,1.0,2016-01-14 00:00:00+00:00,2016-03-26 00:00:00+00:00,2016,0.0,0.0,0.0,811.0833333333333,28.0,1.0,0.03571428571428571
player::candybb,team::cougaresport,CandyBB,COUGAR E-Sport,COUGAR E-Sport,COUGAR E-Sport,major,LMS,111.9,4,0.0,2016-02-03 00:00:00+00:00,2016-02-19 00:00:00+00:00,2016,0.0,0.0,0.0,111.9,4.0,0.0,0.0
player::xue-xue-bo-yun,team::cougaresport,XUE (Xue Bo-Yun),COUGAR E-Sport,COUGAR E-Sport,COUGAR E-Sport,major,LMS,55.43333333333334,2,0.0,2016-02-03 00:00:00+00:00,2016-02-03 00:00:00+00:00,2016,0.0,0.0,0.0,55.43333333333334,2.0,0.0,0.0
player::melon-tsai-tsung-yu,team::cougaresport,Melon (Tsai Tsung-Yu),COUGAR E-Sport,COUGAR E-Sport,COUGAR E-Sport,major,LMS,315.2833333333333,10,1.0,2016-02-25 00:00:00+00:00,2016-03-26 00:00:00+00:00,2016,0.0,0.0,0.0,315.2833333333333,10.0,1.0,0.1
player::syuan,team::cougaresport,Syuan,COUGAR E-Sport,COUGAR E-Sport,COUGAR E-Sport,major,LMS,439.4166666666666,14,1.0,2016-02-25 00:00:00+00:00,2016-03-26 00:00:00+00:00,2016,0.0,0.0,0.0,439.4166666666666,14.0,1.0,0.07142857142857142
player::alps,team::crestgamingact,Alps,Crest Gaming Act,Crest Gaming Act,Crest Gaming Act,wildcard,LJL,921.1166666666666,25,9.0,2018-06-22 00:00:00+00:00,2018-08-11 00:00:00+00:00,2018,0.0,0.0,0.0,921.1166666666666,25.0,9.0,0.36
player::hachamecha,team::crestgamingact,hachamecha,Crest Gaming Act,Crest Gaming Act,Crest Gaming Act,wildcard,LJL,2555.4,74,42.0,2018-06-22 00:00:00+00:00,2019-09-01 00:00:00+00:00,2018|2019,0.0,0.0,0.0,2555.4,74.0,42.0,0.5675675675675675
player::lavie,team::crestgamingact,Lavie,Crest Gaming Act,Crest Gaming Act,Crest Gaming Act,wildcard,LJL,921.1166666666666,25,9.0,2018-06-22 00:00:00+00:00,2018-08-11 00:00:00+00:00,2018,0.0,0.0,0.0,921.1166666666666,25.0,9.0,0.36
player::nap,team::crestgamingact,Nap,Crest Gaming Act,Crest Gaming Act,Crest Gaming Act,wildcard,LJL,2148.366666666667,63,32.0,2018-06-22 00:00:00+00:00,2019-09-01 00:00:00+00:00,2018|2019,0.0,0.0,0.0,2148.366666666667,63.0,32.0,0.5079365079365079
player::shield-song-ju-yeong,team::crestgamingact,Shield (Song Ju-yeong),Crest Gaming Act,Crest Gaming Act,Crest Gaming Act,wildcard,LJL,921.1166666666666,25,9.0,2018-06-22 00:00:00+00:00,2018-08-11 00:00:00+00:00,2018,0.0,0.0,0.0,921.1166666666666,25.0,9.0,0.36
player::art,team::crestgamingact,Art,Crest Gaming Act,Crest Gaming Act,Crest Gaming Act,wildcard,LJL,1657.4166666666663,50,34.0,2019-01-19 00:00:00+00:00,2019-09-01 00:00:00+00:00,2019,0.0,0.0,0.0,1657.4166666666663,50.0,34.0,0.68
player::grendel,team::crestgamingact,Grendel,Crest Gaming Act,Crest Gaming Act,Crest Gaming Act,wildcard,LJL,1188.3833333333332,35,25.0,2019-01-19 00:00:00+00:00,2019-07-14 00:00:00+00:00,2019,0.0,0.0,0.0,1188.3833333333332,35.0,25.0,0.7142857142857143
player::luna-lee-gyu-sang,team::crestgamingact,Luna (Lee Gyu-sang),Crest Gaming Act,Crest Gaming Act,Crest Gaming Act,wildcard,LJL,1657.4166666666663,50,34.0,2019-01-19 00:00:00+00:00,2019-09-01 00:00:00+00:00,2019,0.0,0.0,0.0,1657.4166666666663,50.0,34.0,0.68
player::atyamomo,team::crestgamingact,Atyamomo,Crest Gaming Act,Crest Gaming Act,Crest Gaming Act,wildcard,LJL,899.1999999999999,27,20.0,2019-03-22 00:00:00+00:00,2019-09-01 00:00:00+00:00,2019,0.0,0.0,0.0,899.1999999999999,27.0,20.0,0.7407407407407407
player::yoshi-yoshinobu-ohtani,team::crestgamingact,Yoshi (Yoshinobu Ohtani),Crest Gaming Act,Crest Gaming Act,Crest Gaming Act,wildcard,LJL,23.133333333333333,1,1.0,2019-08-18 00:00:00+00:00,2019-08-18 00:00:00+00:00,2019,0.0,0.0,0.0,23.133333333333333,1.0,1.0,1.0
player::cejlon,team::cybergaming,Cejlon,Cyber Gaming,Cyber Gaming,Cyber Gaming,major,LEC,59.35,2,0.0,2014-11-22 00:00:00+00:00,2014-11-22 00:00:00+00:00,2015,0.0,0.0,0.0,59.35,2.0,0.0,0.0
player::idyiom,team::cybergaming,Idyiom,Cyber Gaming,Cyber Gaming,Cyber Gaming,major,LEC,59.35,2,0.0,2014-11-22 00:00:00+00:00,2014-11-22 00:00:00+00:00,2015,0.0,0.0,0.0,59.35,2.0,0.0,0.0
player::sayn-ales-gall,team::cybergaming,Sâyn (Aleš Gall),Cyber Gaming,Cyber Gaming,Cyber Gaming,major,LEC,59.35,2,0.0,2014-11-22 00:00:00+00:00,2014-11-22 00:00:00+00:00,2015,0.0,0.0,0.0,59.35,2.0,0.0,0.0
player::shiage,team::cybergaming,Shiage,Cyber Gaming,Cyber Gaming,Cyber Gaming,major,LEC,59.35,2,0.0,2014-11-22 00:00:00+00:00,2014-11-22 00:00:00+00:00,2015,0.0,0.0,0.0,59.35,2.0,0.0,0.0
player::tarky,team::cybergaming,Tarky,Cyber Gaming,Cyber Gaming,Cyber Gaming,major,LEC,59.35,2,0.0,2014-11-22 00:00:00+00:00,2014-11-22 00:00:00+00:00,2015,0.0,0.0,0.0,59.35,2.0,0.0,0.0
player::boss-vladislav-fomin,team::da,BOSS (Vladislav Fomin),DA,DA,DA,wildcard,LCL,1503.65,45,23.0,2018-02-10 00:00:00+00:00,2018-09-02 00:00:00+00:00,2018,0.0,0.0,0.0,1503.65,45.0,23.0,0.5111111111111111
player::cboi,team::da,Cboi,DA,DA,DA,wildcard,LCL,544.7833333333333,15,7.0,2018-02-10 00:00:00+00:00,2018-03-11 00:00:00+00:00,2018,0.0,0.0,0.0,544.7833333333333,15.0,7.0,0.4666666666666667
player::jestkui-max,team::da,Jestkui Max,DA,DA,DA,wildcard,LCL,1503.65,45,23.0,2018-02-10 00:00:00+00:00,2018-09-02 00:00:00+00:00,2018,0.0,0.0,0.0,1503.65,45.0,23.0,0.5111111111111111
player::pooh-emil-aliev,team::da,pooh (Emil Aliev),DA,DA,DA,wildcard,LCL,1503.65,45,23.0,2018-02-10 00:00:00+00:00,2018-09-02 00:00:00+00:00,2018,0.0,0.0,0.0,1503.65,45.0,23.0,0.5111111111111111
player::xpriskornet,team::da,xPriskornet,DA,DA,DA,wildcard,LCL,544.7833333333333,15,7.0,2018-02-10 00:00:00+00:00,2018-03-11 00:00:00+00:00,2018,0.0,0.0,0.0,544.7833333333333,15.0,7.0,0.4666666666666667
player::ahahacik,team::da,AHaHaCiK,DA,DA,DA,wildcard,LCL,958.8666666666668,30,16.0,2018-06-24 00:00:00+00:00,2018-09-02 00:00:00+00:00,2018,0.0,0.0,0.0,958.8666666666668,30.0,16.0,0.5333333333333333
player::ekka,team::da,Ekka,DA,DA,DA,wildcard,LCL,958.8666666666668,30,16.0,2018-06-24 00:00:00+00:00,2018-09-02 00:00:00+00:00,2018,0.0,0.0,0.0,958.8666666666668,30.0,16.0,0.5333333333333333
player::atom-peter-thomsen,team::da,Atom (Peter Thomsen),DA,DA,DA,wildcard,LCL,832.3666666666667,26,14.0,2019-02-02 00:00:00+00:00,2019-03-24 00:00:00+00:00,2019,0.0,0.0,0.0,832.3666666666667,26.0,14.0,0.5384615384615384
player::kinzu,team::da,Kinzu,DA,DA,DA,wildcard,LCL,832.3666666666667,26,14.0,2019-02-02 00:00:00+00:00,2019-03-24 00:00:00+00:00,2019,0.0,0.0,0.0,832.3666666666667,26.0,14.0,0.5384615384615384
player::paranoia,team::da,Paranoia,DA,DA,DA,wildcard,LCL,832.3666666666667,26,14.0,2019-02-02 00:00:00+00:00,2019-03-24 00:00:00+00:00,2019,0.0,0.0,0.0,832.3666666666667,26.0,14.0,0.5384615384615384
player::skash,team::da,Skash,DA,DA,DA,wildcard,LCL,832.3666666666667,26,14.0,2019-02-02 00:00:00+00:00,2019-03-24 00:00:00+00:00,2019,0.0,0.0,0.0,832.3666666666667,26.0,14.0,0.5384615384615384
player::stefan,team::da,Stefan,DA,DA,DA,wildcard,LCL,832.3666666666667,26,14.0,2019-02-02 00:00:00+00:00,2019-03-24 00:00:00+00:00,2019,0.0,0.0,0.0,832.3666666666667,26.0,14.0,0.5384615384615384
player::charger,team::da,Charger,DA,DA,DA,wildcard,LCL,825.9,28,14.0,2019-06-30 00:00:00+00:00,2019-08-25 00:00:00+00:00,2019,0.0,0.0,0.0,825.9,28.0,14.0,0.5
player::itscortez,team::da,itsCORTEZ,DA,DA,DA,wildcard,LCL,825.9,28,14.0,2019-06-30 00:00:00+00:00,2019-08-25 00:00:00+00:00,2019,0.0,0.0,0.0,825.9,28.0,14.0,0.5
player::keysie,team::da,Keysie,DA,DA,DA,wildcard,LCL,825.9,28,14.0,2019-06-30 00:00:00+00:00,2019-08-25 00:00:00+00:00,2019,0.0,0.0,0.0,825.9,28.0,14.0,0.5
player::lekcycc,team::da,Lekcycc,DA,DA,DA,wildcard,LCL,825.9,28,14.0,2019-06-30 00:00:00+00:00,2019-08-25 00:00:00+00:00,2019,0.0,0.0,0.0,825.9,28.0,14.0,0.5
player::shiganari,team::da,Shiganari,DA,DA,DA,wildcard,LCL,825.9,28,14.0,2019-06-30 00:00:00+00:00,2019-08-25 00:00:00+00:00,2019,0.0,0.0,0.0,825.9,28.0,14.0,0.5
player::canyon,team::damwongaming,Canyon,DAMWON Gaming,DAMWON Gaming,DAMWON Gaming,major,LCK,2822.8166666666666,85,49.0,2019-01-16 00:00:00+00:00,2019-09-07 00:00:00+00:00,2019,578.2333333333333,18.0,13.0,3401.05,103.0,62.0,0.5764705882352941
player::hoit,team::damwongaming,Hoit,DAMWON Gaming,DAMWON Gaming,DAMWON Gaming,major,LCK,1036.6666666666667,31,16.0,2019-01-16 00:00:00+00:00,2019-06-08 00:00:00+00:00,2019,0.0,0.0,0.0,1036.6666666666667,31.0,16.0,0.5161290322580645
player::nuclear,team::damwongaming,Nuclear,DAMWON Gaming,DAMWON Gaming,DAMWON Gaming,major,LCK,3292.483333333333,99,57.0,2019-01-16 00:00:00+00:00,2019-09-07 00:00:00+00:00,2019,578.2333333333333,18.0,13.0,3870.716666666666,117.0,70.0,0.5757575757575758
player::nuguri,team::damwongaming,Nuguri,DAMWON Gaming,DAMWON Gaming,DAMWON Gaming,major,LCK,2877.483333333333,86,52.0,2019-01-16 00:00:00+00:00,2019-09-07 00:00:00+00:00,2019,578.2333333333333,18.0,13.0,3455.7166666666662,104.0,65.0,0.6046511627906976
player::showmaker,team::damwongaming,ShowMaker,DAMWON Gaming,DAMWON Gaming,DAMWON Gaming,major,LCK,3333.2666666666664,100,58.0,2019-01-16 00:00:00+00:00,2019-09-07 00:00:00+00:00,2019,578.2333333333333,18.0,13.0,3911.5,118.0,71.0,0.58
player::punch,team::damwongaming,Punch,DAMWON Gaming,DAMWON Gaming,DAMWON Gaming,major,LCK,510.45,15,9.0,2019-02-14 00:00:00+00:00,2019-06-08 00:00:00+00:00,2019,0.0,0.0,0.0,510.45,15.0,9.0,0.6
player::aries-lee-chae-hwan,team::damwongaming,Aries (Lee Chae-hwan),DAMWON Gaming,DAMWON Gaming,DAMWON Gaming,major,LCK,40.78333333333333,1,1.0,2019-02-16 00:00:00+00:00,2019-02-16 00:00:00+00:00,2019,0.0,0.0,0.0,40.78333333333333,1.0,1.0,1.0
player::beryl,team::damwongaming,BeryL,DAMWON Gaming,DAMWON Gaming,DAMWON Gaming,major,LCK,2296.6,69,42.0,2019-02-22 00:00:00+00:00,2019-09-07 00:00:00+00:00,2019,578.2333333333333,18.0,13.0,2874.833333333333,87.0,55.0,0.6086956521739131
player::flame,team::damwongaming,Flame,DAMWON Gaming,DAMWON Gaming,DAMWON Gaming,major,LCK,455.7833333333333,14,6.0,2019-02-24 00:00:00+00:00,2019-08-04 00:00:00+00:00,2019,0.0,0.0,0.0,455.7833333333333,14.0,6.0,0.42857142857142855
player::crystal,team::darkpassage,Crystal,Dark Passage,Dark Passage,Dark Passage,wildcard,TCL,2967.7666666666664,85,53.0,2015-01-24 00:00:00+00:00,2019-08-04 00:00:00+00:00,2015|2016|2019,0.0,0.0,0.0,2967.7666666666664,85.0,53.0,0.6235294117647059
player::elwind,team::darkpassage,Elwind,Dark Passage,Dark Passage,Dark Passage,wildcard,TCL,3464.95,96,65.0,2015-01-24 00:00:00+00:00,2016-08-13 00:00:00+00:00,2015|2016,0.0,0.0,0.0,3464.95,96.0,65.0,0.6770833333333334
player::mean,team::darkpassage,mean,Dark Passage,Dark Passage,Dark Passage,wildcard,TCL,75.11666666666667,2,2.0,2015-01-24 00:00:00+00:00,2015-01-25 00:00:00+00:00,2015,0.0,0.0,0.0,75.11666666666667,2.0,2.0,1.0
player::naru-koray-bcak,team::darkpassage,Naru (Koray Bıçak),Dark Passage,Dark Passage,Dark Passage,wildcard,TCL,1553.2,45,29.0,2015-01-24 00:00:00+00:00,2019-08-04 00:00:00+00:00,2015|2019,0.0,0.0,0.0,1553.2,45.0,29.0,0.6444444444444445
player::touch,team::darkpassage,Touch,Dark Passage,Dark Passage,Dark Passage,wildcard,TCL,719.8333333333334,21,14.0,2015-01-24 00:00:00+00:00,2015-04-04 00:00:00+00:00,2015,0.0,0.0,0.0,719.8333333333334,21.0,14.0,0.6666666666666666
player::holyphoenix,team::darkpassage,HolyPhoenix,Dark Passage,Dark Passage,Dark Passage,wildcard,TCL,2828.866666666667,83,37.0,2015-01-31 00:00:00+00:00,2017-08-07 00:00:00+00:00,2015|2017,0.0,0.0,0.0,2828.866666666667,83.0,37.0,0.4457831325301205
player::zeitnot,team::darkpassage,Zeitnot,Dark Passage,Dark Passage,Dark Passage,wildcard,TCL,2745.116666666667,75,51.0,2015-05-16 00:00:00+00:00,2016-08-13 00:00:00+00:00,2015|2016,0.0,0.0,0.0,2745.116666666667,75.0,51.0,0.68
player::zergsting,team::darkpassage,Zergsting,Dark Passage,Dark Passage,Dark Passage,wildcard,TCL,161.2833333333333,4,2.0,2015-05-16 00:00:00+00:00,2015-05-24 00:00:00+00:00,2015,0.0,0.0,0.0,161.2833333333333,4.0,2.0,0.5
player::abaria,team::darkpassage,Abaria,Dark Passage,Dark Passage,Dark Passage,wildcard,TCL,1504.3333333333333,41,25.0,2015-05-23 00:00:00+00:00,2016-07-13 00:00:00+00:00,2015|2016,0.0,0.0,0.0,1504.3333333333333,41.0,25.0,0.6097560975609756
player::rydle,team::darkpassage,Rydle,Dark Passage,Dark Passage,Dark Passage,wildcard,TCL,589.35,16,13.0,2015-05-30 00:00:00+00:00,2015-08-08 00:00:00+00:00,2015,0.0,0.0,0.0,589.35,16.0,13.0,0.8125
player::denden,team::darkpassage,Denden,Dark Passage,Dark Passage,Dark Passage,wildcard,TCL,277.7166666666667,8,6.0,2016-01-16 00:00:00+00:00,2016-02-07 00:00:00+00:00,2016,0.0,0.0,0.0,277.7166666666667,8.0,6.0,0.75
player::lukezy,team::darkpassage,Lukezy,Dark Passage,Dark Passage,Dark Passage,wildcard,TCL,277.7166666666667,8,6.0,2016-01-16 00:00:00+00:00,2016-02-07 00:00:00+00:00,2016,0.0,0.0,0.0,277.7166666666667,8.0,6.0,0.75
player::arphan,team::darkpassage,Arphan,Dark Passage,Dark Passage,Dark Passage,wildcard,TCL,407.5833333333333,11,7.0,2016-02-13 00:00:00+00:00,2016-03-27 00:00:00+00:00,2016,0.0,0.0,0.0,407.5833333333333,11.0,7.0,0.6363636363636364
player::un1tback,team::darkpassage,Un1tback,Dark Passage,Dark Passage,Dark Passage,wildcard,TCL,1018.8833333333332,28,17.0,2016-06-11 00:00:00+00:00,2016-07-18 00:00:00+00:00,2016,0.0,0.0,0.0,1018.8833333333332,28.0,17.0,0.6071428571428571
player::xerxe,team::darkpassage,Xerxe,Dark Passage,Dark Passage,Dark Passage,wildcard,TCL,1309.1833333333334,36,23.0,2016-06-11 00:00:00+00:00,2016-08-13 00:00:00+00:00,2016,0.0,0.0,0.0,1309.1833333333334,36.0,23.0,0.6388888888888888
player::caps,team::darkpassage,Caps,Dark Passage,Dark Passage,Dark Passage,wildcard,TCL,441.8333333333333,12,8.0,2016-07-17 00:00:00+00:00,2016-08-13 00:00:00+00:00,2016,0.0,0.0,0.0,441.8333333333333,12.0,8.0,0.6666666666666666
player::rogu,team::darkpassage,Rogu,Dark Passage,Dark Passage,Dark Passage,wildcard,TCL,1255.5333333333333,36,16.0,2016-08-06 00:00:00+00:00,2017-03-14 00:00:00+00:00,2016|2017,0.0,0.0,0.0,1255.5333333333333,36.0,16.0,0.4444444444444444
player::bwipo,team::darkpassage,Bwipo,Dark Passage,Dark Passage,Dark Passage,wildcard,TCL,309.55,9,3.0,2017-01-21 00:00:00+00:00,2017-02-04 00:00:00+00:00,2017,0.0,0.0,0.0,309.55,9.0,3.0,0.3333333333333333
player::immortoru,team::darkpassage,Immortoru,Dark Passage,Dark Passage,Dark Passage,wildcard,TCL,1804.7666666666669,52,19.0,2017-01-21 00:00:00+00:00,2017-07-23 00:00:00+00:00,2017,0.0,0.0,0.0,1804.7666666666669,52.0,19.0,0.36538461538461536
player::move,team::darkpassage,Move,Dark Passage,Dark Passage,Dark Passage,wildcard,TCL,413.6833333333333,12,4.0,2017-01-21 00:00:00+00:00,2017-02-05 00:00:00+00:00,2017,0.0,0.0,0.0,413.6833333333333,12.0,4.0,0.3333333333333333
player::hioss,team::darkpassage,Hioss,Dark Passage,Dark Passage,Dark Passage,wildcard,TCL,104.13333333333333,3,1.0,2017-02-04 00:00:00+00:00,2017-02-05 00:00:00+00:00,2017,0.0,0.0,0.0,104.13333333333333,3.0,1.0,0.3333333333333333
player::obvious,team::darkpassage,Obvious,Dark Passage,Dark Passage,Dark Passage,wildcard,TCL,551.55,16,6.0,2017-02-11 00:00:00+00:00,2017-03-14 00:00:00+00:00,2017,0.0,0.0,0.0,551.55,16.0,6.0,0.375
player::wickd,team::darkpassage,Wickd,Dark Passage,Dark Passage,Dark Passage,wildcard,TCL,551.55,16,6.0,2017-02-11 00:00:00+00:00,2017-03-14 00:00:00+00:00,2017,0.0,0.0,0.0,551.55,16.0,6.0,0.375
player::broken-blade,team::darkpassage,Broken Blade,Dark Passage,Dark Passage,Dark Passage,wildcard,TCL,839.5333333333333,24,9.0,2017-06-04 00:00:00+00:00,2017-07-23 00:00:00+00:00,2017,0.0,0.0,0.0,839.5333333333333,24.0,9.0,0.375
player::cinkrof,team::darkpassage,Cinkrof,Dark Passage,Dark Passage,Dark Passage,wildcard,TCL,706.9,20,9.0,2017-06-04 00:00:00+00:00,2017-07-17 00:00:00+00:00,2017,0.0,0.0,0.0,706.9,20.0,9.0,0.45
player::hustlin,team::darkpassage,Hustlin,Dark Passage,Dark Passage,Dark Passage,wildcard,TCL,839.5333333333333,24,9.0,2017-06-04 00:00:00+00:00,2017-07-23 00:00:00+00:00,2017,0.0,0.0,0.0,839.5333333333333,24.0,9.0,0.375
player::taikki,team::darkpassage,Taikki,Dark Passage,Dark Passage,Dark Passage,wildcard,TCL,512.0166666666667,16,6.0,2017-07-22 00:00:00+00:00,2017-08-07 00:00:00+00:00,2017,0.0,0.0,0.0,512.0166666666667,16.0,6.0,0.375
player::farfetch,team::darkpassage,Farfetch,Dark Passage,Dark Passage,Dark Passage,wildcard,TCL,379.3833333333333,12,6.0,2017-07-29 00:00:00+00:00,2017-08-07 00:00:00+00:00,2017,0.0,0.0,0.0,379.3833333333333,12.0,6.0,0.5
player::marshall,team::darkpassage,Marshall,Dark Passage,Dark Passage,Dark Passage,wildcard,TCL,1429.3000000000002,43,18.0,2017-07-29 00:00:00+00:00,2018-04-08 00:00:00+00:00,2017|2018,0.0,0.0,0.0,1429.3000000000002,43.0,18.0,0.4186046511627907
player::ninja,team::darkpassage,Ninja,Dark Passage,Dark Passage,Dark Passage,wildcard,TCL,379.3833333333333,12,6.0,2017-07-29 00:00:00+00:00,2017-08-07 00:00:00+00:00,2017,0.0,0.0,0.0,379.3833333333333,12.0,6.0,0.5
player::japone,team::darkpassage,Japone,Dark Passage,Dark Passage,Dark Passage,wildcard,TCL,1049.9166666666667,31,12.0,2018-01-20 00:00:00+00:00,2018-04-08 00:00:00+00:00,2018,0.0,0.0,0.0,1049.9166666666667,31.0,12.0,0.3870967741935484
player::kakao,team::darkpassage,KaKAO,Dark Passage,Dark Passage,Dark Passage,wildcard,TCL,1049.9166666666667,31,12.0,2018-01-20 00:00:00+00:00,2018-04-08 00:00:00+00:00,2018,0.0,0.0,0.0,1049.9166666666667,31.0,12.0,0.3870967741935484
player::lucete,team::darkpassage,Lucete,Dark Passage,Dark Passage,Dark Passage,wildcard,TCL,613.75,19,9.0,2018-01-20 00:00:00+00:00,2018-02-26 00:00:00+00:00,2018,0.0,0.0,0.0,613.75,19.0,9.0,0.47368421052631576
player::ruvelius,team::darkpassage,Ruvelius,Dark Passage,Dark Passage,Dark Passage,wildcard,TCL,1049.9166666666667,31,12.0,2018-01-20 00:00:00+00:00,2018-04-08 00:00:00+00:00,2018,0.0,0.0,0.0,1049.9166666666667,31.0,12.0,0.3870967741935484
player::try,team::darkpassage,TRY,Dark Passage,Dark Passage,Dark Passage,wildcard,TCL,436.1666666666667,12,3.0,2018-03-03 00:00:00+00:00,2018-04-08 00:00:00+00:00,2018,0.0,0.0,0.0,436.1666666666667,12.0,3.0,0.25
player::crush,team::darkpassage,Crush,Dark Passage,Dark Passage,Dark Passage,wildcard,TCL,278.68333333333334,9,2.0,2018-06-16 00:00:00+00:00,2018-07-01 00:00:00+00:00,2018,0.0,0.0,0.0,278.68333333333334,9.0,2.0,0.2222222222222222
player::kairos-gursu-komurcu,team::darkpassage,Kairos (Gürsu Kömürcü),Dark Passage,Dark Passage,Dark Passage,wildcard,TCL,243.26666666666665,8,1.0,2018-06-16 00:00:00+00:00,2018-07-15 00:00:00+00:00,2018,0.0,0.0,0.0,243.26666666666665,8.0,1.0,0.125
player::longb,team::darkpassage,LongB,Dark Passage,Dark Passage,Dark Passage,wildcard,TCL,1111.5333333333333,35,17.0,2018-06-16 00:00:00+00:00,2018-09-01 00:00:00+00:00,2018,0.0,0.0,0.0,1111.5333333333333,35.0,17.0,0.4857142857142857
player::panky-ugur-tas,team::darkpassage,Panky (Uğur Taş),Dark Passage,Dark Passage,Dark Passage,wildcard,TCL,1134.55,36,17.0,2018-06-16 00:00:00+00:00,2018-09-01 00:00:00+00:00,2018,0.0,0.0,0.0,1134.55,36.0,17.0,0.4722222222222222
player::route,team::darkpassage,Route,Dark Passage,Dark Passage,Dark Passage,wildcard,TCL,278.68333333333334,9,2.0,2018-06-16 00:00:00+00:00,2018-07-01 00:00:00+00:00,2018,0.0,0.0,0.0,278.68333333333334,9.0,2.0,0.2222222222222222
player::berentt,team::darkpassage,Berentt,Dark Passage,Dark Passage,Dark Passage,wildcard,TCL,608.0166666666667,19,8.0,2018-06-29 00:00:00+00:00,2019-06-30 00:00:00+00:00,2018|2019,0.0,0.0,0.0,608.0166666666667,19.0,8.0,0.42105263157894735
player::humanoid,team::darkpassage,Humanoid,Dark Passage,Dark Passage,Dark Passage,wildcard,TCL,855.8666666666667,27,15.0,2018-07-14 00:00:00+00:00,2018-09-01 00:00:00+00:00,2018,0.0,0.0,0.0,855.8666666666667,27.0,15.0,0.5555555555555556
player::kirei,team::darkpassage,Kirei,Dark Passage,Dark Passage,Dark Passage,wildcard,TCL,855.8666666666667,27,15.0,2018-07-14 00:00:00+00:00,2018-09-01 00:00:00+00:00,2018,0.0,0.0,0.0,855.8666666666667,27.0,15.0,0.5555555555555556
player::snitch,team::darkpassage,Snitch,Dark Passage,Dark Passage,Dark Passage,wildcard,TCL,26.55,1,0.0,2018-07-16 00:00:00+00:00,2018-07-16 00:00:00+00:00,2018,0.0,0.0,0.0,26.55,1.0,0.0,0.0
player::luger,team::darkpassage,Luger,Dark Passage,Dark Passage,Dark Passage,wildcard,TCL,636.0666666666667,20,12.0,2018-07-28 00:00:00+00:00,2018-09-01 00:00:00+00:00,2018,0.0,0.0,0.0,636.0666666666667,20.0,12.0,0.6
player::nikola-senpai,team::darkpassage,Nikola Senpai,Dark Passage,Dark Passage,Dark Passage,wildcard,TCL,656.5166666666667,21,9.0,2019-01-19 00:00:00+00:00,2019-03-29 00:00:00+00:00,2019,0.0,0.0,0.0,656.5166666666667,21.0,9.0,0.42857142857142855
player::pbd,team::darkpassage,Pbd,Dark Passage,Dark Passage,Dark Passage,wildcard,TCL,973.7,30,10.0,2019-01-19 00:00:00+00:00,2019-08-04 00:00:00+00:00,2019,0.0,0.0,0.0,973.7,30.0,10.0,0.3333333333333333
player::ragner,team::darkpassage,Ragner,Dark Passage,Dark Passage,Dark Passage,wildcard,TCL,689.2,22,9.0,2019-01-19 00:00:00+00:00,2019-03-29 00:00:00+00:00,2019,0.0,0.0,0.0,689.2,22.0,9.0,0.4090909090909091
player::saulius,team::darkpassage,Saulius,Dark Passage,Dark Passage,Dark Passage,wildcard,TCL,138.61666666666667,4,1.0,2019-01-19 00:00:00+00:00,2019-02-03 00:00:00+00:00,2019,0.0,0.0,0.0,138.61666666666667,4.0,1.0,0.25
player::backlund,team::darkpassage,Backlund,Dark Passage,Dark Passage,Dark Passage,wildcard,TCL,464.9166666666666,15,6.0,2019-02-09 00:00:00+00:00,2019-03-29 00:00:00+00:00,2019,0.0,0.0,0.0,464.9166666666666,15.0,6.0,0.4
player::korpse,team::darkpassage,Korpse,Dark Passage,Dark Passage,Dark Passage,wildcard,TCL,298.3,10,4.0,2019-02-23 00:00:00+00:00,2019-03-29 00:00:00+00:00,2019,0.0,0.0,0.0,298.3,10.0,4.0,0.4
player::muscle,team::darkpassage,Muscle,Dark Passage,Dark Passage,Dark Passage,wildcard,TCL,110.1,4,1.0,2019-03-18 00:00:00+00:00,2019-03-29 00:00:00+00:00,2019,0.0,0.0,0.0,110.1,4.0,1.0,0.25
player::kaori,team::darkpassage,Kaori,Dark Passage,Dark Passage,Dark Passage,wildcard,TCL,32.68333333333333,1,0.0,2019-03-29 00:00:00+00:00,2019-03-29 00:00:00+00:00,2019,0.0,0.0,0.0,32.68333333333333,1.0,0.0,0.0
player::black-murat-ulukan-ayaz,team::darkpassage,Black (Murat Ulukan Ayaz),Dark Passage,Dark Passage,Dark Passage,wildcard,TCL,582.8,18,5.0,2019-06-08 00:00:00+00:00,2019-08-04 00:00:00+00:00,2019,0.0,0.0,0.0,582.8,18.0,5.0,0.2777777777777778
player::juuzou,team::darkpassage,Juuzou,Dark Passage,Dark Passage,Dark Passage,wildcard,TCL,582.8,18,5.0,2019-06-08 00:00:00+00:00,2019-08-04 00:00:00+00:00,2019,0.0,0.0,0.0,582.8,18.0,5.0,0.2777777777777778
player::kituruken,team::darkpassage,Kituruken,Dark Passage,Dark Passage,Dark Passage,wildcard,TCL,249.63333333333333,8,1.0,2019-06-16 00:00:00+00:00,2019-07-21 00:00:00+00:00,2019,0.0,0.0,0.0,249.63333333333333,8.0,1.0,0.125
player::mypleasure,team::darkpassage,mypleasure,Dark Passage,Dark Passage,Dark Passage,wildcard,TCL,100.26666666666668,3,1.0,2019-07-06 00:00:00+00:00,2019-07-13 00:00:00+00:00,2019,0.0,0.0,0.0,100.26666666666668,3.0,1.0,0.3333333333333333
player::coocoodai,team::darlingyou,CooCooDai,DarlingYou,DarlingYou,DarlingYou,major,LMS,643.5999999999999,21,6.0,2015-01-09 00:00:00+00:00,2015-03-21 00:00:00+00:00,2015,0.0,0.0,0.0,643.5999999999999,21.0,6.0,0.2857142857142857
player::illusion-yeh-yen-ting,team::darlingyou,ILLusion (Yeh Yen-Ting),DarlingYou,DarlingYou,DarlingYou,major,LMS,502.01666666666665,16,6.0,2015-01-09 00:00:00+00:00,2015-03-08 00:00:00+00:00,2015,0.0,0.0,0.0,502.01666666666665,16.0,6.0,0.375
player::maplesnow,team::darlingyou,MapleSnow,DarlingYou,DarlingYou,DarlingYou,major,LMS,643.5999999999999,21,6.0,2015-01-09 00:00:00+00:00,2015-03-21 00:00:00+00:00,2015,0.0,0.0,0.0,643.5999999999999,21.0,6.0,0.2857142857142857
player::quietrain,team::darlingyou,QuietRain,DarlingYou,DarlingYou,DarlingYou,major,LMS,643.5999999999999,21,6.0,2015-01-09 00:00:00+00:00,2015-03-21 00:00:00+00:00,2015,0.0,0.0,0.0,643.5999999999999,21.0,6.0,0.2857142857142857
player::unlimited-fu-chin-yu,team::darlingyou,Unlimited (Fu Chin-Yu),DarlingYou,DarlingYou,DarlingYou,major,LMS,300.16666666666663,9,3.0,2015-01-09 00:00:00+00:00,2015-02-08 00:00:00+00:00,2015,0.0,0.0,0.0,300.16666666666663,9.0,3.0,0.3333333333333333
player::vii,team::darlingyou,VII,DarlingYou,DarlingYou,DarlingYou,major,LMS,141.58333333333331,5,0.0,2015-01-16 00:00:00+00:00,2015-03-21 00:00:00+00:00,2015,0.0,0.0,0.0,141.58333333333331,5.0,0.0,0.0
player::momo-kuo-yi-chiun,team::darlingyou,momo (Kuo Yi-Chiun),DarlingYou,DarlingYou,DarlingYou,major,LMS,343.43333333333334,12,3.0,2015-02-11 00:00:00+00:00,2015-03-21 00:00:00+00:00,2015,0.0,0.0,0.0,343.43333333333334,12.0,3.0,0.25
player::anonpsycko,team::dd,AnOnPsyCkO,DD,DD,DD,major,LEC,143.98333333333332,4,2.0,2014-11-22 00:00:00+00:00,2014-11-28 00:00:00+00:00,2015,0.0,0.0,0.0,143.98333333333332,4.0,2.0,0.5
player::dom1nant,team::dd,Dom1nant,DD,DD,DD,major,LEC,143.98333333333332,4,2.0,2014-11-22 00:00:00+00:00,2014-11-28 00:00:00+00:00,2015,0.0,0.0,0.0,143.98333333333332,4.0,2.0,0.5
player::magebane,team::dd,Magebane,DD,DD,DD,major,LEC,143.98333333333332,4,2.0,2014-11-22 00:00:00+00:00,2014-11-28 00:00:00+00:00,2015,0.0,0.0,0.0,143.98333333333332,4.0,2.0,0.5
player::warriorlady,team::dd,WarriorLady,DD,DD,DD,major,LEC,143.98333333333332,4,2.0,2014-11-22 00:00:00+00:00,2014-11-28 00:00:00+00:00,2015,0.0,0.0,0.0,143.98333333333332,4.0,2.0,0.5
player::wildpanda,team::dd,Wildpanda,DD,DD,DD,major,LEC,143.98333333333332,4,2.0,2014-11-22 00:00:00+00:00,2014-11-28 00:00:00+00:00,2015,0.0,0.0,0.0,143.98333333333332,4.0,2.0,0.5
player::artiezhir,team::derzentralmagier,ArtieZhir,Der Zentral Magier,Der Zentral Magier,Der Zentral Magier,wildcard,LCL,42.63333333333333,2,0.0,2019-02-03 00:00:00+00:00,2019-02-14 00:00:00+00:00,2019,0.0,0.0,0.0,42.63333333333333,2.0,0.0,0.0
player::asian,team::derzentralmagier,Asian,Der Zentral Magier,Der Zentral Magier,Der Zentral Magier,wildcard,LCL,98.3,4,0.0,2019-02-03 00:00:00+00:00,2019-02-28 00:00:00+00:00,2019,0.0,0.0,0.0,98.3,4.0,0.0,0.0
player::coast-der-zentral-magier,team::derzentralmagier,Coast (Der Zentral Magier),Der Zentral Magier,Der Zentral Magier,Der Zentral Magier,wildcard,LCL,18.183333333333334,1,0.0,2019-02-03 00:00:00+00:00,2019-02-03 00:00:00+00:00,2019,0.0,0.0,0.0,18.183333333333334,1.0,0.0,0.0
player::holodildnik,team::derzentralmagier,HoloDildnik,Der Zentral Magier,Der Zentral Magier,Der Zentral Magier,wildcard,LCL,98.3,4,0.0,2019-02-03 00:00:00+00:00,2019-02-28 00:00:00+00:00,2019,0.0,0.0,0.0,98.3,4.0,0.0,0.0
player::mercymepls,team::derzentralmagier,MercyMePls,Der Zentral Magier,Der Zentral Magier,Der Zentral Magier,wildcard,LCL,98.3,4,0.0,2019-02-03 00:00:00+00:00,2019-02-28 00:00:00+00:00,2019,0.0,0.0,0.0,98.3,4.0,0.0,0.0
player::404lazer,team::derzentralmagier,404Lazer,Der Zentral Magier,Der Zentral Magier,Der Zentral Magier,wildcard,LCL,80.11666666666667,3,0.0,2019-02-14 00:00:00+00:00,2019-02-28 00:00:00+00:00,2019,0.0,0.0,0.0,80.11666666666667,3.0,0.0,0.0
player::404nanni,team::derzentralmagier,404Nanni,Der Zentral Magier,Der Zentral Magier,Der Zentral Magier,wildcard,LCL,55.66666666666666,2,0.0,2019-02-21 00:00:00+00:00,2019-02-28 00:00:00+00:00,2019,0.0,0.0,0.0,55.66666666666666,2.0,0.0,0.0
player::astarore,team::detonationfocusme,Astarore,DetonatioN FocusMe,DetonatioN FocusMe,DetonatioN FocusMe,wildcard,LJL,1059.6166666666668,28,19.0,2015-01-24 00:00:00+00:00,2015-08-07 00:00:00+00:00,2015,0.0,0.0,0.0,1059.6166666666668,28.0,19.0,0.6785714285714286
player::bonzin,team::detonationfocusme,BonziN,DetonatioN FocusMe,DetonatioN FocusMe,DetonatioN FocusMe,wildcard,LJL,1277.9833333333331,34,23.0,2015-01-24 00:00:00+00:00,2016-01-27 00:00:00+00:00,2015|2016,0.0,0.0,0.0,1277.9833333333331,34.0,23.0,0.6764705882352942
player::ceros,team::detonationfocusme,Ceros,DetonatioN FocusMe,DetonatioN FocusMe,DetonatioN FocusMe,wildcard,LJL,8444.466666666667,238,185.0,2015-01-24 00:00:00+00:00,2019-09-16 00:00:00+00:00,2015|2016|2017|2018|2019,594.9666666666667,18.0,7.0,9039.433333333332,256.0,192.0,0.7773109243697479
player::kazuxd,team::detonationfocusme,KazuXD,DetonatioN FocusMe,DetonatioN FocusMe,DetonatioN FocusMe,wildcard,LJL,919.05,24,19.0,2015-01-24 00:00:00+00:00,2015-08-07 00:00:00+00:00,2015,0.0,0.0,0.0,919.05,24.0,19.0,0.7916666666666666
player::yutapon,team::detonationfocusme,Yutapon,DetonatioN FocusMe,DetonatioN FocusMe,DetonatioN FocusMe,wildcard,LJL,8689.15,246,192.0,2015-01-24 00:00:00+00:00,2019-09-16 00:00:00+00:00,2015|2016|2017|2018|2019,594.9666666666667,18.0,7.0,9284.116666666667,264.0,199.0,0.7804878048780488
player::hwang,team::detonationfocusme,Hwang,DetonatioN FocusMe,DetonatioN FocusMe,DetonatioN FocusMe,wildcard,LJL,72.51666666666667,2,1.0,2015-05-23 00:00:00+00:00,2015-05-30 00:00:00+00:00,2015,0.0,0.0,0.0,72.51666666666667,2.0,1.0,0.5
player::rokenia,team::detonationfocusme,Rokenia,DetonatioN FocusMe,DetonatioN FocusMe,DetonatioN FocusMe,wildcard,LJL,946.3666666666666,24,14.0,2015-05-23 00:00:00+00:00,2015-08-07 00:00:00+00:00,2015,0.0,0.0,0.0,946.3666666666666,24.0,14.0,0.5833333333333334
player::procxin,team::detonationfocusme,Procxin,DetonatioN FocusMe,DetonatioN FocusMe,DetonatioN FocusMe,wildcard,LJL,93.73333333333332,2,1.0,2015-07-04 00:00:00+00:00,2015-07-11 00:00:00+00:00,2015,0.0,0.0,0.0,93.73333333333332,2.0,1.0,0.5
player::catch-yun-sang-ho,team::detonationfocusme,Catch (Yun Sang-ho),DetonatioN FocusMe,DetonatioN FocusMe,DetonatioN FocusMe,wildcard,LJL,1021.2166666666668,30,27.0,2016-01-17 00:00:00+00:00,2016-06-04 00:00:00+00:00,2016,0.0,0.0,0.0,1021.2166666666668,30.0,27.0,0.9
player::eternal-han-gi-hun,team::detonationfocusme,Eternal (Han Gi-hun),DetonatioN FocusMe,DetonatioN FocusMe,DetonatioN FocusMe,wildcard,LJL,859.0833333333334,25,23.0,2016-01-17 00:00:00+00:00,2016-04-10 00:00:00+00:00,2016,0.0,0.0,0.0,859.0833333333334,25.0,23.0,0.92
player::zerost,team::detonationfocusme,Zerost,DetonatioN FocusMe,DetonatioN FocusMe,DetonatioN FocusMe,wildcard,LJL,1842.35,50,39.0,2016-01-17 00:00:00+00:00,2017-04-01 00:00:00+00:00,2016|2017,0.0,0.0,0.0,1842.35,50.0,39.0,0.78
player::nororin,team::detonationfocusme,nororin,DetonatioN FocusMe,DetonatioN FocusMe,DetonatioN FocusMe,wildcard,LJL,181.76666666666665,5,4.0,2016-03-12 00:00:00+00:00,2016-05-27 00:00:00+00:00,2016,0.0,0.0,0.0,181.76666666666665,5.0,4.0,0.8
player::vivid,team::detonationfocusme,viviD,DetonatioN FocusMe,DetonatioN FocusMe,DetonatioN FocusMe,wildcard,LJL,4951.566666666667,138,103.0,2016-05-27 00:00:00+00:00,2018-09-15 00:00:00+00:00,2016|2017|2018,250.11666666666667,8.0,2.0,5201.683333333333,146.0,105.0,0.7463768115942029
player::hikari,team::detonationfocusme,Hikari,DetonatioN FocusMe,DetonatioN FocusMe,DetonatioN FocusMe,wildcard,LJL,1094.4333333333334,29,21.0,2016-06-04 00:00:00+00:00,2016-08-07 00:00:00+00:00,2016,0.0,0.0,0.0,1094.4333333333334,29.0,21.0,0.7241379310344828
player::daydream,team::detonationfocusme,DayDream,DetonatioN FocusMe,DetonatioN FocusMe,DetonatioN FocusMe,wildcard,LJL,1034.1,27,19.0,2016-06-11 00:00:00+00:00,2016-08-07 00:00:00+00:00,2016,0.0,0.0,0.0,1034.1,27.0,19.0,0.7037037037037037
player::paz,team::detonationfocusme,Paz,DetonatioN FocusMe,DetonatioN FocusMe,DetonatioN FocusMe,wildcard,LJL,1729.283333333333,46,31.0,2017-01-20 00:00:00+00:00,2017-08-26 00:00:00+00:00,2017,0.0,0.0,0.0,1729.283333333333,46.0,31.0,0.6739130434782609
player::shrimp,team::detonationfocusme,Shrimp,DetonatioN FocusMe,DetonatioN FocusMe,DetonatioN FocusMe,wildcard,LJL,399.48333333333335,10,8.0,2017-02-04 00:00:00+00:00,2017-03-24 00:00:00+00:00,2017,0.0,0.0,0.0,399.48333333333335,10.0,8.0,0.8
player::steal-mun-geon-yeong,team::detonationfocusme,Steal (Mun Geon-yeong),DetonatioN FocusMe,DetonatioN FocusMe,DetonatioN FocusMe,wildcard,LJL,4259.333333333333,128,105.0,2017-06-03 00:00:00+00:00,2019-09-16 00:00:00+00:00,2017|2018|2019,594.9666666666667,18.0,7.0,4854.299999999999,146.0,112.0,0.8203125
player::evi,team::detonationfocusme,Evi,DetonatioN FocusMe,DetonatioN FocusMe,DetonatioN FocusMe,wildcard,LJL,3193.8,99,84.0,2018-02-10 00:00:00+00:00,2019-09-16 00:00:00+00:00,2018|2019,594.9666666666667,18.0,7.0,3788.7666666666655,117.0,91.0,0.8484848484848485
player::gaeng,team::detonationfocusme,Gaeng,DetonatioN FocusMe,DetonatioN FocusMe,DetonatioN FocusMe,wildcard,LJL,1567.2333333333331,49,43.0,2019-01-19 00:00:00+00:00,2019-09-16 00:00:00+00:00,2019,344.85,10.0,5.0,1912.0833333333333,59.0,48.0,0.8775510204081632
player::ramune,team::detonationfocusme,Ramune,DetonatioN FocusMe,DetonatioN FocusMe,DetonatioN FocusMe,wildcard,LJL,353.55,11,9.0,2019-02-02 00:00:00+00:00,2019-06-23 00:00:00+00:00,2019,0.0,0.0,0.0,353.55,11.0,9.0,0.8181818181818182
player::anjinho,team::dex,Anjinho,dex,dex,dex,wildcard,CBLOL,653.4333333333333,19,4.0,2015-01-17 00:00:00+00:00,2015-03-22 00:00:00+00:00,2015,0.0,0.0,0.0,653.4333333333333,19.0,4.0,0.21052631578947367
player::piolho,team::dex,Piolho,dex,dex,dex,wildcard,CBLOL,653.4333333333333,19,4.0,2015-01-17 00:00:00+00:00,2015-03-22 00:00:00+00:00,2015,0.0,0.0,0.0,653.4333333333333,19.0,4.0,0.21052631578947367
player::przo,team::dex,prZo,dex,dex,dex,wildcard,CBLOL,653.4333333333333,19,4.0,2015-01-17 00:00:00+00:00,2015-03-22 00:00:00+00:00,2015,0.0,0.0,0.0,653.4333333333333,19.0,4.0,0.21052631578947367
player::rellik-andre-guerra,team::dex,Rellik (André Guerra),dex,dex,dex,wildcard,CBLOL,653.4333333333333,19,4.0,2015-01-17 00:00:00+00:00,2015-03-22 00:00:00+00:00,2015,0.0,0.0,0.0,653.4333333333333,19.0,4.0,0.21052631578947367
player::soulsilver,team::dex,Soulsilver,dex,dex,dex,wildcard,CBLOL,262.56666666666666,7,1.0,2015-01-17 00:00:00+00:00,2015-03-22 00:00:00+00:00,2015,0.0,0.0,0.0,262.56666666666666,7.0,1.0,0.14285714285714285
player::7ico,team::dex,7ico,dex,dex,dex,wildcard,CBLOL,390.8666666666667,12,3.0,2015-01-24 00:00:00+00:00,2015-03-01 00:00:00+00:00,2015,0.0,0.0,0.0,390.8666666666667,12.0,3.0,0.25
player::dayruin,team::differential,dayruin,Differential,Differential,Differential,wildcard,LCL,419.26666666666665,14,1.0,2016-01-16 00:00:00+00:00,2016-02-28 00:00:00+00:00,2016,0.0,0.0,0.0,419.26666666666665,14.0,1.0,0.07142857142857142
player::flashy,team::differential,Flashy,Differential,Differential,Differential,wildcard,LCL,419.26666666666665,14,1.0,2016-01-16 00:00:00+00:00,2016-02-28 00:00:00+00:00,2016,0.0,0.0,0.0,419.26666666666665,14.0,1.0,0.07142857142857142
player::gemp,team::differential,Gemp,Differential,Differential,Differential,wildcard,LCL,419.26666666666665,14,1.0,2016-01-16 00:00:00+00:00,2016-02-28 00:00:00+00:00,2016,0.0,0.0,0.0,419.26666666666665,14.0,1.0,0.07142857142857142
player::h4rdeath,team::differential,h4rdeath,Differential,Differential,Differential,wildcard,LCL,178.2,6,0.0,2016-01-16 00:00:00+00:00,2016-01-31 00:00:00+00:00,2016,0.0,0.0,0.0,178.2,6.0,0.0,0.0
player::punisher-nikita-lavrinov,team::differential,Punisher (Nikita Lavrinov),Differential,Differential,Differential,wildcard,LCL,419.26666666666665,14,1.0,2016-01-16 00:00:00+00:00,2016-02-28 00:00:00+00:00,2016,0.0,0.0,0.0,419.26666666666665,14.0,1.0,0.07142857142857142
player::resu,team::differential,Resu,Differential,Differential,Differential,wildcard,LCL,52.45,2,0.0,2016-02-06 00:00:00+00:00,2016-02-07 00:00:00+00:00,2016,0.0,0.0,0.0,52.45,2.0,0.0,0.0
player::justno0b,team::differential,JustNo0b,Differential,Differential,Differential,wildcard,LCL,188.61666666666667,6,1.0,2016-02-13 00:00:00+00:00,2016-02-28 00:00:00+00:00,2016,0.0,0.0,0.0,188.61666666666667,6.0,1.0,0.16666666666666666
player::corejj,team::dig,CoreJJ,Dignitas,Dignitas,Apex Gaming | Dignitas,major,LCS,1480.7333333333331,39,16.0,2015-01-24 00:00:00+00:00,2015-08-08 00:00:00+00:00,2015,0.0,0.0,0.0,1480.7333333333331,39.0,16.0,0.41025641025641024
player::crumbz,team::dig,Crumbz,Dignitas,Dignitas,Apex Gaming | Dignitas,major,LCS,152.0,4,1.0,2015-01-24 00:00:00+00:00,2015-02-01 00:00:00+00:00,2015,0.0,0.0,0.0,152.0,4.0,1.0,0.25
player::gamsu,team::dig,Gamsu,Dignitas,Dignitas,Apex Gaming | Dignitas,major,LCS,1480.7333333333331,39,16.0,2015-01-24 00:00:00+00:00,2015-08-08 00:00:00+00:00,2015,0.0,0.0,0.0,1480.7333333333331,39.0,16.0,0.41025641025641024
player::kiwikid,team::dig,KiWiKiD,Dignitas,Dignitas,Apex Gaming | Dignitas,major,LCS,2146.2666666666664,57,20.0,2015-01-24 00:00:00+00:00,2016-03-20 00:00:00+00:00,2015|2016,0.0,0.0,0.0,2146.2666666666664,57.0,20.0,0.3508771929824561
player::shiphtur,team::dig,Shiphtur,Dignitas,Dignitas,Apex Gaming | Dignitas,major,LCS,2146.2666666666664,57,20.0,2015-01-24 00:00:00+00:00,2016-03-20 00:00:00+00:00,2015|2016,0.0,0.0,0.0,2146.2666666666664,57.0,20.0,0.3508771929824561
player::cloudnguyen,team::dig,CloudNguyen,Dignitas,Dignitas,Apex Gaming | Dignitas,major,LCS,222.1,6,3.0,2015-02-07 00:00:00+00:00,2015-02-22 00:00:00+00:00,2015,0.0,0.0,0.0,222.1,6.0,3.0,0.5
player::azingy,team::dig,Azingy,Dignitas,Dignitas,Apex Gaming | Dignitas,major,LCS,476.98333333333335,12,5.0,2015-02-28 00:00:00+00:00,2015-06-07 00:00:00+00:00,2015,0.0,0.0,0.0,476.98333333333335,12.0,5.0,0.4166666666666667
player::helios-shin-dong-jin,team::dig,Helios (Shin Dong-jin),Dignitas,Dignitas,Apex Gaming | Dignitas,major,LCS,629.65,17,7.0,2015-06-13 00:00:00+00:00,2015-08-08 00:00:00+00:00,2015,0.0,0.0,0.0,629.65,17.0,7.0,0.4117647058823529
player::apollo-apollo-price,team::dig,Apollo (Apollo Price),Dignitas,Dignitas,Apex Gaming | Dignitas,major,LCS,665.5333333333333,18,4.0,2016-01-16 00:00:00+00:00,2016-03-20 00:00:00+00:00,2016,0.0,0.0,0.0,665.5333333333333,18.0,4.0,0.2222222222222222
player::kirei,team::dig,Kirei,Dignitas,Dignitas,Apex Gaming | Dignitas,major,LCS,665.5333333333333,18,4.0,2016-01-16 00:00:00+00:00,2016-03-20 00:00:00+00:00,2016,0.0,0.0,0.0,665.5333333333333,18.0,4.0,0.2222222222222222
player::smittyj,team::dig,Smittyj,Dignitas,Dignitas,Apex Gaming | Dignitas,major,LCS,72.2,2,1.0,2016-01-16 00:00:00+00:00,2016-01-17 00:00:00+00:00,2016,0.0,0.0,0.0,72.2,2.0,1.0,0.5
player::billyboss,team::dig,BillyBoss,Dignitas,Dignitas,Apex Gaming | Dignitas,major,LCS,593.3333333333334,16,3.0,2016-01-23 00:00:00+00:00,2016-03-20 00:00:00+00:00,2016,0.0,0.0,0.0,593.3333333333334,16.0,3.0,0.1875
player::apollo-apollo-price,team::dig,Apollo (Apollo Price),Dignitas,Apex Gaming,Apex Gaming | Dignitas,major,LCS,1736.0833333333333,46,21.0,2016-06-04 00:00:00+00:00,2016-07-31 00:00:00+00:00,2016,0.0,0.0,0.0,1736.0833333333333,46.0,21.0,0.45652173913043476
player::keane,team::dig,Keane,Dignitas,Apex Gaming,Apex Gaming | Dignitas,major,LCS,1736.0833333333333,46,21.0,2016-06-04 00:00:00+00:00,2016-07-31 00:00:00+00:00,2016,0.0,0.0,0.0,1736.0833333333333,46.0,21.0,0.45652173913043476
player::ray,team::dig,Ray,Dignitas,Apex Gaming,Apex Gaming | Dignitas,major,LCS,1736.0833333333333,46,21.0,2016-06-04 00:00:00+00:00,2016-07-31 00:00:00+00:00,2016,0.0,0.0,0.0,1736.0833333333333,46.0,21.0,0.45652173913043476
player::shrimp,team::dig,Shrimp,Dignitas,Apex Gaming,Apex Gaming | Dignitas,major,LCS,1736.0833333333333,46,21.0,2016-06-04 00:00:00+00:00,2016-07-31 00:00:00+00:00,2016,0.0,0.0,0.0,1736.0833333333333,46.0,21.0,0.45652173913043476
player::xpecial,team::dig,Xpecial,Dignitas,Apex Gaming,Apex Gaming | Dignitas,major,LCS,1736.0833333333333,46,21.0,2016-06-04 00:00:00+00:00,2016-07-31 00:00:00+00:00,2016,0.0,0.0,0.0,1736.0833333333333,46.0,21.0,0.45652173913043476
player::chaser,team::dig,Chaser,Dignitas,Dignitas,Apex Gaming | Dignitas,major,LCS,2059.85,53,26.0,2017-01-21 00:00:00+00:00,2017-06-11 00:00:00+00:00,2017,0.0,0.0,0.0,2059.85,53.0,26.0,0.49056603773584906
player::keane,team::dig,Keane,Dignitas,Dignitas,Apex Gaming | Dignitas,major,LCS,4055.55,112,55.0,2017-01-21 00:00:00+00:00,2017-09-08 00:00:00+00:00,2017,0.0,0.0,0.0,4055.55,112.0,55.0,0.49107142857142855
player::lod,team::dig,LOD,Dignitas,Dignitas,Apex Gaming | Dignitas,major,LCS,2604.833333333333,68,34.0,2017-01-21 00:00:00+00:00,2017-07-01 00:00:00+00:00,2017,0.0,0.0,0.0,2604.833333333333,68.0,34.0,0.5
player::ssumday,team::dig,Ssumday,Dignitas,Dignitas,Apex Gaming | Dignitas,major,LCS,4055.55,112,55.0,2017-01-21 00:00:00+00:00,2017-09-08 00:00:00+00:00,2017,0.0,0.0,0.0,4055.55,112.0,55.0,0.49107142857142855
player::xpecial,team::dig,Xpecial,Dignitas,Dignitas,Apex Gaming | Dignitas,major,LCS,1704.3833333333332,44,20.0,2017-01-21 00:00:00+00:00,2017-04-08 00:00:00+00:00,2017,0.0,0.0,0.0,1704.3833333333332,44.0,20.0,0.45454545454545453
player::stunt,team::dig,Stunt,Dignitas,Dignitas,Apex Gaming | Dignitas,major,LCS,117.71666666666668,3,2.0,2017-02-12 00:00:00+00:00,2017-02-18 00:00:00+00:00,2017,0.0,0.0,0.0,117.71666666666668,3.0,2.0,0.6666666666666666
player::big,team::dig,Big,Dignitas,Dignitas,Apex Gaming | Dignitas,major,LCS,1051.2166666666667,29,15.0,2017-06-03 00:00:00+00:00,2017-07-02 00:00:00+00:00,2017,0.0,0.0,0.0,1051.2166666666667,29.0,15.0,0.5172413793103449
player::shrimp,team::dig,Shrimp,Dignitas,Dignitas,Apex Gaming | Dignitas,major,LCS,1995.7,59,29.0,2017-06-10 00:00:00+00:00,2017-09-08 00:00:00+00:00,2017,0.0,0.0,0.0,1995.7,59.0,29.0,0.4915254237288136
player::altec,team::dig,Altec,Dignitas,Dignitas,Apex Gaming | Dignitas,major,LCS,1450.7166666666667,44,21.0,2017-06-25 00:00:00+00:00,2017-09-08 00:00:00+00:00,2017,0.0,0.0,0.0,1450.7166666666667,44.0,21.0,0.4772727272727273
player::adrian-adrian-ma,team::dig,Adrian (Adrian Ma),Dignitas,Dignitas,Apex Gaming | Dignitas,major,LCS,1182.2333333333331,36,18.0,2017-07-15 00:00:00+00:00,2017-09-08 00:00:00+00:00,2017,0.0,0.0,0.0,1182.2333333333331,36.0,18.0,0.5
player::chuffer,team::direwolves,ChuffeR,Dire Wolves,Dire Wolves,Dire Wolves,wildcard,OPL,1043.95,27,17.0,2015-02-09 00:00:00+00:00,2015-06-18 00:00:00+00:00,2015,0.0,0.0,0.0,1043.95,27.0,17.0,0.6296296296296297
player::k1ng,team::direwolves,k1ng,Dire Wolves,Dire Wolves,Dire Wolves,wildcard,OPL,5058.65,148,109.0,2015-02-09 00:00:00+00:00,2018-09-02 00:00:00+00:00,2015|2017|2018,660.1,21.0,6.0,5718.75,169.0,115.0,0.7364864864864865
player::perfection,team::direwolves,Perfection,Dire Wolves,Dire Wolves,Dire Wolves,wildcard,OPL,1291.4166666666663,34,20.0,2015-02-09 00:00:00+00:00,2015-07-23 00:00:00+00:00,2015,0.0,0.0,0.0,1291.4166666666663,34.0,20.0,0.5882352941176471
player::sharp-curtis-morgan,team::direwolves,Sharp (Curtis Morgan),Dire Wolves,Dire Wolves,Dire Wolves,wildcard,OPL,2377.0166666666664,65,36.0,2015-02-09 00:00:00+00:00,2016-03-29 00:00:00+00:00,2015|2016,0.0,0.0,0.0,2377.0166666666664,65.0,36.0,0.5538461538461539
player::soulstrikes,team::direwolves,SoulStrikes,Dire Wolves,Dire Wolves,Dire Wolves,wildcard,OPL,760.6333333333332,19,12.0,2015-02-09 00:00:00+00:00,2015-04-09 00:00:00+00:00,2015,0.0,0.0,0.0,760.6333333333332,19.0,12.0,0.631578947368421
player::yoyo,team::direwolves,yoyo,Dire Wolves,Dire Wolves,Dire Wolves,wildcard,OPL,93.43333333333334,2,2.0,2015-03-16 00:00:00+00:00,2015-03-23 00:00:00+00:00,2015,0.0,0.0,0.0,93.43333333333334,2.0,2.0,1.0
player::sybol,team::direwolves,Sybol,Dire Wolves,Dire Wolves,Dire Wolves,wildcard,OPL,2751.6833333333334,80,43.0,2015-05-25 00:00:00+00:00,2017-02-19 00:00:00+00:00,2015|2016|2017,0.0,0.0,0.0,2751.6833333333334,80.0,43.0,0.5375
player::chippys,team::direwolves,Chippys,Dire Wolves,Dire Wolves,Dire Wolves,wildcard,OPL,3928.0833333333335,118,86.0,2015-06-08 00:00:00+00:00,2018-03-31 00:00:00+00:00,2015|2016|2017|2018,533.5666666666666,17.0,5.0,4461.65,135.0,91.0,0.7288135593220338
player::nada,team::direwolves,NADA,Dire Wolves,Dire Wolves,Dire Wolves,wildcard,OPL,282.7833333333333,8,4.0,2015-06-29 00:00:00+00:00,2015-07-23 00:00:00+00:00,2015,0.0,0.0,0.0,282.7833333333333,8.0,4.0,0.5
player::cuden,team::direwolves,Cuden,Dire Wolves,Dire Wolves,Dire Wolves,wildcard,OPL,1015.6166666666668,30,13.0,2016-01-18 00:00:00+00:00,2016-05-24 00:00:00+00:00,2016,0.0,0.0,0.0,1015.6166666666668,30.0,13.0,0.43333333333333335
player::phantiks,team::direwolves,Phantiks,Dire Wolves,Dire Wolves,Dire Wolves,wildcard,OPL,3653.0666666666666,111,72.0,2016-01-18 00:00:00+00:00,2017-09-02 00:00:00+00:00,2016|2017,349.31666666666666,11.0,3.0,4002.383333333333,122.0,75.0,0.6486486486486487
player::raes,team::direwolves,Raes,Dire Wolves,Dire Wolves,Dire Wolves,wildcard,OPL,1796.65,53,30.0,2016-01-18 00:00:00+00:00,2016-07-27 00:00:00+00:00,2016,0.0,0.0,0.0,1796.65,53.0,30.0,0.5660377358490566
player::rippii,team::direwolves,Rippii,Dire Wolves,Dire Wolves,Dire Wolves,wildcard,OPL,63.0,2,1.0,2016-02-24 00:00:00+00:00,2016-03-23 00:00:00+00:00,2016,0.0,0.0,0.0,63.0,2.0,1.0,0.5
player::regret9,team::direwolves,Regret9,Dire Wolves,Dire Wolves,Dire Wolves,wildcard,OPL,846.8,25,16.0,2016-05-30 00:00:00+00:00,2016-08-02 00:00:00+00:00,2016,0.0,0.0,0.0,846.8,25.0,16.0,0.64
player::raydere,team::direwolves,Raydere,Dire Wolves,Dire Wolves,Dire Wolves,wildcard,OPL,103.06666666666666,3,0.0,2016-08-02 00:00:00+00:00,2016-08-02 00:00:00+00:00,2016,0.0,0.0,0.0,103.06666666666666,3.0,0.0,0.0
player::destiny-mitchell-shaw,team::direwolves,Destiny (Mitchell Shaw),Dire Wolves,Dire Wolves,Dire Wolves,wildcard,OPL,1795.1,56,43.0,2017-01-21 00:00:00+00:00,2017-09-02 00:00:00+00:00,2017,349.31666666666666,11.0,3.0,2144.4166666666665,67.0,46.0,0.7678571428571429
player::shernfire,team::direwolves,Shernfire,Dire Wolves,Dire Wolves,Dire Wolves,wildcard,OPL,3359.483333333333,102,82.0,2017-02-05 00:00:00+00:00,2018-09-02 00:00:00+00:00,2017|2018,592.7666666666667,19.0,5.0,3952.25,121.0,87.0,0.803921568627451
player::cupcake,team::direwolves,Cupcake,Dire Wolves,Dire Wolves,Dire Wolves,wildcard,OPL,1926.8166666666668,57,46.0,2018-01-19 00:00:00+00:00,2018-09-02 00:00:00+00:00,2018,310.78333333333336,10.0,3.0,2237.6000000000004,67.0,49.0,0.8070175438596491
player::praelus,team::direwolves,Praelus,Dire Wolves,Dire Wolves,Dire Wolves,wildcard,OPL,160.18333333333334,5,4.0,2018-01-19 00:00:00+00:00,2018-01-27 00:00:00+00:00,2018,0.0,0.0,0.0,160.18333333333334,5.0,4.0,0.8
player::triple,team::direwolves,Triple,Dire Wolves,Dire Wolves,Dire Wolves,wildcard,OPL,1926.8166666666668,57,46.0,2018-01-19 00:00:00+00:00,2018-09-02 00:00:00+00:00,2018,310.78333333333336,10.0,3.0,2237.6000000000004,67.0,49.0,0.8070175438596491
player::biopanther,team::direwolves,BioPanther,Dire Wolves,Dire Wolves,Dire Wolves,wildcard,OPL,2473.616666666667,74,37.0,2018-06-09 00:00:00+00:00,2019-08-22 00:00:00+00:00,2018|2019,126.53333333333332,4.0,1.0,2600.15,78.0,38.0,0.5
player::anderu,team::direwolves,Anderu,Dire Wolves,Dire Wolves,Dire Wolves,wildcard,OPL,683.4499999999999,21,1.0,2019-01-18 00:00:00+00:00,2019-03-23 00:00:00+00:00,2019,0.0,0.0,0.0,683.4499999999999,21.0,1.0,0.047619047619047616
player::corporal,team::direwolves,Corporal,Dire Wolves,Dire Wolves,Dire Wolves,wildcard,OPL,812.3166666666666,25,3.0,2019-01-18 00:00:00+00:00,2019-08-22 00:00:00+00:00,2019,0.0,0.0,0.0,812.3166666666666,25.0,3.0,0.12
player::getback,team::direwolves,Getback,Dire Wolves,Dire Wolves,Dire Wolves,wildcard,OPL,1527.6166666666666,46,14.0,2019-01-18 00:00:00+00:00,2019-08-22 00:00:00+00:00,2019,0.0,0.0,0.0,1527.6166666666666,46.0,14.0,0.30434782608695654
player::udysof,team::direwolves,UDYSOF,Dire Wolves,Dire Wolves,Dire Wolves,wildcard,OPL,683.4499999999999,21,1.0,2019-01-18 00:00:00+00:00,2019-03-23 00:00:00+00:00,2019,67.33333333333334,2.0,1.0,750.7833333333333,23.0,2.0,0.047619047619047616
player::katsurii,team::direwolves,Katsurii,Dire Wolves,Dire Wolves,Dire Wolves,wildcard,OPL,844.1666666666666,25,13.0,2019-06-07 00:00:00+00:00,2019-08-22 00:00:00+00:00,2019,0.0,0.0,0.0,844.1666666666666,25.0,13.0,0.52
player::raise,team::direwolves,Raise,Dire Wolves,Dire Wolves,Dire Wolves,wildcard,OPL,844.1666666666666,25,13.0,2019-06-07 00:00:00+00:00,2019-08-22 00:00:00+00:00,2019,0.0,0.0,0.0,844.1666666666666,25.0,13.0,0.52
player::totoro-eun-jong-seop,team::direwolves,Totoro (Eun Jong-seop),Dire Wolves,Dire Wolves,Dire Wolves,wildcard,OPL,715.3,21,11.0,2019-06-07 00:00:00+00:00,2019-08-22 00:00:00+00:00,2019,0.0,0.0,0.0,715.3,21.0,11.0,0.5238095238095238
player::changhong,team::dominusesports,Changhong,Dominus Esports,Dominus Esports,Dominus Esports,major,LPL,1944.1166666666663,60,28.0,2019-01-15 00:00:00+00:00,2019-07-16 00:00:00+00:00,2019,0.0,0.0,0.0,1944.1166666666663,60.0,28.0,0.4666666666666667
player::gala,team::dominusesports,GALA,Dominus Esports,Dominus Esports,Dominus Esports,major,LPL,2496.95,77,39.0,2019-01-15 00:00:00+00:00,2019-08-16 00:00:00+00:00,2019,0.0,0.0,0.0,2496.95,77.0,39.0,0.5064935064935064
player::mark-ling-xu,team::dominusesports,Mark (Ling Xu),Dominus Esports,Dominus Esports,Dominus Esports,major,LPL,2462.5,76,38.0,2019-01-15 00:00:00+00:00,2019-08-16 00:00:00+00:00,2019,0.0,0.0,0.0,2462.5,76.0,38.0,0.5
player::twila,team::dominusesports,Twila,Dominus Esports,Dominus Esports,Dominus Esports,major,LPL,2496.95,77,39.0,2019-01-15 00:00:00+00:00,2019-08-16 00:00:00+00:00,2019,0.0,0.0,0.0,2496.95,77.0,39.0,0.5064935064935064
player::xiaopeng,team::dominusesports,Xiaopeng,Dominus Esports,Dominus Esports,Dominus Esports,major,LPL,2167.2666666666664,67,33.0,2019-01-15 00:00:00+00:00,2019-08-16 00:00:00+00:00,2019,0.0,0.0,0.0,2167.2666666666664,67.0,33.0,0.4925373134328358
player::mitsuki,team::dominusesports,Mitsuki,Dominus Esports,Dominus Esports,Dominus Esports,major,LPL,34.45,1,1.0,2019-03-31 00:00:00+00:00,2019-03-31 00:00:00+00:00,2019,0.0,0.0,0.0,34.45,1.0,1.0,1.0
player::aitong,team::dominusesports,Aitong,Dominus Esports,Dominus Esports,Dominus Esports,major,LPL,329.68333333333334,10,6.0,2019-06-26 00:00:00+00:00,2019-08-06 00:00:00+00:00,2019,0.0,0.0,0.0,329.68333333333334,10.0,6.0,0.6
player::natural,team::dominusesports,Natural,Dominus Esports,Dominus Esports,Dominus Esports,major,LPL,552.8333333333334,17,11.0,2019-07-21 00:00:00+00:00,2019-08-16 00:00:00+00:00,2019,0.0,0.0,0.0,552.8333333333334,17.0,11.0,0.6470588235294118
player::hanji,team::dor,HanJi,Dream or Reality,Machi Crew,Machi Crew | Dream or Reality,major,LMS,168.54999999999998,6,0.0,2015-01-08 00:00:00+00:00,2015-01-16 00:00:00+00:00,2015,0.0,0.0,0.0,168.54999999999998,6.0,0.0,0.0
player::hanshao,team::dor,HanShao,Dream or Reality,Machi Crew,Machi Crew | Dream or Reality,major,LMS,66.15,2,0.0,2015-01-08 00:00:00+00:00,2015-01-08 00:00:00+00:00,2015,0.0,0.0,0.0,66.15,2.0,0.0,0.0
player::honeyrain,team::dor,HoNeyRain,Dream or Reality,Machi Crew,Machi Crew | Dream or Reality,major,LMS,168.54999999999998,6,0.0,2015-01-08 00:00:00+00:00,2015-01-16 00:00:00+00:00,2015,0.0,0.0,0.0,168.54999999999998,6.0,0.0,0.0
player::leemid,team::dor,LeeMid,Dream or Reality,Machi Crew,Machi Crew | Dream or Reality,major,LMS,66.15,2,0.0,2015-01-08 00:00:00+00:00,2015-01-08 00:00:00+00:00,2015,0.0,0.0,0.0,66.15,2.0,0.0,0.0
player::threshmelon,team::dor,ThreshMelon,Dream or Reality,Machi Crew,Machi Crew | Dream or Reality,major,LMS,168.54999999999998,6,0.0,2015-01-08 00:00:00+00:00,2015-01-16 00:00:00+00:00,2015,0.0,0.0,0.0,168.54999999999998,6.0,0.0,0.0
player::arjuan,team::dor,ArJuan,Dream or Reality,Machi Crew,Machi Crew | Dream or Reality,major,LMS,102.39999999999998,4,0.0,2015-01-15 00:00:00+00:00,2015-01-16 00:00:00+00:00,2015,0.0,0.0,0.0,102.39999999999998,4.0,0.0,0.0
player::kawai,team::dor,Kawai,Dream or Reality,Machi Crew,Machi Crew | Dream or Reality,major,LMS,102.39999999999998,4,0.0,2015-01-15 00:00:00+00:00,2015-01-16 00:00:00+00:00,2015,0.0,0.0,0.0,102.39999999999998,4.0,0.0,0.0
player::arjuan,team::dor,ArJuan,Dream or Reality,Dream or Reality,Machi Crew | Dream or Reality,major,LMS,422.75,15,0.0,2015-01-22 00:00:00+00:00,2015-03-20 00:00:00+00:00,2015,0.0,0.0,0.0,422.75,15.0,0.0,0.0
player::hanji,team::dor,HanJi,Dream or Reality,Dream or Reality,Machi Crew | Dream or Reality,major,LMS,422.75,15,0.0,2015-01-22 00:00:00+00:00,2015-03-20 00:00:00+00:00,2015,0.0,0.0,0.0,422.75,15.0,0.0,0.0
player::honeyrain,team::dor,HoNeyRain,Dream or Reality,Dream or Reality,Machi Crew | Dream or Reality,major,LMS,422.75,15,0.0,2015-01-22 00:00:00+00:00,2015-03-20 00:00:00+00:00,2015,0.0,0.0,0.0,422.75,15.0,0.0,0.0
player::kawai,team::dor,Kawai,Dream or Reality,Dream or Reality,Machi Crew | Dream or Reality,major,LMS,333.7,12,0.0,2015-01-22 00:00:00+00:00,2015-03-20 00:00:00+00:00,2015,0.0,0.0,0.0,333.7,12.0,0.0,0.0
player::threshmelon,team::dor,ThreshMelon,Dream or Reality,Dream or Reality,Machi Crew | Dream or Reality,major,LMS,422.75,15,0.0,2015-01-22 00:00:00+00:00,2015-03-20 00:00:00+00:00,2015,0.0,0.0,0.0,422.75,15.0,0.0,0.0
player::leemid,team::dor,LeeMid,Dream or Reality,Dream or Reality,Machi Crew | Dream or Reality,major,LMS,89.05,3,0.0,2015-02-13 00:00:00+00:00,2015-02-15 00:00:00+00:00,2015,0.0,0.0,0.0,89.05,3.0,0.0,0.0
player::mirrorend,team::dragon,MirrorEnd,Dragon,Dragon,Dragon,wildcard,LCL,102.95,3,0.0,2015-05-30 00:00:00+00:00,2015-06-07 00:00:00+00:00,2015,0.0,0.0,0.0,102.95,3.0,0.0,0.0
player::never1de,team::dragon,never1de,Dragon,Dragon,Dragon,wildcard,LCL,220.25,7,0.0,2015-05-30 00:00:00+00:00,2015-06-21 00:00:00+00:00,2015,0.0,0.0,0.0,220.25,7.0,0.0,0.0
player::nzq,team::dragon,Nzq,Dragon,Dragon,Dragon,wildcard,LCL,220.25,7,0.0,2015-05-30 00:00:00+00:00,2015-06-21 00:00:00+00:00,2015,0.0,0.0,0.0,220.25,7.0,0.0,0.0
player::piter-pokir,team::dragon,Piter Pokir,Dragon,Dragon,Dragon,wildcard,LCL,220.25,7,0.0,2015-05-30 00:00:00+00:00,2015-06-21 00:00:00+00:00,2015,0.0,0.0,0.0,220.25,7.0,0.0,0.0
player::powerofdreams,team::dragon,PowerOfDreams,Dragon,Dragon,Dragon,wildcard,LCL,220.25,7,0.0,2015-05-30 00:00:00+00:00,2015-06-21 00:00:00+00:00,2015,0.0,0.0,0.0,220.25,7.0,0.0,0.0
player::justno0b,team::dragon,JustNo0b,Dragon,Dragon,Dragon,wildcard,LCL,57.73333333333333,2,0.0,2015-06-14 00:00:00+00:00,2015-06-14 00:00:00+00:00,2015,0.0,0.0,0.0,57.73333333333333,2.0,0.0,0.0
player::ansva,team::dragon,Ansva,Dragon,Dragon,Dragon,wildcard,LCL,203.9333333333333,6,1.0,2015-06-20 00:00:00+00:00,2015-07-14 00:00:00+00:00,2015,0.0,0.0,0.0,203.9333333333333,6.0,1.0,0.16666666666666666
player::hed1n,team::dragon,Hed1N,Dragon,Dragon,Dragon,wildcard,LCL,144.36666666666665,4,1.0,2015-06-28 00:00:00+00:00,2015-07-14 00:00:00+00:00,2015,0.0,0.0,0.0,144.36666666666665,4.0,1.0,0.25
player::mindsoul,team::dragon,MindSoul,Dragon,Dragon,Dragon,wildcard,LCL,144.36666666666665,4,1.0,2015-06-28 00:00:00+00:00,2015-07-14 00:00:00+00:00,2015,0.0,0.0,0.0,144.36666666666665,4.0,1.0,0.25
player::niksar,team::dragon,NikSar,Dragon,Dragon,Dragon,wildcard,LCL,60.41666666666666,2,0.0,2015-06-28 00:00:00+00:00,2015-06-28 00:00:00+00:00,2015,0.0,0.0,0.0,60.41666666666666,2.0,0.0,0.0
player::romero,team::dragon,Romero,Dragon,Dragon,Dragon,wildcard,LCL,144.36666666666665,4,1.0,2015-06-28 00:00:00+00:00,2015-07-14 00:00:00+00:00,2015,0.0,0.0,0.0,144.36666666666665,4.0,1.0,0.25
player::dima,team::dragon,Dima,Dragon,Dragon,Dragon,wildcard,LCL,83.94999999999999,2,1.0,2015-07-05 00:00:00+00:00,2015-07-14 00:00:00+00:00,2015,0.0,0.0,0.0,83.94999999999999,2.0,1.0,0.5
player::2188,team::dragongateteam,2188,Dragon Gate Team,Dragon Gate Team,Dragon Gate Team,major,LMS,1029.9833333333331,33,7.0,2019-01-18 00:00:00+00:00,2019-03-28 00:00:00+00:00,2019,0.0,0.0,0.0,1029.9833333333331,33.0,7.0,0.21212121212121213
player::jgy,team::dragongateteam,JGY,Dragon Gate Team,Dragon Gate Team,Dragon Gate Team,major,LMS,1029.9833333333331,33,7.0,2019-01-18 00:00:00+00:00,2019-03-28 00:00:00+00:00,2019,0.0,0.0,0.0,1029.9833333333331,33.0,7.0,0.21212121212121213
player::pasa,team::dragongateteam,PaSa,Dragon Gate Team,Dragon Gate Team,Dragon Gate Team,major,LMS,1029.9833333333331,33,7.0,2019-01-18 00:00:00+00:00,2019-03-28 00:00:00+00:00,2019,0.0,0.0,0.0,1029.9833333333331,33.0,7.0,0.21212121212121213
player::xiaobo,team::dragongateteam,Xiaobo,Dragon Gate Team,Dragon Gate Team,Dragon Gate Team,major,LMS,248.86666666666665,8,3.0,2019-01-18 00:00:00+00:00,2019-01-26 00:00:00+00:00,2019,0.0,0.0,0.0,248.86666666666665,8.0,3.0,0.375
player::yulun,team::dragongateteam,YuLun,Dragon Gate Team,Dragon Gate Team,Dragon Gate Team,major,LMS,255.8333333333333,9,2.0,2019-01-18 00:00:00+00:00,2019-03-27 00:00:00+00:00,2019,0.0,0.0,0.0,255.8333333333333,9.0,2.0,0.2222222222222222
player::moonblack,team::dragongateteam,Moonblack,Dragon Gate Team,Dragon Gate Team,Dragon Gate Team,major,LMS,942.15,30,5.0,2019-01-24 00:00:00+00:00,2019-03-28 00:00:00+00:00,2019,0.0,0.0,0.0,942.15,30.0,5.0,0.16666666666666666
player::soul-liu-kai,team::dragongateteam,Soul (Liu Kai),Dragon Gate Team,Dragon Gate Team,Dragon Gate Team,major,LMS,613.1166666666667,19,4.0,2019-02-21 00:00:00+00:00,2019-03-28 00:00:00+00:00,2019,0.0,0.0,0.0,613.1166666666667,19.0,4.0,0.21052631578947367
player::big,team::echofox,Big,Echo Fox,Echo Fox,Echo Fox,major,LCS,2122.233333333333,58,14.0,2016-01-16 00:00:00+00:00,2016-07-31 00:00:00+00:00,2016,0.0,0.0,0.0,2122.233333333333,58.0,14.0,0.2413793103448276
player::froggen,team::echofox,Froggen,Echo Fox,Echo Fox,Echo Fox,major,LCS,4928.716666666666,135,44.0,2016-01-16 00:00:00+00:00,2017-08-06 00:00:00+00:00,2016|2017,0.0,0.0,0.0,4928.716666666666,135.0,44.0,0.32592592592592595
player::hard,team::echofox,Hard,Echo Fox,Echo Fox,Echo Fox,major,LCS,1797.1833333333334,47,13.0,2016-01-16 00:00:00+00:00,2016-07-31 00:00:00+00:00,2016,0.0,0.0,0.0,1797.1833333333334,47.0,13.0,0.2765957446808511
player::keith,team::echofox,Keith,Echo Fox,Echo Fox,Echo Fox,major,LCS,4899.666666666667,133,42.0,2016-01-16 00:00:00+00:00,2017-08-06 00:00:00+00:00,2016|2017,0.0,0.0,0.0,4899.666666666667,133.0,42.0,0.3157894736842105
player::kfo,team::echofox,kfo,Echo Fox,Echo Fox,Echo Fox,major,LCS,1982.5833333333333,54,14.0,2016-01-16 00:00:00+00:00,2016-07-31 00:00:00+00:00,2016,0.0,0.0,0.0,1982.5833333333333,54.0,14.0,0.25925925925925924
player::goldenglue,team::echofox,Goldenglue,Echo Fox,Echo Fox,Echo Fox,major,LCS,183.0,5,0.0,2016-01-24 00:00:00+00:00,2016-02-07 00:00:00+00:00,2016,0.0,0.0,0.0,183.0,5.0,0.0,0.0
player::grigne,team::echofox,Grigne,Echo Fox,Echo Fox,Echo Fox,major,LCS,159.1,5,0.0,2016-01-24 00:00:00+00:00,2016-06-19 00:00:00+00:00,2016,0.0,0.0,0.0,159.1,5.0,0.0,0.0
player::solo-colin-earnest,team::echofox,Solo (Colin Earnest),Echo Fox,Echo Fox,Echo Fox,major,LCS,1391.6666666666667,39,12.0,2016-01-24 00:00:00+00:00,2019-08-04 00:00:00+00:00,2016|2019,0.0,0.0,0.0,1391.6666666666667,39.0,12.0,0.3076923076923077
player::lod,team::echofox,LOD,Echo Fox,Echo Fox,Echo Fox,major,LCS,43.35,1,0.0,2016-02-07 00:00:00+00:00,2016-02-07 00:00:00+00:00,2016,0.0,0.0,0.0,43.35,1.0,0.0,0.0
player::stunt,team::echofox,Stunt,Echo Fox,Echo Fox,Echo Fox,major,LCS,43.35,1,0.0,2016-02-07 00:00:00+00:00,2016-02-07 00:00:00+00:00,2016,0.0,0.0,0.0,43.35,1.0,0.0,0.0
player::kez,team::echofox,Kez,Echo Fox,Echo Fox,Echo Fox,major,LCS,209.3,7,1.0,2016-07-10 00:00:00+00:00,2016-07-17 00:00:00+00:00,2016,0.0,0.0,0.0,209.3,7.0,1.0,0.14285714285714285
player::akaadian,team::echofox,Akaadian,Echo Fox,Echo Fox,Echo Fox,major,LCS,2790.3,77,29.0,2017-01-20 00:00:00+00:00,2017-08-06 00:00:00+00:00,2017,0.0,0.0,0.0,2790.3,77.0,29.0,0.37662337662337664
player::gate,team::echofox,Gate,Echo Fox,Echo Fox,Echo Fox,major,LCS,3125.1,86,31.0,2017-01-20 00:00:00+00:00,2017-08-06 00:00:00+00:00,2017,0.0,0.0,0.0,3125.1,86.0,31.0,0.36046511627906974
player::looper,team::echofox,Looper,Echo Fox,Echo Fox,Echo Fox,major,LCS,2691.8166666666666,72,27.0,2017-01-20 00:00:00+00:00,2017-07-22 00:00:00+00:00,2017,0.0,0.0,0.0,2691.8166666666666,72.0,27.0,0.375
player::grig,team::echofox,Grig,Echo Fox,Echo Fox,Echo Fox,major,LCS,334.8,9,2.0,2017-06-10 00:00:00+00:00,2017-07-22 00:00:00+00:00,2017,0.0,0.0,0.0,334.8,9.0,2.0,0.2222222222222222
player::damonte,team::echofox,Damonte,Echo Fox,Echo Fox,Echo Fox,major,LCS,1137.35,33,14.0,2017-07-14 00:00:00+00:00,2018-09-16 00:00:00+00:00,2017|2018,0.0,0.0,0.0,1137.35,33.0,14.0,0.42424242424242425
player::mash,team::echofox,Mash,Echo Fox,Echo Fox,Echo Fox,major,LCS,347.66666666666663,11,3.0,2017-07-14 00:00:00+00:00,2017-08-06 00:00:00+00:00,2017,0.0,0.0,0.0,347.66666666666663,11.0,3.0,0.2727272727272727
player::brandini,team::echofox,Brandini,Echo Fox,Echo Fox,Echo Fox,major,LCS,433.2833333333333,14,4.0,2017-07-16 00:00:00+00:00,2017-08-06 00:00:00+00:00,2017,0.0,0.0,0.0,433.2833333333333,14.0,4.0,0.2857142857142857
player::adrian-adrian-ma,team::echofox,Adrian (Adrian Ma),Echo Fox,Echo Fox,Echo Fox,major,LCS,846.6333333333333,25,17.0,2018-01-20 00:00:00+00:00,2018-06-17 00:00:00+00:00,2018,0.0,0.0,0.0,846.6333333333333,25.0,17.0,0.68
player::altec,team::echofox,Altec,Echo Fox,Echo Fox,Echo Fox,major,LCS,1241.4833333333331,36,22.0,2018-01-20 00:00:00+00:00,2018-07-23 00:00:00+00:00,2018,0.0,0.0,0.0,1241.4833333333331,36.0,22.0,0.6111111111111112
player::dardoch,team::echofox,Dardoch,Echo Fox,Echo Fox,Echo Fox,major,LCS,1938.3166666666668,57,32.0,2018-01-20 00:00:00+00:00,2018-09-16 00:00:00+00:00,2018,0.0,0.0,0.0,1938.3166666666668,57.0,32.0,0.5614035087719298
player::fenix,team::echofox,Fenix,Echo Fox,Echo Fox,Echo Fox,major,LCS,2250.45,65,31.0,2018-01-20 00:00:00+00:00,2019-08-04 00:00:00+00:00,2018|2019,0.0,0.0,0.0,2250.45,65.0,31.0,0.47692307692307695
player::huni,team::echofox,Huni,Echo Fox,Echo Fox,Echo Fox,major,LCS,1938.3166666666668,57,32.0,2018-01-20 00:00:00+00:00,2018-09-16 00:00:00+00:00,2018,0.0,0.0,0.0,1938.3166666666668,57.0,32.0,0.5614035087719298
player::papa-chau,team::echofox,Papa Chau,Echo Fox,Echo Fox,Echo Fox,major,LCS,119.66666666666666,3,1.0,2018-03-17 00:00:00+00:00,2018-03-18 00:00:00+00:00,2018,0.0,0.0,0.0,119.66666666666666,3.0,1.0,0.3333333333333333
player::feng-wang-xiao-feng,team::echofox,Feng (Wang Xiao-Feng),Echo Fox,Echo Fox,Echo Fox,major,LCS,275.18333333333334,8,4.0,2018-06-23 00:00:00+00:00,2018-07-23 00:00:00+00:00,2018,0.0,0.0,0.0,275.18333333333334,8.0,4.0,0.5
player::lost-lawrence-hui,team::echofox,Lost (Lawrence Hui),Echo Fox,Echo Fox,Echo Fox,major,LCS,826.3833333333333,25,11.0,2018-07-29 00:00:00+00:00,2019-06-09 00:00:00+00:00,2018|2019,0.0,0.0,0.0,826.3833333333333,25.0,11.0,0.44
player::smoothie,team::echofox,Smoothie,Echo Fox,Echo Fox,Echo Fox,major,LCS,696.8333333333333,21,10.0,2018-07-29 00:00:00+00:00,2018-09-16 00:00:00+00:00,2018,0.0,0.0,0.0,696.8333333333333,21.0,10.0,0.47619047619047616
player::apollo-apollo-price,team::echofox,Apollo (Apollo Price),Echo Fox,Echo Fox,Echo Fox,major,LCS,1270.5166666666669,36,12.0,2019-01-27 00:00:00+00:00,2019-08-04 00:00:00+00:00,2019,0.0,0.0,0.0,1270.5166666666669,36.0,12.0,0.3333333333333333
player::hakuho,team::echofox,Hakuho,Echo Fox,Echo Fox,Echo Fox,major,LCS,1400.0666666666666,40,13.0,2019-01-27 00:00:00+00:00,2019-08-04 00:00:00+00:00,2019,0.0,0.0,0.0,1400.0666666666666,40.0,13.0,0.325
player::rush,team::echofox,Rush,Echo Fox,Echo Fox,Echo Fox,major,LCS,847.4666666666667,24,10.0,2019-01-27 00:00:00+00:00,2019-06-16 00:00:00+00:00,2019,0.0,0.0,0.0,847.4666666666667,24.0,10.0,0.4166666666666667
player::panda-james-ding,team::echofox,Panda (James Ding),Echo Fox,Echo Fox,Echo Fox,major,LCS,196.45,6,1.0,2019-03-03 00:00:00+00:00,2019-06-24 00:00:00+00:00,2019,0.0,0.0,0.0,196.45,6.0,1.0,0.16666666666666666
player::yusui,team::echofox,Yusui,Echo Fox,Echo Fox,Echo Fox,major,LCS,129.55,4,1.0,2019-06-02 00:00:00+00:00,2019-06-09 00:00:00+00:00,2019,0.0,0.0,0.0,129.55,4.0,1.0,0.25
player::lourlo,team::echofox,Lourlo,Echo Fox,Echo Fox,Echo Fox,major,LCS,191.4,6,1.0,2019-06-23 00:00:00+00:00,2019-07-28 00:00:00+00:00,2019,0.0,0.0,0.0,191.4,6.0,1.0,0.16666666666666666
player::mikeyeung,team::echofox,MikeYeung,Echo Fox,Echo Fox,Echo Fox,major,LCS,356.15,10,2.0,2019-07-06 00:00:00+00:00,2019-08-04 00:00:00+00:00,2019,0.0,0.0,0.0,356.15,10.0,2.0,0.2
player::clearlove,team::edwardgaming,ClearLove,Edward Gaming,Edward Gaming,Edward Gaming,major,LPL,10586.483333333334,303,223.0,2015-01-16 00:00:00+00:00,2019-04-05 00:00:00+00:00,2015|2016|2017|2018|2019,1546.0333333333333,45.0,26.0,12132.516666666666,348.0,249.0,0.735973597359736
player::deft,team::edwardgaming,Deft,Edward Gaming,Edward Gaming,Edward Gaming,major,LPL,7102.566666666667,199,152.0,2015-01-16 00:00:00+00:00,2016-08-26 00:00:00+00:00,2015|2016,1141.0833333333333,33.0,19.0,8243.65,232.0,171.0,0.7638190954773869
player::koro1,team::edwardgaming,Koro1,Edward Gaming,Edward Gaming,Edward Gaming,major,LPL,5100.716666666667,144,105.0,2015-01-16 00:00:00+00:00,2017-04-23 00:00:00+00:00,2015|2016|2017,662.75,20.0,11.0,5763.466666666667,164.0,116.0,0.7291666666666666
player::mouse,team::edwardgaming,Mouse,Edward Gaming,Edward Gaming,Edward Gaming,major,LPL,4657.216666666666,133,98.0,2015-01-16 00:00:00+00:00,2017-09-01 00:00:00+00:00,2015|2016|2017,527.1666666666666,13.0,6.0,5184.383333333333,146.0,104.0,0.7368421052631579
player::pawn,team::edwardgaming,PawN,Edward Gaming,Edward Gaming,Edward Gaming,major,LPL,4512.0,128,102.0,2015-01-16 00:00:00+00:00,2016-07-30 00:00:00+00:00,2015|2016,894.2666666666667,26.0,16.0,5406.266666666666,154.0,118.0,0.796875
player::meiko,team::edwardgaming,Meiko,Edward Gaming,Edward Gaming,Edward Gaming,major,LPL,16818.699999999997,488,326.0,2015-01-30 00:00:00+00:00,2019-08-24 00:00:00+00:00,2015|2016|2017|2018|2019,1915.6833333333327,56.0,32.0,18734.38333333333,544.0,358.0,0.6680327868852459
player::blackloli,team::edwardgaming,Blackloli,Edward Gaming,Edward Gaming,Edward Gaming,major,LPL,74.68333333333334,2,1.0,2015-03-08 00:00:00+00:00,2015-03-08 00:00:00+00:00,2015,0.0,0.0,0.0,74.68333333333334,2.0,1.0,0.5
player::u,team::edwardgaming,U,Edward Gaming,Edward Gaming,Edward Gaming,major,LPL,193.7,6,3.0,2015-04-03 00:00:00+00:00,2015-04-14 00:00:00+00:00,2015,0.0,0.0,0.0,193.7,6.0,3.0,0.5
player::amazingj,team::edwardgaming,AmazingJ,Edward Gaming,Edward Gaming,Edward Gaming,major,LPL,770.7166666666667,20,14.0,2015-05-22 00:00:00+00:00,2015-09-04 00:00:00+00:00,2015,185.76666666666665,6.0,4.0,956.4833333333332,26.0,18.0,0.7
player::baeme,team::edwardgaming,BaeMe,Edward Gaming,Edward Gaming,Edward Gaming,major,LPL,681.1833333333334,17,10.0,2015-05-22 00:00:00+00:00,2015-06-28 00:00:00+00:00,2015,0.0,0.0,0.0,681.1833333333334,17.0,10.0,0.5882352941176471
player::jinjiao,team::edwardgaming,Jinjiao,Edward Gaming,Edward Gaming,Edward Gaming,major,LPL,58.26666666666666,2,2.0,2015-07-05 00:00:00+00:00,2015-07-05 00:00:00+00:00,2015,0.0,0.0,0.0,58.26666666666666,2.0,2.0,1.0
player::ray,team::edwardgaming,Ray,Edward Gaming,Edward Gaming,Edward Gaming,major,LPL,5177.599999999999,155,90.0,2015-07-05 00:00:00+00:00,2019-04-05 00:00:00+00:00,2015|2018|2019,540.0,17.0,11.0,5717.599999999999,172.0,101.0,0.5806451612903226
player::athena,team::edwardgaming,Athena,Edward Gaming,Edward Gaming,Edward Gaming,major,LPL,343.5,10,5.0,2016-01-14 00:00:00+00:00,2016-03-20 00:00:00+00:00,2016,0.0,0.0,0.0,343.5,10.0,5.0,0.5
player::fireloli,team::edwardgaming,Fireloli,Edward Gaming,Edward Gaming,Edward Gaming,major,LPL,1726.4833333333331,47,29.0,2016-01-14 00:00:00+00:00,2017-04-23 00:00:00+00:00,2016|2017,0.0,0.0,0.0,1726.4833333333331,47.0,29.0,0.6170212765957447
player::scout,team::edwardgaming,Scout,Edward Gaming,Edward Gaming,Edward Gaming,major,LPL,11370.816666666666,335,212.0,2016-05-26 00:00:00+00:00,2019-08-24 00:00:00+00:00,2016|2017|2018|2019,1021.4166666666666,30.0,16.0,12392.233333333332,365.0,228.0,0.6328358208955224
player::zet,team::edwardgaming,Zet,Edward Gaming,Edward Gaming,Edward Gaming,major,LPL,2608.5,74,48.0,2017-01-20 00:00:00+00:00,2017-08-17 00:00:00+00:00,2017,0.0,0.0,0.0,2608.5,74.0,48.0,0.6486486486486487
player::minn,team::edwardgaming,Minn,Edward Gaming,Edward Gaming,Edward Gaming,major,LPL,62.53333333333333,2,2.0,2017-04-08 00:00:00+00:00,2017-04-08 00:00:00+00:00,2017,0.0,0.0,0.0,62.53333333333333,2.0,2.0,1.0
player::audi,team::edwardgaming,Audi,Edward Gaming,Edward Gaming,Edward Gaming,major,LPL,194.85,5,2.0,2017-06-09 00:00:00+00:00,2017-08-17 00:00:00+00:00,2017,0.0,0.0,0.0,194.85,5.0,2.0,0.4
player::iceloli,team::edwardgaming,Iceloli,Edward Gaming,Edward Gaming,Edward Gaming,major,LPL,72.5,2,0.0,2017-06-09 00:00:00+00:00,2017-08-17 00:00:00+00:00,2017,0.0,0.0,0.0,72.5,2.0,0.0,0.0
player::iboy,team::edwardgaming,iBoy,Edward Gaming,Edward Gaming,Edward Gaming,major,LPL,6836.75,206,124.0,2017-07-29 00:00:00+00:00,2019-08-24 00:00:00+00:00,2017|2018|2019,774.6,23.0,13.0,7611.35,229.0,137.0,0.6019417475728155
player::haro,team::edwardgaming,Haro,Edward Gaming,Edward Gaming,Edward Gaming,major,LPL,3261.883333333333,98,53.0,2018-01-16 00:00:00+00:00,2019-04-05 00:00:00+00:00,2018|2019,369.65,11.0,6.0,3631.533333333333,109.0,59.0,0.5408163265306123
player::hope-wang-jie,team::edwardgaming,Hope (Wang Jie),Edward Gaming,Edward Gaming,Edward Gaming,major,LPL,495.1166666666667,15,6.0,2018-03-05 00:00:00+00:00,2019-06-21 00:00:00+00:00,2018|2019,0.0,0.0,0.0,495.1166666666667,15.0,6.0,0.4
player::mole,team::edwardgaming,Mole,Edward Gaming,Edward Gaming,Edward Gaming,major,LPL,40.9,1,1.0,2019-03-11 00:00:00+00:00,2019-03-11 00:00:00+00:00,2019,0.0,0.0,0.0,40.9,1.0,1.0,1.0
player::jiejie,team::edwardgaming,Jiejie,Edward Gaming,Edward Gaming,Edward Gaming,major,LPL,1379.1666666666667,44,26.0,2019-06-01 00:00:00+00:00,2019-08-24 00:00:00+00:00,2019,0.0,0.0,0.0,1379.1666666666667,44.0,26.0,0.5909090909090909
player::jinoo,team::edwardgaming,Jinoo,Edward Gaming,Edward Gaming,Edward Gaming,major,LPL,1379.1666666666667,44,26.0,2019-06-01 00:00:00+00:00,2019-08-24 00:00:00+00:00,2019,0.0,0.0,0.0,1379.1666666666667,44.0,26.0,0.5909090909090909
player::froggen,team::elements,Froggen,Elements,Elements,Elements,major,LEC,1350.4500000000005,34,13.0,2015-01-22 00:00:00+00:00,2015-07-23 00:00:00+00:00,2015,0.0,0.0,0.0,1350.4500000000005,34.0,13.0,0.38235294117647056
player::nyph,team::elements,Nyph,Elements,Elements,Elements,major,LEC,780.3666666666666,19,9.0,2015-01-22 00:00:00+00:00,2015-07-23 00:00:00+00:00,2015,0.0,0.0,0.0,780.3666666666666,19.0,9.0,0.47368421052631576
player::rekkles,team::elements,Rekkles,Elements,Elements,Elements,major,LEC,716.3666666666666,18,7.0,2015-01-22 00:00:00+00:00,2015-03-27 00:00:00+00:00,2015,0.0,0.0,0.0,716.3666666666666,18.0,7.0,0.3888888888888889
player::shook,team::elements,Shook,Elements,Elements,Elements,major,LEC,716.3666666666666,18,7.0,2015-01-22 00:00:00+00:00,2015-03-27 00:00:00+00:00,2015,0.0,0.0,0.0,716.3666666666666,18.0,7.0,0.3888888888888889
player::wickd,team::elements,Wickd,Elements,Elements,Elements,major,LEC,576.0833333333333,14,6.0,2015-01-22 00:00:00+00:00,2015-03-27 00:00:00+00:00,2015,0.0,0.0,0.0,576.0833333333333,14.0,6.0,0.42857142857142855
player::kev1n,team::elements,kev1n,Elements,Elements,Elements,major,LEC,140.28333333333333,4,1.0,2015-02-19 00:00:00+00:00,2015-02-27 00:00:00+00:00,2015,0.0,0.0,0.0,140.28333333333333,4.0,1.0,0.25
player::krepo,team::elements,Krepo,Elements,Elements,Elements,major,LEC,326.55,8,3.0,2015-02-26 00:00:00+00:00,2015-03-27 00:00:00+00:00,2015,0.0,0.0,0.0,326.55,8.0,3.0,0.375
player::dexter,team::elements,Dexter,Elements,Elements,Elements,major,LEC,634.0833333333333,16,6.0,2015-05-29 00:00:00+00:00,2015-07-23 00:00:00+00:00,2015,0.0,0.0,0.0,634.0833333333333,16.0,6.0,0.375
player::jwaow,team::elements,Jwaow,Elements,Elements,Elements,major,LEC,634.0833333333333,16,6.0,2015-05-29 00:00:00+00:00,2015-07-23 00:00:00+00:00,2015,0.0,0.0,0.0,634.0833333333333,16.0,6.0,0.375
player::promisq,team::elements,promisq,Elements,Elements,Elements,major,LEC,243.5333333333333,7,1.0,2015-05-29 00:00:00+00:00,2015-06-19 00:00:00+00:00,2015,0.0,0.0,0.0,243.5333333333333,7.0,1.0,0.14285714285714285
player::tabzz,team::elements,Tabzz,Elements,Elements,Elements,major,LEC,634.0833333333333,16,6.0,2015-05-29 00:00:00+00:00,2015-07-23 00:00:00+00:00,2015,0.0,0.0,0.0,634.0833333333333,16.0,6.0,0.375
player::eika,team::elements,Eika,Elements,Elements,Elements,major,LEC,655.0333333333333,18,6.0,2016-01-14 00:00:00+00:00,2016-03-18 00:00:00+00:00,2016,0.0,0.0,0.0,655.0333333333333,18.0,6.0,0.3333333333333333
player::gilius,team::elements,Gilius,Elements,Elements,Elements,major,LEC,655.0333333333333,18,6.0,2016-01-14 00:00:00+00:00,2016-03-18 00:00:00+00:00,2016,0.0,0.0,0.0,655.0333333333333,18.0,6.0,0.3333333333333333
player::mrrallez,team::elements,MrRalleZ,Elements,Elements,Elements,major,LEC,655.0333333333333,18,6.0,2016-01-14 00:00:00+00:00,2016-03-18 00:00:00+00:00,2016,0.0,0.0,0.0,655.0333333333333,18.0,6.0,0.3333333333333333
player::sprattel,team::elements,sprattel,Elements,Elements,Elements,major,LEC,655.0333333333333,18,6.0,2016-01-14 00:00:00+00:00,2016-03-18 00:00:00+00:00,2016,0.0,0.0,0.0,655.0333333333333,18.0,6.0,0.3333333333333333
player::steve-etienne-michels,team::elements,Steve (Etienne Michels),Elements,Elements,Elements,major,LEC,655.0333333333333,18,6.0,2016-01-14 00:00:00+00:00,2016-03-18 00:00:00+00:00,2016,0.0,0.0,0.0,655.0333333333333,18.0,6.0,0.3333333333333333
player::amazingj,team::energypacemaker,AmazingJ,Energy Pacemaker,Energy Pacemaker,Energy Pacemaker,major,LPL,1526.6833333333334,44,11.0,2015-01-16 00:00:00+00:00,2015-04-11 00:00:00+00:00,2015,0.0,0.0,0.0,1526.6833333333334,44.0,11.0,0.25
player::captain57,team::energypacemaker,Captain57,Energy Pacemaker,Energy Pacemaker,Energy Pacemaker,major,LPL,208.35,6,1.0,2015-01-16 00:00:00+00:00,2015-04-03 00:00:00+00:00,2015,0.0,0.0,0.0,208.35,6.0,1.0,0.16666666666666666
player::kane-li-chi-hung,team::energypacemaker,kane (Li Chi Hung),Energy Pacemaker,Energy Pacemaker,Energy Pacemaker,major,LPL,1223.6,34,9.0,2015-01-16 00:00:00+00:00,2015-03-21 00:00:00+00:00,2015,0.0,0.0,0.0,1223.6,34.0,9.0,0.2647058823529412
player::luo-yin-peng,team::energypacemaker,Luo (Yin Peng),Energy Pacemaker,Energy Pacemaker,Energy Pacemaker,major,LPL,208.35,6,1.0,2015-01-16 00:00:00+00:00,2015-04-03 00:00:00+00:00,2015,0.0,0.0,0.0,208.35,6.0,1.0,0.16666666666666666
player::x1u,team::energypacemaker,x1u,Energy Pacemaker,Energy Pacemaker,Energy Pacemaker,major,LPL,1526.6833333333334,44,11.0,2015-01-16 00:00:00+00:00,2015-04-11 00:00:00+00:00,2015,0.0,0.0,0.0,1526.6833333333334,44.0,11.0,0.25
player::drizzle,team::energypacemaker,Drizzle,Energy Pacemaker,Energy Pacemaker,Energy Pacemaker,major,LPL,1318.3333333333337,38,10.0,2015-01-23 00:00:00+00:00,2015-04-11 00:00:00+00:00,2015,0.0,0.0,0.0,1318.3333333333337,38.0,10.0,0.2631578947368421
player::raphael-ko-jae-hyun,team::energypacemaker,Raphael (Ko Jae-hyun),Energy Pacemaker,Energy Pacemaker,Energy Pacemaker,major,LPL,1318.3333333333337,38,10.0,2015-01-23 00:00:00+00:00,2015-04-11 00:00:00+00:00,2015,0.0,0.0,0.0,1318.3333333333337,38.0,10.0,0.2631578947368421
player::zangao,team::energypacemaker,ZangAo,Energy Pacemaker,Energy Pacemaker,Energy Pacemaker,major,LPL,303.0833333333333,10,2.0,2015-04-03 00:00:00+00:00,2015-04-11 00:00:00+00:00,2015,0.0,0.0,0.0,303.0833333333333,10.0,2.0,0.2
player::gimgoon,team::epa,GimGoon,EPA,EPA,EPA,major,LPL,1355.4166666666667,39,14.0,2016-01-15 00:00:00+00:00,2016-04-10 00:00:00+00:00,2016,0.0,0.0,0.0,1355.4166666666667,39.0,14.0,0.358974358974359
player::jiezou,team::epa,Jiezou,EPA,EPA,EPA,major,LPL,984.05,28,8.0,2016-01-15 00:00:00+00:00,2016-03-25 00:00:00+00:00,2016,0.0,0.0,0.0,984.05,28.0,8.0,0.2857142857142857
player::rabbit97,team::epa,Rabbit97,EPA,EPA,EPA,major,LPL,410.8333333333333,12,4.0,2016-01-15 00:00:00+00:00,2016-03-11 00:00:00+00:00,2016,0.0,0.0,0.0,410.8333333333333,12.0,4.0,0.3333333333333333
player::republic,team::epa,Republic,EPA,EPA,EPA,major,LPL,1355.4166666666667,39,14.0,2016-01-15 00:00:00+00:00,2016-04-10 00:00:00+00:00,2016,0.0,0.0,0.0,1355.4166666666667,39.0,14.0,0.358974358974359
player::romantic,team::epa,Romantic,EPA,EPA,EPA,major,LPL,791.6,23,7.0,2016-01-15 00:00:00+00:00,2016-03-20 00:00:00+00:00,2016,0.0,0.0,0.0,791.6,23.0,7.0,0.30434782608695654
player::crisis,team::epa,Crisis,EPA,EPA,EPA,major,LPL,944.5833333333331,27,10.0,2016-01-17 00:00:00+00:00,2016-04-10 00:00:00+00:00,2016,0.0,0.0,0.0,944.5833333333331,27.0,10.0,0.37037037037037035
player::moon-gu-yue-ze-yu,team::epa,Moon (Gu Yue-Ze-Yu),EPA,EPA,EPA,major,LPL,563.8166666666666,16,7.0,2016-03-11 00:00:00+00:00,2016-04-10 00:00:00+00:00,2016,0.0,0.0,0.0,563.8166666666666,16.0,7.0,0.4375
player::soul-zhou-feng,team::epa,Soul (Zhou Feng),EPA,EPA,EPA,major,LPL,371.3666666666667,11,6.0,2016-03-27 00:00:00+00:00,2016-04-10 00:00:00+00:00,2016,0.0,0.0,0.0,371.3666666666667,11.0,6.0,0.5454545454545454
player::aoi-haru,team::epg,Aoi Haru,EPG,EPG,EPG,wildcard,LCL,1200.7333333333331,35,9.0,2018-02-10 00:00:00+00:00,2018-08-19 00:00:00+00:00,2018,0.0,0.0,0.0,1200.7333333333331,35.0,9.0,0.2571428571428571
player::archie2b,team::epg,Archie2b,EPG,EPG,EPG,wildcard,LCL,2912.866666666667,90,45.0,2018-02-10 00:00:00+00:00,2019-08-31 00:00:00+00:00,2018|2019,0.0,0.0,0.0,2912.866666666667,90.0,45.0,0.5
player::drobovik123,team::epg,Drobovik123,EPG,EPG,EPG,wildcard,LCL,1200.7333333333331,35,9.0,2018-02-10 00:00:00+00:00,2018-08-19 00:00:00+00:00,2018,0.0,0.0,0.0,1200.7333333333331,35.0,9.0,0.2571428571428571
player::gumbo,team::epg,Gumbo,EPG,EPG,EPG,wildcard,LCL,201.11666666666667,6,0.0,2018-02-10 00:00:00+00:00,2018-02-18 00:00:00+00:00,2018,0.0,0.0,0.0,201.11666666666667,6.0,0.0,0.0
player::shiganari,team::epg,Shiganari,EPG,EPG,EPG,wildcard,LCL,1200.7333333333331,35,9.0,2018-02-10 00:00:00+00:00,2018-08-19 00:00:00+00:00,2018,0.0,0.0,0.0,1200.7333333333331,35.0,9.0,0.2571428571428571
player::ahahacik,team::epg,AHaHaCiK,EPG,EPG,EPG,wildcard,LCL,276.54999999999995,8,4.0,2018-02-24 00:00:00+00:00,2018-03-11 00:00:00+00:00,2018,0.0,0.0,0.0,276.54999999999995,8.0,4.0,0.5
player::finita,team::epg,Finita,EPG,EPG,EPG,wildcard,LCL,237.51666666666665,7,3.0,2018-06-23 00:00:00+00:00,2018-06-28 00:00:00+00:00,2018,0.0,0.0,0.0,237.51666666666665,7.0,3.0,0.42857142857142855
player::anechek,team::epg,Anechek,EPG,EPG,EPG,wildcard,LCL,485.55,14,2.0,2018-07-21 00:00:00+00:00,2018-08-19 00:00:00+00:00,2018,0.0,0.0,0.0,485.55,14.0,2.0,0.14285714285714285
player::four,team::epg,Four,EPG,EPG,EPG,wildcard,LCL,1712.1333333333332,55,36.0,2019-02-03 00:00:00+00:00,2019-08-31 00:00:00+00:00,2019,0.0,0.0,0.0,1712.1333333333332,55.0,36.0,0.6545454545454545
player::nonholy,team::epg,NoNholy,EPG,EPG,EPG,wildcard,LCL,1712.1333333333332,55,36.0,2019-02-03 00:00:00+00:00,2019-08-31 00:00:00+00:00,2019,0.0,0.0,0.0,1712.1333333333332,55.0,36.0,0.6545454545454545
player::phlaty,team::epg,Phlaty,EPG,EPG,EPG,wildcard,LCL,1712.1333333333332,55,36.0,2019-02-03 00:00:00+00:00,2019-08-31 00:00:00+00:00,2019,0.0,0.0,0.0,1712.1333333333332,55.0,36.0,0.6545454545454545
player::vincentvega,team::epg,VincentVega,EPG,EPG,EPG,wildcard,LCL,1712.1333333333332,55,36.0,2019-02-03 00:00:00+00:00,2019-08-31 00:00:00+00:00,2019,0.0,0.0,0.0,1712.1333333333332,55.0,36.0,0.6545454545454545
player::cepted,team::ever8winners,Cepted,Ever8 Winners,Ever8 Winners,Ever8 Winners,major,LCK,1454.1,41,11.0,2017-05-31 00:00:00+00:00,2017-08-05 00:00:00+00:00,2017,0.0,0.0,0.0,1454.1,41.0,11.0,0.2682926829268293
player::deul,team::ever8winners,DeuL,Ever8 Winners,Ever8 Winners,Ever8 Winners,major,LCK,1454.1,41,11.0,2017-05-31 00:00:00+00:00,2017-08-05 00:00:00+00:00,2017,0.0,0.0,0.0,1454.1,41.0,11.0,0.2682926829268293
player::ella,team::ever8winners,Ella,Ever8 Winners,Ever8 Winners,Ever8 Winners,major,LCK,1045.05,29,7.0,2017-05-31 00:00:00+00:00,2017-08-05 00:00:00+00:00,2017,0.0,0.0,0.0,1045.05,29.0,7.0,0.2413793103448276
player::helper-kwon-yeong-jae,team::ever8winners,Helper (Kwon Yeong-jae),Ever8 Winners,Ever8 Winners,Ever8 Winners,major,LCK,768.3,21,5.0,2017-05-31 00:00:00+00:00,2017-06-27 00:00:00+00:00,2017,0.0,0.0,0.0,768.3,21.0,5.0,0.23809523809523808
player::malrang,team::ever8winners,Malrang,Ever8 Winners,Ever8 Winners,Ever8 Winners,major,LCK,1382.8833333333332,39,11.0,2017-05-31 00:00:00+00:00,2017-08-05 00:00:00+00:00,2017,0.0,0.0,0.0,1382.8833333333332,39.0,11.0,0.28205128205128205
player::comeback-ha-seung-chan,team::ever8winners,Comeback (Ha Seung-chan),Ever8 Winners,Ever8 Winners,Ever8 Winners,major,LCK,480.26666666666665,14,4.0,2017-06-04 00:00:00+00:00,2017-07-02 00:00:00+00:00,2017,0.0,0.0,0.0,480.26666666666665,14.0,4.0,0.2857142857142857
player::kiin,team::ever8winners,Kiin,Ever8 Winners,Ever8 Winners,Ever8 Winners,major,LCK,685.8,20,6.0,2017-07-02 00:00:00+00:00,2017-08-05 00:00:00+00:00,2017,0.0,0.0,0.0,685.8,20.0,6.0,0.3
player::crayzee,team::exile5,Crayzee,Exile5,Exile5,Exile5,wildcard,OPL,673.4166666666666,22,2.0,2017-01-21 00:00:00+00:00,2017-04-02 00:00:00+00:00,2017,0.0,0.0,0.0,673.4166666666666,22.0,2.0,0.09090909090909091
player::fivetoeight,team::exile5,FivetoEight,Exile5,Exile5,Exile5,wildcard,OPL,673.4166666666666,22,2.0,2017-01-21 00:00:00+00:00,2017-04-02 00:00:00+00:00,2017,0.0,0.0,0.0,673.4166666666666,22.0,2.0,0.09090909090909091
player::guts-eldin-skenderovic,team::exile5,Guts (Eldin Skenderović),Exile5,Exile5,Exile5,wildcard,OPL,673.4166666666666,22,2.0,2017-01-21 00:00:00+00:00,2017-04-02 00:00:00+00:00,2017,0.0,0.0,0.0,673.4166666666666,22.0,2.0,0.09090909090909091
player::siuman,team::exile5,Siuman,Exile5,Exile5,Exile5,wildcard,OPL,123.93333333333334,4,0.0,2017-01-21 00:00:00+00:00,2017-01-29 00:00:00+00:00,2017,0.0,0.0,0.0,123.93333333333334,4.0,0.0,0.0
player::tgun,team::exile5,tgun,Exile5,Exile5,Exile5,wildcard,OPL,673.4166666666666,22,2.0,2017-01-21 00:00:00+00:00,2017-04-02 00:00:00+00:00,2017,0.0,0.0,0.0,673.4166666666666,22.0,2.0,0.09090909090909091
player::glup,team::exile5,Glup,Exile5,Exile5,Exile5,wildcard,OPL,100.21666666666668,4,0.0,2017-02-05 00:00:00+00:00,2017-02-11 00:00:00+00:00,2017,0.0,0.0,0.0,100.21666666666668,4.0,0.0,0.0
player::midbeast,team::exile5,Midbeast,Exile5,Exile5,Exile5,wildcard,OPL,227.05,7,1.0,2017-02-19 00:00:00+00:00,2017-03-11 00:00:00+00:00,2017,0.0,0.0,0.0,227.05,7.0,1.0,0.14285714285714285
player::chrismistrees,team::exile5,ChrisMisTrees,Exile5,Exile5,Exile5,wildcard,OPL,222.21666666666667,7,1.0,2017-03-19 00:00:00+00:00,2017-04-02 00:00:00+00:00,2017,0.0,0.0,0.0,222.21666666666667,7.0,1.0,0.14285714285714285
player::gate,team::f5,Gate,F5,F5,F5,major,LCS,451.0833333333333,12,5.0,2014-11-15 00:00:00+00:00,2014-12-14 00:00:00+00:00,2015,0.0,0.0,0.0,451.0833333333333,12.0,5.0,0.4166666666666667
player::prototype,team::f5,Prototype,F5,F5,F5,major,LCS,451.0833333333333,12,5.0,2014-11-15 00:00:00+00:00,2014-12-14 00:00:00+00:00,2015,0.0,0.0,0.0,451.0833333333333,12.0,5.0,0.4166666666666667
player::rhux,team::f5,Rhux,F5,F5,F5,major,LCS,451.0833333333333,12,5.0,2014-11-15 00:00:00+00:00,2014-12-14 00:00:00+00:00,2015,0.0,0.0,0.0,451.0833333333333,12.0,5.0,0.4166666666666667
player::rule18,team::f5,Rule18,F5,F5,F5,major,LCS,451.0833333333333,12,5.0,2014-11-15 00:00:00+00:00,2014-12-14 00:00:00+00:00,2015,0.0,0.0,0.0,451.0833333333333,12.0,5.0,0.4166666666666667
player::shorterace,team::f5,ShorterACE,F5,F5,F5,major,LCS,451.0833333333333,12,5.0,2014-11-15 00:00:00+00:00,2014-12-14 00:00:00+00:00,2015,0.0,0.0,0.0,451.0833333333333,12.0,5.0,0.4166666666666667
player::dreamsha,team::fbl,DreamSha,FBL,FBL,FBL,major,LMS,93.25,3,1.0,2017-01-21 00:00:00+00:00,2017-01-21 00:00:00+00:00,2017,0.0,0.0,0.0,93.25,3.0,1.0,0.3333333333333333
player::m1ssion,team::fbl,M1ssion,FBL,FBL,FBL,major,LMS,956.3666666666668,26,10.0,2017-01-21 00:00:00+00:00,2017-04-09 00:00:00+00:00,2017,0.0,0.0,0.0,956.3666666666668,26.0,10.0,0.38461538461538464
player::skull,team::fbl,SkuLL,FBL,FBL,FBL,major,LMS,2195.6666666666665,63,14.0,2017-01-21 00:00:00+00:00,2017-08-06 00:00:00+00:00,2017,0.0,0.0,0.0,2195.6666666666665,63.0,14.0,0.2222222222222222
player::unified,team::fbl,Unified,FBL,FBL,FBL,major,LMS,1777.2,49,14.0,2017-01-21 00:00:00+00:00,2017-06-30 00:00:00+00:00,2017,0.0,0.0,0.0,1777.2,49.0,14.0,0.2857142857142857
player::wind-lai-chap-yin,team::fbl,Wind (Lai Chap Yin),FBL,FBL,FBL,major,LMS,1895.6166666666663,53,14.0,2017-01-21 00:00:00+00:00,2017-08-06 00:00:00+00:00,2017,0.0,0.0,0.0,1895.6166666666663,53.0,14.0,0.2641509433962264
player::mars,team::fbl,MarS,FBL,FBL,FBL,major,LMS,318.01666666666665,9,4.0,2017-02-04 00:00:00+00:00,2017-04-09 00:00:00+00:00,2017,0.0,0.0,0.0,318.01666666666665,9.0,4.0,0.4444444444444444
player::ninuo,team::fbl,Ninuo,FBL,FBL,FBL,major,LMS,2026.1,58,11.0,2017-02-10 00:00:00+00:00,2017-08-06 00:00:00+00:00,2017,0.0,0.0,0.0,2026.1,58.0,11.0,0.1896551724137931
player::wulala,team::fbl,Wulala,FBL,FBL,FBL,major,LMS,633.8333333333333,20,0.0,2017-06-08 00:00:00+00:00,2017-08-06 00:00:00+00:00,2017,0.0,0.0,0.0,633.8333333333333,20.0,0.0,0.0
player::kuku,team::fbl,KuKu,FBL,FBL,FBL,major,LMS,663.8166666666666,20,2.0,2017-06-16 00:00:00+00:00,2017-07-22 00:00:00+00:00,2017,0.0,0.0,0.0,663.8166666666666,20.0,2.0,0.1
player::enzz,team::fbl,Enzz,FBL,FBL,FBL,major,LMS,418.4666666666666,14,0.0,2017-07-13 00:00:00+00:00,2017-08-06 00:00:00+00:00,2017,0.0,0.0,0.0,418.4666666666666,14.0,0.0,0.0
player::abou222,team::fis,Abou222,FIS,FIS,FIS,major,LCS,74.76666666666667,2,0.0,2014-11-15 00:00:00+00:00,2014-11-15 00:00:00+00:00,2015,0.0,0.0,0.0,74.76666666666667,2.0,0.0,0.0
player::azingy,team::fis,Azingy,FIS,FIS,FIS,major,LCS,74.76666666666667,2,0.0,2014-11-15 00:00:00+00:00,2014-11-15 00:00:00+00:00,2015,0.0,0.0,0.0,74.76666666666667,2.0,0.0,0.0
player::i-am-the-irs,team::fis,I Am The IRS,FIS,FIS,FIS,major,LCS,74.76666666666667,2,0.0,2014-11-15 00:00:00+00:00,2014-11-15 00:00:00+00:00,2015,0.0,0.0,0.0,74.76666666666667,2.0,0.0,0.0
player::indivisible,team::fis,Indivisible,FIS,FIS,FIS,major,LCS,74.76666666666667,2,0.0,2014-11-15 00:00:00+00:00,2014-11-15 00:00:00+00:00,2015,0.0,0.0,0.0,74.76666666666667,2.0,0.0,0.0
player::mysterious,team::fis,Mysterious,FIS,FIS,FIS,major,LCS,74.76666666666667,2,0.0,2014-11-15 00:00:00+00:00,2014-11-15 00:00:00+00:00,2015,0.0,0.0,0.0,74.76666666666667,2.0,0.0,0.0
player::brtt,team::fla,brTT,FLA,FLA,FLA,wildcard,CBLOL,2790.7,85,64.0,2018-06-10 00:00:00+00:00,2019-09-07 00:00:00+00:00,2018|2019,151.08333333333334,5.0,1.0,2941.7833333333333,90.0,65.0,0.7529411764705882
player::esa,team::fla,esA,FLA,FLA,FLA,wildcard,CBLOL,898.2166666666667,27,17.0,2018-06-10 00:00:00+00:00,2018-09-08 00:00:00+00:00,2018,0.0,0.0,0.0,898.2166666666667,27.0,17.0,0.6296296296296297
player::goku,team::fla,Goku,FLA,FLA,FLA,wildcard,CBLOL,2790.7,85,64.0,2018-06-10 00:00:00+00:00,2019-09-07 00:00:00+00:00,2018|2019,151.08333333333334,5.0,1.0,2941.7833333333333,90.0,65.0,0.7529411764705882
player::jisu,team::fla,Jisu,FLA,FLA,FLA,wildcard,CBLOL,898.2166666666667,27,17.0,2018-06-10 00:00:00+00:00,2018-09-08 00:00:00+00:00,2018,0.0,0.0,0.0,898.2166666666667,27.0,17.0,0.6296296296296297
player::shrimp,team::fla,Shrimp,FLA,FLA,FLA,wildcard,CBLOL,2790.7,85,64.0,2018-06-10 00:00:00+00:00,2019-09-07 00:00:00+00:00,2018|2019,151.08333333333334,5.0,1.0,2941.7833333333333,90.0,65.0,0.7529411764705882
player::luci,team::fla,Luci,FLA,FLA,FLA,wildcard,CBLOL,1783.8333333333333,55,46.0,2019-01-12 00:00:00+00:00,2019-09-07 00:00:00+00:00,2019,151.08333333333334,5.0,1.0,1934.9166666666663,60.0,47.0,0.8363636363636363
player::robo,team::fla,Robo,FLA,FLA,FLA,wildcard,CBLOL,1892.483333333333,58,47.0,2019-01-12 00:00:00+00:00,2019-09-07 00:00:00+00:00,2019,151.08333333333334,5.0,1.0,2043.5666666666664,63.0,48.0,0.8103448275862069
player::reven-seong-sang-hyeon,team::fla,Reven (Seong Sang-hyeon),FLA,FLA,FLA,wildcard,CBLOL,108.65,3,1.0,2019-06-09 00:00:00+00:00,2019-06-16 00:00:00+00:00,2019,0.0,0.0,0.0,108.65,3.0,1.0,0.3333333333333333
player::maple-huang-yi-tang,team::flashwolves,Maple (Huang Yi-Tang),Flash Wolves,Flash Wolves,Flash Wolves,major,LMS,9517.95,273,221.0,2015-01-10 00:00:00+00:00,2018-09-15 00:00:00+00:00,2015|2016|2017|2018,2864.0,78.0,37.0,12381.95,351.0,258.0,0.8095238095238095
player::nl-hsiung-wen-an,team::flashwolves,NL (Hsiung Wen-An),Flash Wolves,Flash Wolves,Flash Wolves,major,LMS,4006.5,113,93.0,2015-01-10 00:00:00+00:00,2016-08-21 00:00:00+00:00,2015|2016,1178.85,29.0,14.0,5185.35,142.0,107.0,0.8230088495575221
player::refra1n,team::flashwolves,REFRA1N,Flash Wolves,Flash Wolves,Flash Wolves,major,LMS,278.25,8,6.0,2015-01-10 00:00:00+00:00,2017-06-18 00:00:00+00:00,2015|2017,0.0,0.0,0.0,278.25,8.0,6.0,0.75
player::steak,team::flashwolves,Steak,Flash Wolves,Flash Wolves,Flash Wolves,major,LMS,1978.2,54,40.0,2015-01-10 00:00:00+00:00,2015-08-16 00:00:00+00:00,2015,417.45,10.0,5.0,2395.65,64.0,45.0,0.7407407407407407
player::swordart,team::flashwolves,SwordArT,Flash Wolves,Flash Wolves,Flash Wolves,major,LMS,9309.166666666666,267,216.0,2015-01-10 00:00:00+00:00,2018-09-15 00:00:00+00:00,2015|2016|2017|2018,2864.0,78.0,37.0,12173.166666666668,345.0,253.0,0.8089887640449438
player::karsa,team::flashwolves,Karsa,Flash Wolves,Flash Wolves,Flash Wolves,major,LMS,7066.466666666666,197,155.0,2015-01-15 00:00:00+00:00,2017-08-25 00:00:00+00:00,2015|2016|2017,2026.9333333333327,53.0,23.0,9093.4,250.0,178.0,0.7868020304568528
player::mmd,team::flashwolves,MMD,Flash Wolves,Flash Wolves,Flash Wolves,major,LMS,5240.9,148,121.0,2015-02-11 00:00:00+00:00,2018-09-15 00:00:00+00:00,2015|2016|2017|2018,1609.4833333333331,43.0,18.0,6850.383333333333,191.0,139.0,0.8175675675675675
player::kramer,team::flashwolves,Kramer,Flash Wolves,Flash Wolves,Flash Wolves,major,LMS,730.8666666666667,18,11.0,2015-06-25 00:00:00+00:00,2015-08-16 00:00:00+00:00,2015,41.91666666666666,1.0,0.0,772.7833333333333,19.0,11.0,0.6111111111111112
player::breeze,team::flashwolves,Breeze,Flash Wolves,Flash Wolves,Flash Wolves,major,LMS,145.83333333333334,4,0.0,2016-01-14 00:00:00+00:00,2016-01-23 00:00:00+00:00,2016,0.0,0.0,0.0,145.83333333333334,4.0,0.0,0.0
player::rins,team::flashwolves,Rins,Flash Wolves,Flash Wolves,Flash Wolves,major,LMS,485.01666666666665,15,12.0,2016-01-22 00:00:00+00:00,2017-03-04 00:00:00+00:00,2016|2017,0.0,0.0,0.0,485.01666666666665,15.0,12.0,0.8
player::betty,team::flashwolves,Betty,Flash Wolves,Flash Wolves,Flash Wolves,major,LMS,6920.966666666666,206,154.0,2017-01-21 00:00:00+00:00,2019-09-07 00:00:00+00:00,2017|2018|2019,2107.5166666666664,62.0,29.0,9028.483333333332,268.0,183.0,0.7475728155339806
player::madnesss,team::flashwolves,Madnesss,Flash Wolves,Flash Wolves,Flash Wolves,major,LMS,157.06666666666666,4,0.0,2017-06-10 00:00:00+00:00,2017-06-11 00:00:00+00:00,2017,0.0,0.0,0.0,157.06666666666666,4.0,0.0,0.0
player::moonblack,team::flashwolves,Moonblack,Flash Wolves,Flash Wolves,Flash Wolves,major,LMS,157.06666666666666,4,0.0,2017-06-10 00:00:00+00:00,2017-06-11 00:00:00+00:00,2017,0.0,0.0,0.0,157.06666666666666,4.0,0.0,0.0
player::hanabi-su-chia-hsiang,team::flashwolves,Hanabi (Su Chia-Hsiang),Flash Wolves,Flash Wolves,Flash Wolves,major,LMS,4100.049999999999,124,85.0,2018-01-25 00:00:00+00:00,2019-09-07 00:00:00+00:00,2018|2019,1301.35,39.0,20.0,5401.4,163.0,105.0,0.6854838709677419
player::moojin,team::flashwolves,Moojin,Flash Wolves,Flash Wolves,Flash Wolves,major,LMS,2010.2333333333331,64,59.0,2018-01-25 00:00:00+00:00,2018-09-15 00:00:00+00:00,2018,837.0666666666666,25.0,14.0,2847.3,89.0,73.0,0.921875
player::shiauc,team::flashwolves,ShiauC,Flash Wolves,Flash Wolves,Flash Wolves,major,LMS,2652.0666666666666,78,42.0,2018-02-23 00:00:00+00:00,2019-09-07 00:00:00+00:00,2018|2019,464.2833333333333,14.0,6.0,3116.35,92.0,48.0,0.5384615384615384
player::morning,team::flashwolves,Morning,Flash Wolves,Flash Wolves,Flash Wolves,major,LMS,163.0,4,1.0,2018-03-01 00:00:00+00:00,2018-07-12 00:00:00+00:00,2018,0.0,0.0,0.0,163.0,4.0,1.0,0.25
player::bugi,team::flashwolves,Bugi,Flash Wolves,Flash Wolves,Flash Wolves,major,LMS,1740.3833333333332,51,27.0,2019-01-18 00:00:00+00:00,2019-07-20 00:00:00+00:00,2019,464.2833333333333,14.0,6.0,2204.6666666666665,65.0,33.0,0.5294117647058824
player::rather,team::flashwolves,Rather,Flash Wolves,Flash Wolves,Flash Wolves,major,LMS,2170.116666666667,64,33.0,2019-01-18 00:00:00+00:00,2019-07-27 00:00:00+00:00,2019,464.2833333333333,14.0,6.0,2634.4,78.0,39.0,0.515625
player::enso,team::flashwolves,Enso,Flash Wolves,Flash Wolves,Flash Wolves,major,LMS,702.9,21,10.0,2019-03-08 00:00:00+00:00,2019-09-07 00:00:00+00:00,2019,0.0,0.0,0.0,702.9,21.0,10.0,0.47619047619047616
player::bush,team::flashwolves,Bush,Flash Wolves,Flash Wolves,Flash Wolves,major,LMS,273.1666666666667,8,4.0,2019-08-03 00:00:00+00:00,2019-09-07 00:00:00+00:00,2019,0.0,0.0,0.0,273.1666666666667,8.0,4.0,0.5
player::altec,team::flyquest,Altec,FlyQuest,FlyQuest,FlyQuest,major,LCS,1975.0833333333333,56,27.0,2017-01-21 00:00:00+00:00,2017-04-22 00:00:00+00:00,2017,0.0,0.0,0.0,1975.0833333333333,56.0,27.0,0.48214285714285715
player::balls,team::flyquest,Balls,FlyQuest,FlyQuest,FlyQuest,major,LCS,3792.45,107,48.0,2017-01-21 00:00:00+00:00,2017-09-09 00:00:00+00:00,2017,0.0,0.0,0.0,3792.45,107.0,48.0,0.4485981308411215
player::hai,team::flyquest,Hai,FlyQuest,FlyQuest,FlyQuest,major,LCS,3792.45,107,48.0,2017-01-21 00:00:00+00:00,2017-09-09 00:00:00+00:00,2017,0.0,0.0,0.0,3792.45,107.0,48.0,0.4485981308411215
player::lemonnation,team::flyquest,LemonNation,FlyQuest,FlyQuest,FlyQuest,major,LCS,3792.45,107,48.0,2017-01-21 00:00:00+00:00,2017-09-09 00:00:00+00:00,2017,0.0,0.0,0.0,3792.45,107.0,48.0,0.4485981308411215
player::moon-galen-holgate,team::flyquest,Moon (Galen Holgate),FlyQuest,FlyQuest,FlyQuest,major,LCS,3792.45,107,48.0,2017-01-21 00:00:00+00:00,2017-09-09 00:00:00+00:00,2017,0.0,0.0,0.0,3792.45,107.0,48.0,0.4485981308411215
player::wildturtle,team::flyquest,WildTurtle,FlyQuest,FlyQuest,FlyQuest,major,LCS,4994.3,141,56.0,2017-06-03 00:00:00+00:00,2019-09-06 00:00:00+00:00,2017|2018|2019,0.0,0.0,0.0,4994.3,141.0,56.0,0.3971631205673759
player::anda,team::flyquest,AnDa,FlyQuest,FlyQuest,FlyQuest,major,LCS,641.5666666666667,16,6.0,2018-01-20 00:00:00+00:00,2018-03-18 00:00:00+00:00,2018,0.0,0.0,0.0,641.5666666666667,16.0,6.0,0.375
player::flame,team::flyquest,Flame,FlyQuest,FlyQuest,FlyQuest,major,LCS,1474.15,41,16.0,2018-01-20 00:00:00+00:00,2018-08-26 00:00:00+00:00,2018,0.0,0.0,0.0,1474.15,41.0,16.0,0.3902439024390244
player::keane,team::flyquest,Keane,FlyQuest,FlyQuest,FlyQuest,major,LCS,998.2333333333332,29,12.0,2018-01-20 00:00:00+00:00,2018-08-26 00:00:00+00:00,2018,0.0,0.0,0.0,998.2333333333332,29.0,12.0,0.41379310344827586
player::stunt,team::flyquest,Stunt,FlyQuest,FlyQuest,FlyQuest,major,LCS,636.2,16,6.0,2018-01-20 00:00:00+00:00,2018-03-18 00:00:00+00:00,2018,0.0,0.0,0.0,636.2,16.0,6.0,0.375
player::shrimp,team::flyquest,Shrimp,FlyQuest,FlyQuest,FlyQuest,major,LCS,71.18333333333334,2,0.0,2018-02-03 00:00:00+00:00,2018-02-04 00:00:00+00:00,2018,0.0,0.0,0.0,71.18333333333334,2.0,0.0,0.0
player::fly-song-yong-jun,team::flyquest,Fly (Song Yong-jun),FlyQuest,FlyQuest,FlyQuest,major,LCS,475.9166666666667,12,4.0,2018-02-10 00:00:00+00:00,2018-03-18 00:00:00+00:00,2018,0.0,0.0,0.0,475.9166666666667,12.0,4.0,0.3333333333333333
player::jayj,team::flyquest,JayJ,FlyQuest,FlyQuest,FlyQuest,major,LCS,1857.55,54,23.0,2018-02-11 00:00:00+00:00,2019-06-16 00:00:00+00:00,2018|2019,0.0,0.0,0.0,1857.55,54.0,23.0,0.42592592592592593
player::kwon,team::flyquest,Kwon,FlyQuest,FlyQuest,FlyQuest,major,LCS,118.73333333333332,4,1.0,2018-06-16 00:00:00+00:00,2018-06-24 00:00:00+00:00,2018,0.0,0.0,0.0,118.73333333333332,4.0,1.0,0.25
player::santorin,team::flyquest,Santorin,FlyQuest,FlyQuest,FlyQuest,major,LCS,2428.4166666666665,71,28.0,2018-06-16 00:00:00+00:00,2019-09-06 00:00:00+00:00,2018|2019,0.0,0.0,0.0,2428.4166666666665,71.0,28.0,0.39436619718309857
player::pobelter,team::flyquest,Pobelter,FlyQuest,FlyQuest,FlyQuest,major,LCS,1702.7833333333333,49,19.0,2019-01-27 00:00:00+00:00,2019-09-06 00:00:00+00:00,2019,0.0,0.0,0.0,1702.7833333333333,49.0,19.0,0.3877551020408163
player::v1per,team::flyquest,V1per,FlyQuest,FlyQuest,FlyQuest,major,LCS,1702.7833333333333,49,19.0,2019-01-27 00:00:00+00:00,2019-09-06 00:00:00+00:00,2019,0.0,0.0,0.0,1702.7833333333333,49.0,19.0,0.3877551020408163
player::maxi,team::flyquest,Maxi,FlyQuest,FlyQuest,FlyQuest,major,LCS,35.766666666666666,1,1.0,2019-03-25 00:00:00+00:00,2019-03-25 00:00:00+00:00,2019,0.0,0.0,0.0,35.766666666666666,1.0,1.0,1.0
player::wadid,team::flyquest,Wadid,FlyQuest,FlyQuest,FlyQuest,major,LCS,564.45,16,5.0,2019-06-23 00:00:00+00:00,2019-09-06 00:00:00+00:00,2019,0.0,0.0,0.0,564.45,16.0,5.0,0.3125
player::febiven,team::fnatic,Febiven,Fnatic,Fnatic,Fnatic,major,LEC,4545.433333333333,127,78.0,2015-01-22 00:00:00+00:00,2016-09-04 00:00:00+00:00,2015|2016,777.9833333333333,22.0,11.0,5323.416666666667,149.0,89.0,0.6141732283464567
player::huni,team::fnatic,Huni,Fnatic,Fnatic,Fnatic,major,LEC,1900.0,53,42.0,2015-01-22 00:00:00+00:00,2015-08-23 00:00:00+00:00,2015,777.9833333333332,22.0,11.0,2677.983333333333,75.0,53.0,0.7924528301886793
player::reignover,team::fnatic,Reignover,Fnatic,Fnatic,Fnatic,major,LEC,1900.0,53,42.0,2015-01-22 00:00:00+00:00,2015-08-23 00:00:00+00:00,2015,777.9833333333332,22.0,11.0,2677.983333333333,75.0,53.0,0.7924528301886793
player::steeelback,team::fnatic,Steeelback,Fnatic,Fnatic,Fnatic,major,LEC,1009.4833333333332,28,19.0,2015-01-22 00:00:00+00:00,2015-04-19 00:00:00+00:00,2015,347.04999999999995,10.0,4.0,1356.5333333333333,38.0,23.0,0.6785714285714286
player::yellowstar,team::fnatic,YellOwStaR,Fnatic,Fnatic,Fnatic,major,LEC,3471.3166666666666,96,62.0,2015-01-22 00:00:00+00:00,2016-09-04 00:00:00+00:00,2015|2016,777.9833333333332,22.0,11.0,4249.3,118.0,73.0,0.6458333333333334
player::rekkles,team::fnatic,Rekkles,Fnatic,Fnatic,Fnatic,major,LEC,10037.233333333332,286,184.0,2015-05-28 00:00:00+00:00,2019-09-15 00:00:00+00:00,2015|2016|2017|2018|2019,2489.633333333333,72.0,40.0,12526.866666666669,358.0,224.0,0.6433566433566433
player::gamsu,team::fnatic,Gamsu,Fnatic,Fnatic,Fnatic,major,LEC,1978.8,55,31.0,2016-01-14 00:00:00+00:00,2016-07-09 00:00:00+00:00,2016,0.0,0.0,0.0,1978.8,55.0,31.0,0.5636363636363636
player::noxiak,team::fnatic,Noxiak,Fnatic,Fnatic,Fnatic,major,LEC,292.05,8,5.0,2016-01-14 00:00:00+00:00,2016-02-05 00:00:00+00:00,2016,0.0,0.0,0.0,292.05,8.0,5.0,0.625
player::spirit,team::fnatic,Spirit,Fnatic,Fnatic,Fnatic,major,LEC,2645.4333333333334,74,36.0,2016-01-14 00:00:00+00:00,2016-09-04 00:00:00+00:00,2016,0.0,0.0,0.0,2645.4333333333334,74.0,36.0,0.4864864864864865
player::klaj,team::fnatic,Klaj,Fnatic,Fnatic,Fnatic,major,LEC,782.0666666666666,23,11.0,2016-02-11 00:00:00+00:00,2016-04-16 00:00:00+00:00,2016,0.0,0.0,0.0,782.0666666666666,23.0,11.0,0.4782608695652174
player::kikis,team::fnatic,Kikis,Fnatic,Fnatic,Fnatic,major,LEC,601.85,17,5.0,2016-07-14 00:00:00+00:00,2016-09-04 00:00:00+00:00,2016,0.0,0.0,0.0,601.85,17.0,5.0,0.29411764705882354
player::werlyb,team::fnatic,Werlyb,Fnatic,Fnatic,Fnatic,major,LEC,64.78333333333333,2,0.0,2016-07-30 00:00:00+00:00,2016-07-31 00:00:00+00:00,2016,0.0,0.0,0.0,64.78333333333333,2.0,0.0,0.0
player::amazing-maurice-stuckenschneider,team::fnatic,Amazing (Maurice Stückenschneider),Fnatic,Fnatic,Fnatic,major,LEC,416.55,11,5.0,2017-01-19 00:00:00+00:00,2017-02-04 00:00:00+00:00,2017,0.0,0.0,0.0,416.55,11.0,5.0,0.45454545454545453
player::caps,team::fnatic,Caps,Fnatic,Fnatic,Fnatic,major,LEC,4915.716666666667,138,93.0,2017-01-19 00:00:00+00:00,2018-09-09 00:00:00+00:00,2017|2018,1726.1,50.0,28.0,6641.816666666667,188.0,121.0,0.6739130434782609
player::jesiz,team::fnatic,Jesiz,Fnatic,Fnatic,Fnatic,major,LEC,3190.983333333333,87,54.0,2017-01-19 00:00:00+00:00,2017-09-10 00:00:00+00:00,2017,684.55,19.0,11.0,3875.533333333333,106.0,65.0,0.6206896551724138
player::soaz,team::fnatic,sOAZ,Fnatic,Fnatic,Fnatic,major,LEC,4450.516666666667,123,82.0,2017-01-19 00:00:00+00:00,2018-09-09 00:00:00+00:00,2017|2018,838.4333333333334,24.0,14.0,5288.950000000001,147.0,96.0,0.6666666666666666
player::broxah,team::fnatic,Broxah,Fnatic,Fnatic,Fnatic,major,LEC,6503.633333333333,190,130.0,2017-02-10 00:00:00+00:00,2019-09-15 00:00:00+00:00,2017|2018|2019,2058.7000000000003,60.0,33.0,8562.333333333334,250.0,163.0,0.6842105263157895
player::hylissang,team::fnatic,Hylissang,Fnatic,Fnatic,Fnatic,major,LEC,3729.2,114,81.0,2018-01-19 00:00:00+00:00,2019-09-15 00:00:00+00:00,2018|2019,1374.15,41.0,22.0,5103.349999999999,155.0,103.0,0.7105263157894737
player::bwipo,team::fnatic,Bwipo,Fnatic,Fnatic,Fnatic,major,LEC,2855.35,91,63.0,2018-03-10 00:00:00+00:00,2019-09-15 00:00:00+00:00,2018|2019,858.3166666666667,26.0,15.0,3713.6666666666665,117.0,78.0,0.6923076923076923
player::nemesis,team::fnatic,Nemesis,Fnatic,Fnatic,Fnatic,major,LEC,2004.4666666666667,63,42.0,2019-01-18 00:00:00+00:00,2019-09-15 00:00:00+00:00,2019,332.6,10.0,5.0,2337.0666666666666,73.0,47.0,0.6666666666666666
player::magifelix,team::fnatic,MagiFelix,Fnatic,Fnatic,Fnatic,major,LEC,33.21666666666667,1,0.0,2019-07-19 00:00:00+00:00,2019-07-19 00:00:00+00:00,2019,0.0,0.0,0.0,33.21666666666667,1.0,0.0,0.0
player::khomzar,team::fpd,Khomzar,FPD,FPD,FPD,wildcard,LCL,239.28333333333333,8,3.0,2019-02-02 00:00:00+00:00,2019-03-06 00:00:00+00:00,2019,0.0,0.0,0.0,239.28333333333333,8.0,3.0,0.375
player::laatch,team::fpd,Laatch,FPD,FPD,FPD,wildcard,LCL,239.28333333333333,8,3.0,2019-02-02 00:00:00+00:00,2019-03-06 00:00:00+00:00,2019,0.0,0.0,0.0,239.28333333333333,8.0,3.0,0.375
player::rillyaviel,team::fpd,Rillyaviel,FPD,FPD,FPD,wildcard,LCL,239.28333333333333,8,3.0,2019-02-02 00:00:00+00:00,2019-03-06 00:00:00+00:00,2019,0.0,0.0,0.0,239.28333333333333,8.0,3.0,0.375
player::txct,team::fpd,txct,FPD,FPD,FPD,wildcard,LCL,239.28333333333333,8,3.0,2019-02-02 00:00:00+00:00,2019-03-06 00:00:00+00:00,2019,0.0,0.0,0.0,239.28333333333333,8.0,3.0,0.375
player::xonix,team::fpd,XoNix,FPD,FPD,FPD,wildcard,LCL,239.28333333333333,8,3.0,2019-02-02 00:00:00+00:00,2019-03-06 00:00:00+00:00,2019,0.0,0.0,0.0,239.28333333333333,8.0,3.0,0.375
player::job-man,team::fpi,Job man,FPI,FPI,FPI,wildcard,LCL,159.4,6,2.0,2019-02-02 00:00:00+00:00,2019-02-27 00:00:00+00:00,2019,0.0,0.0,0.0,159.4,6.0,2.0,0.3333333333333333
player::leo247,team::fpi,Leo247,FPI,FPI,FPI,wildcard,LCL,159.4,6,2.0,2019-02-02 00:00:00+00:00,2019-02-27 00:00:00+00:00,2019,0.0,0.0,0.0,159.4,6.0,2.0,0.3333333333333333
player::oleg-oleg-borisov,team::fpi,Oleg (Oleg Borisov),FPI,FPI,FPI,wildcard,LCL,159.4,6,2.0,2019-02-02 00:00:00+00:00,2019-02-27 00:00:00+00:00,2019,0.0,0.0,0.0,159.4,6.0,2.0,0.3333333333333333
player::teogen,team::fpi,Teogen,FPI,FPI,FPI,wildcard,LCL,159.4,6,2.0,2019-02-02 00:00:00+00:00,2019-02-27 00:00:00+00:00,2019,0.0,0.0,0.0,159.4,6.0,2.0,0.3333333333333333
player::valhalla,team::fpi,Valhalla,FPI,FPI,FPI,wildcard,LCL,159.4,6,2.0,2019-02-02 00:00:00+00:00,2019-02-27 00:00:00+00:00,2019,0.0,0.0,0.0,159.4,6.0,2.0,0.3333333333333333
player::darkerdar,team::fpo,Darkerdar,FPO,FPO,FPO,wildcard,LCL,20.78333333333333,1,0.0,2019-06-30 00:00:00+00:00,2019-06-30 00:00:00+00:00,2019,0.0,0.0,0.0,20.78333333333333,1.0,0.0,0.0
player::matiz,team::fpo,Matiz,FPO,FPO,FPO,wildcard,LCL,103.3,5,0.0,2019-06-30 00:00:00+00:00,2019-07-25 00:00:00+00:00,2019,0.0,0.0,0.0,103.3,5.0,0.0,0.0
player::op4uh,team::fpo,Op4uH,FPO,FPO,FPO,wildcard,LCL,130.29999999999998,6,0.0,2019-06-30 00:00:00+00:00,2019-07-25 00:00:00+00:00,2019,0.0,0.0,0.0,130.29999999999998,6.0,0.0,0.0
player::ryfon,team::fpo,Ryfon,FPO,FPO,FPO,wildcard,LCL,130.29999999999998,6,0.0,2019-06-30 00:00:00+00:00,2019-07-25 00:00:00+00:00,2019,0.0,0.0,0.0,130.29999999999998,6.0,0.0,0.0
player::totalbk,team::fpo,TotalBK,FPO,FPO,FPO,wildcard,LCL,130.29999999999998,6,0.0,2019-06-30 00:00:00+00:00,2019-07-25 00:00:00+00:00,2019,0.0,0.0,0.0,130.29999999999998,6.0,0.0,0.0
player::gvin,team::fpo,Gvin,FPO,FPO,FPO,wildcard,LCL,109.51666666666668,5,0.0,2019-07-07 00:00:00+00:00,2019-07-25 00:00:00+00:00,2019,0.0,0.0,0.0,109.51666666666668,5.0,0.0,0.0
player::f0llovvme,team::fpo,f0lloVVmE,FPO,FPO,FPO,wildcard,LCL,27.0,1,0.0,2019-07-11 00:00:00+00:00,2019-07-11 00:00:00+00:00,2019,0.0,0.0,0.0,27.0,1.0,0.0,0.0
player::laxey,team::fpp,Laxey,FPP,FPP,FPP,wildcard,LCL,157.75,6,1.0,2019-06-30 00:00:00+00:00,2019-07-25 00:00:00+00:00,2019,0.0,0.0,0.0,157.75,6.0,1.0,0.16666666666666666
player::nonamestar,team::fpp,NoNameStar,FPP,FPP,FPP,wildcard,LCL,137.56666666666666,5,1.0,2019-06-30 00:00:00+00:00,2019-07-14 00:00:00+00:00,2019,0.0,0.0,0.0,137.56666666666666,5.0,1.0,0.2
player::powder-andrey-fedorov,team::fpp,Powder (Andrey Fedorov),FPP,FPP,FPP,wildcard,LCL,157.75,6,1.0,2019-06-30 00:00:00+00:00,2019-07-25 00:00:00+00:00,2019,0.0,0.0,0.0,157.75,6.0,1.0,0.16666666666666666
player::rillyaviel,team::fpp,Rillyaviel,FPP,FPP,FPP,wildcard,LCL,157.75,6,1.0,2019-06-30 00:00:00+00:00,2019-07-25 00:00:00+00:00,2019,0.0,0.0,0.0,157.75,6.0,1.0,0.16666666666666666
player::shrek69,team::fpp,SHREK69,FPP,FPP,FPP,wildcard,LCL,157.75,6,1.0,2019-06-30 00:00:00+00:00,2019-07-25 00:00:00+00:00,2019,0.0,0.0,0.0,157.75,6.0,1.0,0.16666666666666666
player::negativve,team::fpp,Negativve,FPP,FPP,FPP,wildcard,LCL,20.183333333333334,1,0.0,2019-07-25 00:00:00+00:00,2019-07-25 00:00:00+00:00,2019,0.0,0.0,0.0,20.183333333333334,1.0,0.0,0.0
player::bing-feng-jin-wei,team::fpx,bing (Feng Jin-Wei),FPX,FPX,FPX,major,LPL,1050.15,31,13.0,2018-01-16 00:00:00+00:00,2018-03-12 00:00:00+00:00,2018,0.0,0.0,0.0,1050.15,31.0,13.0,0.41935483870967744
player::crisp,team::fpx,Crisp,FPX,FPX,FPX,major,LPL,5987.066666666667,182,110.0,2018-01-16 00:00:00+00:00,2019-09-06 00:00:00+00:00,2018|2019,562.6666666666666,18.0,14.0,6549.733333333334,200.0,124.0,0.6043956043956044
player::gimgoon,team::fpx,GimGoon,FPX,FPX,FPX,major,LPL,5987.066666666667,182,110.0,2018-01-16 00:00:00+00:00,2019-09-06 00:00:00+00:00,2018|2019,562.6666666666666,18.0,14.0,6549.733333333334,200.0,124.0,0.6043956043956044
player::lwx,team::fpx,Lwx,FPX,FPX,FPX,major,LPL,5987.066666666667,182,110.0,2018-01-16 00:00:00+00:00,2019-09-06 00:00:00+00:00,2018|2019,562.6666666666666,18.0,14.0,6549.733333333334,200.0,124.0,0.6043956043956044
player::pepper-hu-zhi-wei,team::fpx,Pepper (Hu Zhi-Wei),FPX,FPX,FPX,major,LPL,1562.8,45,21.0,2018-01-16 00:00:00+00:00,2018-04-08 00:00:00+00:00,2018,0.0,0.0,0.0,1562.8,45.0,21.0,0.4666666666666667
player::cool,team::fpx,Cool,FPX,FPX,FPX,major,LPL,2187.45,63,29.0,2018-03-19 00:00:00+00:00,2018-09-06 00:00:00+00:00,2018,0.0,0.0,0.0,2187.45,63.0,29.0,0.4603174603174603
player::xinyi,team::fpx,Xinyi,FPX,FPX,FPX,major,LPL,432.56666666666666,13,4.0,2018-06-15 00:00:00+00:00,2018-06-26 00:00:00+00:00,2018,0.0,0.0,0.0,432.56666666666666,13.0,4.0,0.3076923076923077
player::alex-chen-yu-ming,team::fpx,Alex (Chen Yu-Ming),FPX,FPX,FPX,major,LPL,1242.2333333333331,36,17.0,2018-07-01 00:00:00+00:00,2018-09-06 00:00:00+00:00,2018,0.0,0.0,0.0,1242.2333333333331,36.0,17.0,0.4722222222222222
player::doinb,team::fpx,Doinb,FPX,FPX,FPX,major,LPL,2749.4666666666667,88,68.0,2019-01-14 00:00:00+00:00,2019-09-06 00:00:00+00:00,2019,562.6666666666666,18.0,14.0,3312.133333333333,106.0,82.0,0.7727272727272727
player::tian,team::fpx,Tian,FPX,FPX,FPX,major,LPL,2749.4666666666667,88,68.0,2019-01-14 00:00:00+00:00,2019-09-06 00:00:00+00:00,2019,562.6666666666666,18.0,14.0,3312.133333333333,106.0,82.0,0.7727272727272727
player::aoi-haru,team::fpz,Aoi Haru,FPZ,FPZ,FPZ,wildcard,LCL,172.01666666666665,6,2.0,2019-02-03 00:00:00+00:00,2019-02-28 00:00:00+00:00,2019,0.0,0.0,0.0,172.01666666666665,6.0,2.0,0.3333333333333333
player::atrocez,team::fpz,Atrocez,FPZ,FPZ,FPZ,wildcard,LCL,172.01666666666665,6,2.0,2019-02-03 00:00:00+00:00,2019-02-28 00:00:00+00:00,2019,0.0,0.0,0.0,172.01666666666665,6.0,2.0,0.3333333333333333
player::bardberry,team::fpz,BardBerry,FPZ,FPZ,FPZ,wildcard,LCL,27.216666666666665,1,0.0,2019-02-03 00:00:00+00:00,2019-02-03 00:00:00+00:00,2019,0.0,0.0,0.0,27.216666666666665,1.0,0.0,0.0
player::mytheos,team::fpz,Mytheos,FPZ,FPZ,FPZ,wildcard,LCL,172.01666666666665,6,2.0,2019-02-03 00:00:00+00:00,2019-02-28 00:00:00+00:00,2019,0.0,0.0,0.0,172.01666666666665,6.0,2.0,0.3333333333333333
player::saviour,team::fpz,Saviour,FPZ,FPZ,FPZ,wildcard,LCL,172.01666666666665,6,2.0,2019-02-03 00:00:00+00:00,2019-02-28 00:00:00+00:00,2019,0.0,0.0,0.0,172.01666666666665,6.0,2.0,0.3333333333333333
player::mytaht,team::fpz,MYTAHT,FPZ,FPZ,FPZ,wildcard,LCL,58.23333333333333,2,1.0,2019-02-07 00:00:00+00:00,2019-02-07 00:00:00+00:00,2019,0.0,0.0,0.0,58.23333333333333,2.0,1.0,0.5
player::night-jeroen-segers,team::fpz,Night (Jeroen Segers),FPZ,FPZ,FPZ,wildcard,LCL,86.56666666666666,3,1.0,2019-02-14 00:00:00+00:00,2019-02-28 00:00:00+00:00,2019,0.0,0.0,0.0,86.56666666666666,3.0,1.0,0.3333333333333333
player::chunkyfresh,team::fsn,Chunkyfresh,FSN,FSN,FSN,major,LCS,65.18333333333334,2,2.0,2014-11-23 00:00:00+00:00,2014-11-23 00:00:00+00:00,2015,0.0,0.0,0.0,65.18333333333334,2.0,2.0,1.0
player::huhi,team::fsn,huhi,FSN,FSN,FSN,major,LCS,558.8,14,8.0,2014-11-23 00:00:00+00:00,2014-12-14 00:00:00+00:00,2015,0.0,0.0,0.0,558.8,14.0,8.0,0.5714285714285714
player::maknoon,team::fsn,MakNooN,FSN,FSN,FSN,major,LCS,558.8,14,8.0,2014-11-23 00:00:00+00:00,2014-12-14 00:00:00+00:00,2015,0.0,0.0,0.0,558.8,14.0,8.0,0.5714285714285714
player::nientonsoh,team::fsn,Nientonsoh,FSN,FSN,FSN,major,LCS,558.8,14,8.0,2014-11-23 00:00:00+00:00,2014-12-14 00:00:00+00:00,2015,0.0,0.0,0.0,558.8,14.0,8.0,0.5714285714285714
player::nintendudex,team::fsn,NintendudeX,FSN,FSN,FSN,major,LCS,558.8,14,8.0,2014-11-23 00:00:00+00:00,2014-12-14 00:00:00+00:00,2015,0.0,0.0,0.0,558.8,14.0,8.0,0.5714285714285714
player::gleebglarbu,team::fsn,Gleebglarbu,FSN,FSN,FSN,major,LCS,493.6166666666667,12,6.0,2014-12-12 00:00:00+00:00,2014-12-14 00:00:00+00:00,2015,0.0,0.0,0.0,493.6166666666667,12.0,6.0,0.5
player::emperor-kim-jin-hyun,team::g2,Emperor (Kim Jin-hyun),G2,G2,G2,major,LEC,861.1166666666667,26,21.0,2016-01-14 00:00:00+00:00,2016-04-17 00:00:00+00:00,2016,357.0833333333333,11.0,2.0,1218.2,37.0,23.0,0.8076923076923077
player::hybrid-glenn-doornenbal,team::g2,Hybrid (Glenn Doornenbal),G2,G2,G2,major,LEC,861.1166666666667,26,21.0,2016-01-14 00:00:00+00:00,2016-04-17 00:00:00+00:00,2016,357.0833333333333,11.0,2.0,1218.2,37.0,23.0,0.8076923076923077
player::kikis,team::g2,Kikis,G2,G2,G2,major,LEC,1104.7833333333333,33,28.0,2016-01-14 00:00:00+00:00,2016-06-10 00:00:00+00:00,2016,357.0833333333333,11.0,2.0,1461.8666666666666,44.0,30.0,0.8484848484848485
player::perkz,team::g2,Perkz,G2,G2,G2,major,LEC,9091.25,262,186.0,2016-01-14 00:00:00+00:00,2019-09-08 00:00:00+00:00,2016|2017|2018|2019,3428.4,101.0,50.0,12519.65,363.0,236.0,0.7099236641221374
player::trick,team::g2,Trick,G2,G2,G2,major,LEC,5448.466666666666,152,113.0,2016-01-14 00:00:00+00:00,2017-09-03 00:00:00+00:00,2016|2017,1496.8666666666666,41.0,14.0,6945.333333333333,193.0,127.0,0.743421052631579
player::mithy,team::g2,Mithy,G2,G2,G2,major,LEC,4704.716666666666,129,94.0,2016-06-02 00:00:00+00:00,2017-09-03 00:00:00+00:00,2016|2017,1139.7833333333333,30.0,12.0,5844.5,159.0,106.0,0.7286821705426356
player::zven,team::g2,Zven,G2,G2,G2,major,LEC,4704.716666666666,129,94.0,2016-06-02 00:00:00+00:00,2017-09-03 00:00:00+00:00,2016|2017,1139.7833333333333,30.0,12.0,5844.5,159.0,106.0,0.7286821705426356
player::expect,team::g2,Expect,G2,G2,G2,major,LEC,4343.683333333333,119,85.0,2016-06-09 00:00:00+00:00,2017-09-03 00:00:00+00:00,2016|2017,1139.7833333333333,30.0,12.0,5483.466666666667,149.0,97.0,0.7142857142857143
player::blanc-jin-seong-min,team::g2,Blanc (Jin Seong-min),G2,G2,G2,major,LEC,117.36666666666667,3,2.0,2017-06-02 00:00:00+00:00,2017-06-02 00:00:00+00:00,2017,0.0,0.0,0.0,117.36666666666667,3.0,2.0,0.6666666666666666
player::loulex,team::g2,loulex,G2,G2,G2,major,LEC,117.36666666666667,3,2.0,2017-06-02 00:00:00+00:00,2017-06-02 00:00:00+00:00,2017,0.0,0.0,0.0,117.36666666666667,3.0,2.0,0.6666666666666666
player::send0o,team::g2,Send0o,G2,G2,G2,major,LEC,117.36666666666667,3,2.0,2017-06-02 00:00:00+00:00,2017-06-02 00:00:00+00:00,2017,0.0,0.0,0.0,117.36666666666667,3.0,2.0,0.6666666666666666
player::hjarnan,team::g2,Hjarnan,G2,G2,G2,major,LEC,2096.5666666666666,58,33.0,2018-01-19 00:00:00+00:00,2018-09-16 00:00:00+00:00,2018,813.1166666666667,24.0,14.0,2909.6833333333334,82.0,47.0,0.5689655172413793
player::jankos,team::g2,Jankos,G2,G2,G2,major,LEC,3642.783333333333,110,73.0,2018-01-19 00:00:00+00:00,2019-09-08 00:00:00+00:00,2018|2019,1931.5333333333333,60.0,36.0,5574.316666666667,170.0,109.0,0.6636363636363637
player::wadid,team::g2,Wadid,G2,G2,G2,major,LEC,2096.5666666666666,58,33.0,2018-01-19 00:00:00+00:00,2018-09-16 00:00:00+00:00,2018,813.1166666666667,24.0,14.0,2909.6833333333334,82.0,47.0,0.5689655172413793
player::wunder,team::g2,Wunder,G2,G2,G2,major,LEC,3642.783333333333,110,73.0,2018-01-19 00:00:00+00:00,2019-09-08 00:00:00+00:00,2018|2019,1931.5333333333333,60.0,36.0,5574.316666666667,170.0,109.0,0.6636363636363637
player::caps,team::g2,Caps,G2,G2,G2,major,LEC,1546.2166666666667,52,40.0,2019-01-18 00:00:00+00:00,2019-09-08 00:00:00+00:00,2019,1118.4166666666667,36.0,22.0,2664.633333333333,88.0,62.0,0.7692307692307693
player::mikyx,team::g2,Mikyx,G2,G2,G2,major,LEC,1462.5,50,40.0,2019-01-18 00:00:00+00:00,2019-09-08 00:00:00+00:00,2019,1118.4166666666667,36.0,22.0,2580.916666666667,86.0,62.0,0.8
player::promisq,team::g2,promisq,G2,G2,G2,major,LEC,83.71666666666667,2,0.0,2019-03-15 00:00:00+00:00,2019-03-16 00:00:00+00:00,2019,0.0,0.0,0.0,83.71666666666667,2.0,0.0,0.0
player::krow,team::g3x,Krow,g3x,g3x,g3x,wildcard,CBLOL,892.8833333333333,24,8.0,2015-05-23 00:00:00+00:00,2015-07-25 00:00:00+00:00,2015,0.0,0.0,0.0,892.8833333333333,24.0,8.0,0.3333333333333333
player::professor,team::g3x,Professor,g3x,g3x,g3x,wildcard,CBLOL,892.8833333333333,24,8.0,2015-05-23 00:00:00+00:00,2015-07-25 00:00:00+00:00,2015,0.0,0.0,0.0,892.8833333333333,24.0,8.0,0.3333333333333333
player::taeyeon,team::g3x,TaeYeon,g3x,g3x,g3x,wildcard,CBLOL,1643.5166666666669,43,14.0,2015-05-23 00:00:00+00:00,2016-03-13 00:00:00+00:00,2015|2016,0.0,0.0,0.0,1643.5166666666669,43.0,14.0,0.32558139534883723
player::thefoxz,team::g3x,TheFoxz,g3x,g3x,g3x,wildcard,CBLOL,994.9166666666666,27,9.0,2015-05-23 00:00:00+00:00,2015-11-13 00:00:00+00:00,2015,0.0,0.0,0.0,994.9166666666666,27.0,9.0,0.3333333333333333
player::zantins,team::g3x,Zantins,g3x,g3x,g3x,wildcard,CBLOL,1643.5166666666669,43,14.0,2015-05-23 00:00:00+00:00,2016-03-13 00:00:00+00:00,2015|2016,0.0,0.0,0.0,1643.5166666666669,43.0,14.0,0.32558139534883723
player::leozuxo,team::g3x,Leozuxo,g3x,g3x,g3x,wildcard,CBLOL,102.03333333333332,3,1.0,2015-11-13 00:00:00+00:00,2015-11-13 00:00:00+00:00,2015,0.0,0.0,0.0,102.03333333333332,3.0,1.0,0.3333333333333333
player::verfix,team::g3x,Verfix,g3x,g3x,g3x,wildcard,CBLOL,102.03333333333332,3,1.0,2015-11-13 00:00:00+00:00,2015-11-13 00:00:00+00:00,2015,0.0,0.0,0.0,102.03333333333332,3.0,1.0,0.3333333333333333
player::alocs,team::g3x,Alocs,g3x,g3x,g3x,wildcard,CBLOL,648.6,16,5.0,2016-01-17 00:00:00+00:00,2016-03-13 00:00:00+00:00,2016,0.0,0.0,0.0,648.6,16.0,5.0,0.3125
player::skyer,team::g3x,Skyer,g3x,g3x,g3x,wildcard,CBLOL,648.6,16,5.0,2016-01-17 00:00:00+00:00,2016-03-13 00:00:00+00:00,2016,0.0,0.0,0.0,648.6,16.0,5.0,0.3125
player::snowlz,team::g3x,Snowlz,g3x,g3x,g3x,wildcard,CBLOL,648.6,16,5.0,2016-01-17 00:00:00+00:00,2016-03-13 00:00:00+00:00,2016,0.0,0.0,0.0,648.6,16.0,5.0,0.3125
player::brolia,team::galakticos,Brolia,Galakticos,Galakticos,Galakticos,wildcard,TCL,811.3,25,11.0,2017-01-21 00:00:00+00:00,2017-04-03 00:00:00+00:00,2017,0.0,0.0,0.0,811.3,25.0,11.0,0.44
player::k0u,team::galakticos,k0u,Galakticos,Galakticos,Galakticos,wildcard,TCL,1959.8166666666664,56,22.0,2017-01-21 00:00:00+00:00,2017-07-16 00:00:00+00:00,2017,0.0,0.0,0.0,1959.8166666666664,56.0,22.0,0.39285714285714285
player::meantnt,team::galakticos,meanTnT,Galakticos,Galakticos,Galakticos,wildcard,TCL,1202.2666666666669,36,16.0,2017-01-21 00:00:00+00:00,2017-04-03 00:00:00+00:00,2017,0.0,0.0,0.0,1202.2666666666669,36.0,16.0,0.4444444444444444
player::revanche,team::galakticos,Revanche,Galakticos,Galakticos,Galakticos,wildcard,TCL,420.7333333333333,12,6.0,2017-01-21 00:00:00+00:00,2017-02-05 00:00:00+00:00,2017,0.0,0.0,0.0,420.7333333333333,12.0,6.0,0.5
player::sozpurefect,team::galakticos,SozPurefect,Galakticos,Galakticos,Galakticos,wildcard,TCL,2278.6,64,25.0,2017-01-21 00:00:00+00:00,2017-07-31 00:00:00+00:00,2017,0.0,0.0,0.0,2278.6,64.0,25.0,0.390625
player::rare,team::galakticos,Rare,Galakticos,Galakticos,Galakticos,wildcard,TCL,1719.45,51,13.0,2017-01-22 00:00:00+00:00,2018-03-26 00:00:00+00:00,2017|2018,0.0,0.0,0.0,1719.45,51.0,13.0,0.2549019607843137
player::veux,team::galakticos,Veux,Galakticos,Galakticos,Galakticos,wildcard,TCL,1616.5666666666668,50,14.0,2017-02-11 00:00:00+00:00,2018-03-05 00:00:00+00:00,2017|2018,0.0,0.0,0.0,1616.5666666666668,50.0,14.0,0.28
player::mean,team::galakticos,mean,Galakticos,Galakticos,Galakticos,wildcard,TCL,1076.3333333333333,28,9.0,2017-06-04 00:00:00+00:00,2017-07-31 00:00:00+00:00,2017,0.0,0.0,0.0,1076.3333333333333,28.0,9.0,0.32142857142857145
player::rogu-sama,team::galakticos,Rogu sama,Galakticos,Galakticos,Galakticos,wildcard,TCL,920.0333333333332,24,7.0,2017-06-04 00:00:00+00:00,2017-07-23 00:00:00+00:00,2017,0.0,0.0,0.0,920.0333333333332,24.0,7.0,0.2916666666666667
player::marshall,team::galakticos,Marshall,Galakticos,Galakticos,Galakticos,wildcard,TCL,451.25,12,2.0,2017-07-01 00:00:00+00:00,2017-07-23 00:00:00+00:00,2017,0.0,0.0,0.0,451.25,12.0,2.0,0.16666666666666666
player::coma-hong-hee-bum,team::galakticos,Coma (Hong Hee-bum),Galakticos,Galakticos,Galakticos,wildcard,TCL,318.7833333333333,8,3.0,2017-07-22 00:00:00+00:00,2017-07-31 00:00:00+00:00,2017,0.0,0.0,0.0,318.7833333333333,8.0,3.0,0.375
player::broken-blade,team::galakticos,Broken Blade,Galakticos,Galakticos,Galakticos,wildcard,TCL,156.3,4,2.0,2017-07-30 00:00:00+00:00,2017-07-31 00:00:00+00:00,2017,0.0,0.0,0.0,156.3,4.0,2.0,0.5
player::backlund,team::galakticos,Backlund,Galakticos,Galakticos,Galakticos,wildcard,TCL,516.6,16,2.0,2018-01-20 00:00:00+00:00,2018-02-19 00:00:00+00:00,2018,0.0,0.0,0.0,516.6,16.0,2.0,0.125
player::j1mmy,team::galakticos,j1mmy,Galakticos,Galakticos,Galakticos,wildcard,TCL,859.6999999999999,28,3.0,2018-01-20 00:00:00+00:00,2018-03-26 00:00:00+00:00,2018,0.0,0.0,0.0,859.6999999999999,28.0,3.0,0.10714285714285714
player::viking,team::galakticos,Viking,Galakticos,Galakticos,Galakticos,wildcard,TCL,289.7,9,2.0,2018-01-20 00:00:00+00:00,2018-02-05 00:00:00+00:00,2018,0.0,0.0,0.0,289.7,9.0,2.0,0.2222222222222222
player::styllee,team::galakticos,styllEE,Galakticos,Galakticos,Galakticos,wildcard,TCL,84.44999999999999,3,0.0,2018-02-10 00:00:00+00:00,2018-02-12 00:00:00+00:00,2018,0.0,0.0,0.0,84.44999999999999,3.0,0.0,0.0
player::neo-moon-ji-won,team::galakticos,Neo (Moon Ji-won),Galakticos,Galakticos,Galakticos,wildcard,TCL,304.5833333333333,10,0.0,2018-02-16 00:00:00+00:00,2018-03-05 00:00:00+00:00,2018,0.0,0.0,0.0,304.5833333333333,10.0,0.0,0.0
player::swing,team::galakticos,Swing,Galakticos,Galakticos,Galakticos,wildcard,TCL,162.13333333333333,6,0.0,2018-02-24 00:00:00+00:00,2018-03-05 00:00:00+00:00,2018,0.0,0.0,0.0,162.13333333333333,6.0,0.0,0.0
player::chosenn,team::galakticos,Chosenn,Galakticos,Galakticos,Galakticos,wildcard,TCL,180.96666666666667,6,1.0,2018-03-17 00:00:00+00:00,2018-03-26 00:00:00+00:00,2018,0.0,0.0,0.0,180.96666666666667,6.0,1.0,0.16666666666666666
player::mgx,team::galakticos,MGX,Galakticos,Galakticos,Galakticos,wildcard,TCL,155.8,5,1.0,2018-03-17 00:00:00+00:00,2018-03-26 00:00:00+00:00,2018,0.0,0.0,0.0,155.8,5.0,1.0,0.2
player::ozgur-can-ozgur-kara,team::galakticos,Ozgur (Can Özgür Kara),Galakticos,Galakticos,Galakticos,wildcard,TCL,180.96666666666667,6,1.0,2018-03-17 00:00:00+00:00,2018-03-26 00:00:00+00:00,2018,0.0,0.0,0.0,180.96666666666667,6.0,1.0,0.16666666666666666
player::fiseyin,team::galakticos,Fiseyin,Galakticos,Galakticos,Galakticos,wildcard,TCL,25.166666666666668,1,0.0,2018-03-25 00:00:00+00:00,2018-03-25 00:00:00+00:00,2018,0.0,0.0,0.0,25.166666666666668,1.0,0.0,0.0
player::doxy,team::galakticos,Doxy,Galakticos,Galakticos,Galakticos,wildcard,TCL,265.1,8,1.0,2019-01-19 00:00:00+00:00,2019-02-10 00:00:00+00:00,2019,0.0,0.0,0.0,265.1,8.0,1.0,0.125
player::husky-rider,team::galakticos,Husky Rider,Galakticos,Galakticos,Galakticos,wildcard,TCL,249.2,8,2.0,2019-01-19 00:00:00+00:00,2019-02-24 00:00:00+00:00,2019,0.0,0.0,0.0,249.2,8.0,2.0,0.25
player::naru-koray-bcak,team::galakticos,Naru (Koray Bıçak),Galakticos,Galakticos,Galakticos,wildcard,TCL,391.9333333333333,12,2.0,2019-01-19 00:00:00+00:00,2019-02-24 00:00:00+00:00,2019,0.0,0.0,0.0,391.9333333333333,12.0,2.0,0.16666666666666666
player::trick,team::galakticos,Trick,Galakticos,Galakticos,Galakticos,wildcard,TCL,326.95,10,2.0,2019-01-19 00:00:00+00:00,2019-02-17 00:00:00+00:00,2019,0.0,0.0,0.0,326.95,10.0,2.0,0.2
player::zergsting,team::galakticos,Zergsting,Galakticos,Galakticos,Galakticos,wildcard,TCL,391.9333333333333,12,2.0,2019-01-19 00:00:00+00:00,2019-02-24 00:00:00+00:00,2019,0.0,0.0,0.0,391.9333333333333,12.0,2.0,0.16666666666666666
player::luger,team::galakticos,Luger,Galakticos,Galakticos,Galakticos,wildcard,TCL,142.73333333333332,4,0.0,2019-01-26 00:00:00+00:00,2019-02-03 00:00:00+00:00,2019,0.0,0.0,0.0,142.73333333333332,4.0,0.0,0.0
player::flaxxish,team::galakticos,Flaxxish,Galakticos,Galakticos,Galakticos,wildcard,TCL,126.83333333333331,4,1.0,2019-02-16 00:00:00+00:00,2019-02-24 00:00:00+00:00,2019,0.0,0.0,0.0,126.83333333333331,4.0,1.0,0.25
player::trix,team::galakticos,Trix,Galakticos,Galakticos,Galakticos,wildcard,TCL,659.8,20,5.0,2019-02-23 00:00:00+00:00,2019-08-04 00:00:00+00:00,2019,0.0,0.0,0.0,659.8,20.0,5.0,0.25
player::neji,team::galakticos,Neji,Galakticos,Galakticos,Galakticos,wildcard,TCL,114.31666666666666,4,0.0,2019-03-02 00:00:00+00:00,2019-03-10 00:00:00+00:00,2019,0.0,0.0,0.0,114.31666666666666,4.0,0.0,0.0
player::ruvelius,team::galakticos,Ruvelius,Galakticos,Galakticos,Galakticos,wildcard,TCL,642.7833333333333,20,4.0,2019-03-02 00:00:00+00:00,2019-07-21 00:00:00+00:00,2019,0.0,0.0,0.0,642.7833333333333,20.0,4.0,0.2
player::shakuras,team::galakticos,Shakuras,Galakticos,Galakticos,Galakticos,wildcard,TCL,114.31666666666666,4,0.0,2019-03-02 00:00:00+00:00,2019-03-10 00:00:00+00:00,2019,0.0,0.0,0.0,114.31666666666666,4.0,0.0,0.0
player::sugarfree,team::galakticos,Sugarfree,Galakticos,Galakticos,Galakticos,wildcard,TCL,166.38333333333333,6,0.0,2019-03-02 00:00:00+00:00,2019-03-17 00:00:00+00:00,2019,0.0,0.0,0.0,166.38333333333333,6.0,0.0,0.0
player::t1so,team::galakticos,T1SO,Galakticos,Galakticos,Galakticos,wildcard,TCL,166.38333333333333,6,0.0,2019-03-02 00:00:00+00:00,2019-03-17 00:00:00+00:00,2019,0.0,0.0,0.0,166.38333333333333,6.0,0.0,0.0
player::soren-egemen-cetkin,team::galakticos,Soren (Egemen Çetkin),Galakticos,Galakticos,Galakticos,wildcard,TCL,52.06666666666666,2,0.0,2019-03-16 00:00:00+00:00,2019-03-17 00:00:00+00:00,2019,0.0,0.0,0.0,52.06666666666666,2.0,0.0,0.0
player::thane-krios,team::galakticos,Thane Krios,Galakticos,Galakticos,Galakticos,wildcard,TCL,52.06666666666666,2,0.0,2019-03-16 00:00:00+00:00,2019-03-17 00:00:00+00:00,2019,0.0,0.0,0.0,52.06666666666666,2.0,0.0,0.0
player::nillenalley,team::galakticos,NilleNalley,Galakticos,Galakticos,Galakticos,wildcard,TCL,476.4,14,4.0,2019-06-08 00:00:00+00:00,2019-07-21 00:00:00+00:00,2019,0.0,0.0,0.0,476.4,14.0,4.0,0.2857142857142857
player::tarky,team::galakticos,Tarky,Galakticos,Galakticos,Galakticos,wildcard,TCL,594.8166666666667,18,5.0,2019-06-08 00:00:00+00:00,2019-08-04 00:00:00+00:00,2019,0.0,0.0,0.0,594.8166666666667,18.0,5.0,0.2777777777777778
player::xkenzuke,team::galakticos,xKenzuke,Galakticos,Galakticos,Galakticos,wildcard,TCL,594.8166666666667,18,5.0,2019-06-08 00:00:00+00:00,2019-08-04 00:00:00+00:00,2019,0.0,0.0,0.0,594.8166666666667,18.0,5.0,0.2777777777777778
player::creation,team::galakticos,Creation,Galakticos,Galakticos,Galakticos,wildcard,TCL,118.41666666666666,4,1.0,2019-07-27 00:00:00+00:00,2019-08-04 00:00:00+00:00,2019,0.0,0.0,0.0,118.41666666666666,4.0,1.0,0.25
player::neos-onder-akbasoglu,team::galakticos,Neos (Önder Akbaşoğlu),Galakticos,Galakticos,Galakticos,wildcard,TCL,118.41666666666666,4,1.0,2019-07-27 00:00:00+00:00,2019-08-04 00:00:00+00:00,2019,0.0,0.0,0.0,118.41666666666666,4.0,1.0,0.25
player::abbedagge,team::galatasarayesports,Abbedagge,Galatasaray Esports,Galatasaray Esports,Galatasaray Esports,wildcard,TCL,997.75,28,8.0,2017-01-21 00:00:00+00:00,2017-03-14 00:00:00+00:00,2017,0.0,0.0,0.0,997.75,28.0,8.0,0.2857142857142857
player::broken-blade,team::galatasarayesports,Broken Blade,Galatasaray Esports,Galatasaray Esports,Galatasaray Esports,wildcard,TCL,936.1166666666668,26,6.0,2017-01-21 00:00:00+00:00,2017-03-14 00:00:00+00:00,2017,0.0,0.0,0.0,936.1166666666668,26.0,6.0,0.23076923076923078
player::kanani,team::galatasarayesports,Kanani,Galatasaray Esports,Galatasaray Esports,Galatasaray Esports,wildcard,TCL,449.0833333333333,12,4.0,2017-01-21 00:00:00+00:00,2017-02-06 00:00:00+00:00,2017,0.0,0.0,0.0,449.0833333333333,12.0,4.0,0.3333333333333333
player::killeres,team::galatasarayesports,KillerEs,Galatasaray Esports,Galatasaray Esports,Galatasaray Esports,wildcard,TCL,997.75,28,8.0,2017-01-21 00:00:00+00:00,2017-03-14 00:00:00+00:00,2017,0.0,0.0,0.0,997.75,28.0,8.0,0.2857142857142857
player::madagger,team::galatasarayesports,Madagger,Galatasaray Esports,Galatasaray Esports,Galatasaray Esports,wildcard,TCL,566.6666666666666,16,4.0,2017-01-21 00:00:00+00:00,2017-02-13 00:00:00+00:00,2017,0.0,0.0,0.0,566.6666666666666,16.0,4.0,0.25
player::smoke,team::galatasarayesports,Smoke,Galatasaray Esports,Galatasaray Esports,Galatasaray Esports,wildcard,TCL,131.73333333333332,4,3.0,2017-02-04 00:00:00+00:00,2019-03-17 00:00:00+00:00,2017|2019,0.0,0.0,0.0,131.73333333333332,4.0,3.0,0.75
player::nerroh,team::galatasarayesports,Nerroh,Galatasaray Esports,Galatasaray Esports,Galatasaray Esports,wildcard,TCL,117.58333333333331,4,0.0,2017-02-12 00:00:00+00:00,2017-02-13 00:00:00+00:00,2017,0.0,0.0,0.0,117.58333333333331,4.0,0.0,0.0
player::adaniel,team::galatasarayesports,Adaniel,Galatasaray Esports,Galatasaray Esports,Galatasaray Esports,wildcard,TCL,161.66666666666666,4,1.0,2017-02-18 00:00:00+00:00,2017-02-19 00:00:00+00:00,2017,0.0,0.0,0.0,161.66666666666666,4.0,1.0,0.25
player::noxiak,team::galatasarayesports,Noxiak,Galatasaray Esports,Galatasaray Esports,Galatasaray Esports,wildcard,TCL,431.0833333333333,12,4.0,2017-02-18 00:00:00+00:00,2017-03-14 00:00:00+00:00,2017,0.0,0.0,0.0,431.0833333333333,12.0,4.0,0.3333333333333333
player::decagon-moon,team::galatasarayesports,Decagon Moon,Galatasaray Esports,Galatasaray Esports,Galatasaray Esports,wildcard,TCL,141.96666666666667,4,1.0,2017-03-05 00:00:00+00:00,2017-03-06 00:00:00+00:00,2017,0.0,0.0,0.0,141.96666666666667,4.0,1.0,0.25
player::crimson-mert-kocak,team::galatasarayesports,Crimson (Mert Koçak),Galatasaray Esports,Galatasaray Esports,Galatasaray Esports,wildcard,TCL,127.45,4,2.0,2017-03-12 00:00:00+00:00,2017-03-14 00:00:00+00:00,2017,0.0,0.0,0.0,127.45,4.0,2.0,0.5
player::godbro,team::galatasarayesports,Godbro,Galatasaray Esports,Galatasaray Esports,Galatasaray Esports,wildcard,TCL,750.4333333333333,22,11.0,2019-01-19 00:00:00+00:00,2019-04-07 00:00:00+00:00,2019,0.0,0.0,0.0,750.4333333333333,22.0,11.0,0.5
player::hioss,team::galatasarayesports,Hioss,Galatasaray Esports,Galatasaray Esports,Galatasaray Esports,wildcard,TCL,738.1999999999999,22,11.0,2019-01-19 00:00:00+00:00,2019-04-07 00:00:00+00:00,2019,0.0,0.0,0.0,738.1999999999999,22.0,11.0,0.5
player::madness-gokhan-ucar,team::galatasarayesports,Madness (Gökhan Uçar),Galatasaray Esports,Galatasaray Esports,Galatasaray Esports,wildcard,TCL,1303.2,39,22.0,2019-01-19 00:00:00+00:00,2019-08-04 00:00:00+00:00,2019,0.0,0.0,0.0,1303.2,39.0,22.0,0.5641025641025641
player::taikki,team::galatasarayesports,Taikki,Galatasaray Esports,Galatasaray Esports,Galatasaray Esports,wildcard,TCL,808.3,24,12.0,2019-01-19 00:00:00+00:00,2019-04-07 00:00:00+00:00,2019,0.0,0.0,0.0,808.3,24.0,12.0,0.5
player::tolerant,team::galatasarayesports,Tolerant,Galatasaray Esports,Galatasaray Esports,Galatasaray Esports,wildcard,TCL,738.1999999999999,22,11.0,2019-01-19 00:00:00+00:00,2019-04-07 00:00:00+00:00,2019,0.0,0.0,0.0,738.1999999999999,22.0,11.0,0.5
player::mgx,team::galatasarayesports,MGX,Galatasaray Esports,Galatasaray Esports,Galatasaray Esports,wildcard,TCL,127.96666666666664,4,2.0,2019-03-16 00:00:00+00:00,2019-04-07 00:00:00+00:00,2019,0.0,0.0,0.0,127.96666666666664,4.0,2.0,0.5
player::balkhan,team::galatasarayesports,BalKhan,Galatasaray Esports,Galatasaray Esports,Galatasaray Esports,wildcard,TCL,833.4666666666667,25,14.0,2019-06-08 00:00:00+00:00,2019-08-25 00:00:00+00:00,2019,0.0,0.0,0.0,833.4666666666667,25.0,14.0,0.56
player::farfetch,team::galatasarayesports,Farfetch,Galatasaray Esports,Galatasaray Esports,Galatasaray Esports,wildcard,TCL,456.1166666666667,14,9.0,2019-06-08 00:00:00+00:00,2019-07-21 00:00:00+00:00,2019,0.0,0.0,0.0,456.1166666666667,14.0,9.0,0.6428571428571429
player::gbm,team::galatasarayesports,GBM,Galatasaray Esports,Galatasaray Esports,Galatasaray Esports,wildcard,TCL,833.4666666666667,25,14.0,2019-06-08 00:00:00+00:00,2019-08-25 00:00:00+00:00,2019,0.0,0.0,0.0,833.4666666666667,25.0,14.0,0.56
player::ragner,team::galatasarayesports,Ragner,Galatasaray Esports,Galatasaray Esports,Galatasaray Esports,wildcard,TCL,833.4666666666667,25,14.0,2019-06-08 00:00:00+00:00,2019-08-25 00:00:00+00:00,2019,0.0,0.0,0.0,833.4666666666667,25.0,14.0,0.56
player::husky-rider,team::galatasarayesports,Husky Rider,Galatasaray Esports,Galatasaray Esports,Galatasaray Esports,wildcard,TCL,338.56666666666666,10,4.0,2019-06-29 00:00:00+00:00,2019-08-25 00:00:00+00:00,2019,0.0,0.0,0.0,338.56666666666666,10.0,4.0,0.4
player::dumbledoge,team::galatasarayesports,Dumbledoge,Galatasaray Esports,Galatasaray Esports,Galatasaray Esports,wildcard,TCL,377.35,11,5.0,2019-07-27 00:00:00+00:00,2019-08-25 00:00:00+00:00,2019,0.0,0.0,0.0,377.35,11.0,5.0,0.45454545454545453
player::archie-vyacheslav-egorov,team::gambitcis,Archie (Vyacheslav Egorov),Gambit.CIS,Gambit.CIS,Gambit.CIS,wildcard,LCL,542.9499999999999,14,6.0,2016-05-28 00:00:00+00:00,2016-07-10 00:00:00+00:00,2016,0.0,0.0,0.0,542.9499999999999,14.0,6.0,0.42857142857142855
player::babunia,team::gambitcis,Babunia,Gambit.CIS,Gambit.CIS,Gambit.CIS,wildcard,LCL,542.9499999999999,14,6.0,2016-05-28 00:00:00+00:00,2016-07-10 00:00:00+00:00,2016,0.0,0.0,0.0,542.9499999999999,14.0,6.0,0.42857142857142855
player::bloodfenix,team::gambitcis,BloodFenix,Gambit.CIS,Gambit.CIS,Gambit.CIS,wildcard,LCL,542.9499999999999,14,6.0,2016-05-28 00:00:00+00:00,2016-07-10 00:00:00+00:00,2016,0.0,0.0,0.0,542.9499999999999,14.0,6.0,0.42857142857142855
player::fomko,team::gambitcis,Fomko,Gambit.CIS,Gambit.CIS,Gambit.CIS,wildcard,LCL,542.9499999999999,14,6.0,2016-05-28 00:00:00+00:00,2016-07-10 00:00:00+00:00,2016,0.0,0.0,0.0,542.9499999999999,14.0,6.0,0.42857142857142855
player::lex,team::gambitcis,LeX,Gambit.CIS,Gambit.CIS,Gambit.CIS,wildcard,LCL,542.9499999999999,14,6.0,2016-05-28 00:00:00+00:00,2016-07-10 00:00:00+00:00,2016,0.0,0.0,0.0,542.9499999999999,14.0,6.0,0.42857142857142855
player::diamondprox,team::gambitcis,Diamondprox,Gambit.CIS,Gambit.CIS,Gambit.CIS,wildcard,LCL,5792.433333333333,169,124.0,2017-01-28 00:00:00+00:00,2019-09-01 00:00:00+00:00,2017|2018|2019,718.9499999999999,22.0,9.0,6511.383333333333,191.0,133.0,0.7337278106508875
player::firees,team::gambitcis,FIRees,Gambit.CIS,Gambit.CIS,Gambit.CIS,wildcard,LCL,535.3166666666666,14,6.0,2017-01-28 00:00:00+00:00,2017-03-19 00:00:00+00:00,2017,0.0,0.0,0.0,535.3166666666666,14.0,6.0,0.42857142857142855
player::niksar,team::gambitcis,NikSar,Gambit.CIS,Gambit.CIS,Gambit.CIS,wildcard,LCL,535.3166666666666,14,6.0,2017-01-28 00:00:00+00:00,2017-03-19 00:00:00+00:00,2017,0.0,0.0,0.0,535.3166666666666,14.0,6.0,0.42857142857142855
player::xavieles,team::gambitcis,Xavieles,Gambit.CIS,Gambit.CIS,Gambit.CIS,wildcard,LCL,298.5,8,2.0,2017-01-28 00:00:00+00:00,2017-02-19 00:00:00+00:00,2017,0.0,0.0,0.0,298.5,8.0,2.0,0.25
player::zoiren,team::gambitcis,zoiren,Gambit.CIS,Gambit.CIS,Gambit.CIS,wildcard,LCL,535.3166666666666,14,6.0,2017-01-28 00:00:00+00:00,2017-03-19 00:00:00+00:00,2017,0.0,0.0,0.0,535.3166666666666,14.0,6.0,0.42857142857142855
player::archie2b,team::gambitcis,Archie2b,Gambit.CIS,Gambit.CIS,Gambit.CIS,wildcard,LCL,236.81666666666663,6,4.0,2017-03-04 00:00:00+00:00,2017-03-19 00:00:00+00:00,2017,0.0,0.0,0.0,236.81666666666663,6.0,4.0,0.6666666666666666
player::blasting,team::gambitcis,Blasting,Gambit.CIS,Gambit.CIS,Gambit.CIS,wildcard,LCL,1199.4833333333331,34,30.0,2017-06-24 00:00:00+00:00,2018-03-04 00:00:00+00:00,2017|2018,121.5,4.0,0.0,1320.9833333333331,38.0,30.0,0.8823529411764706
player::edward,team::gambitcis,Edward,Gambit.CIS,Gambit.CIS,Gambit.CIS,wildcard,LCL,3013.2166666666667,86,67.0,2017-06-24 00:00:00+00:00,2018-09-02 00:00:00+00:00,2017|2018,718.9499999999999,22.0,9.0,3732.1666666666665,108.0,76.0,0.7790697674418605
player::kira,team::gambitcis,Kira,Gambit.CIS,Gambit.CIS,Gambit.CIS,wildcard,LCL,4750.433333333333,140,107.0,2017-06-24 00:00:00+00:00,2019-09-01 00:00:00+00:00,2017|2018|2019,718.9499999999999,22.0,9.0,5469.383333333333,162.0,116.0,0.7642857142857142
player::pvpstejos,team::gambitcis,PvPStejos,Gambit.CIS,Gambit.CIS,Gambit.CIS,wildcard,LCL,5257.116666666667,155,118.0,2017-06-24 00:00:00+00:00,2019-09-01 00:00:00+00:00,2017|2018|2019,718.9499999999999,22.0,9.0,5976.066666666667,177.0,127.0,0.7612903225806451
player::lodik,team::gambitcis,Lodik,Gambit.CIS,Gambit.CIS,Gambit.CIS,wildcard,LCL,3968.833333333333,118,85.0,2018-03-10 00:00:00+00:00,2019-09-01 00:00:00+00:00,2018|2019,597.4499999999999,18.0,9.0,4566.283333333333,136.0,94.0,0.7203389830508474
player::jestkui-max,team::gambitcis,Jestkui Max,Gambit.CIS,Gambit.CIS,Gambit.CIS,wildcard,LCL,2243.9,69,51.0,2019-02-03 00:00:00+00:00,2019-09-01 00:00:00+00:00,2019,0.0,0.0,0.0,2243.9,69.0,51.0,0.7391304347826086
player::xtylk,team::gambitcis,xTyLk,Gambit.CIS,Gambit.CIS,Gambit.CIS,wildcard,LCL,595.4833333333333,18,14.0,2019-02-03 00:00:00+00:00,2019-03-24 00:00:00+00:00,2019,0.0,0.0,0.0,595.4833333333333,18.0,14.0,0.7777777777777778
player::cabochard,team::gambitgaming,Cabochard,Gambit Gaming,Gambit Gaming,Gambit Gaming,major,LEC,1443.3166666666666,36,17.0,2015-01-22 00:00:00+00:00,2015-07-24 00:00:00+00:00,2015,0.0,0.0,0.0,1443.3166666666666,36.0,17.0,0.4722222222222222
player::diamond-danil-reshetnikov,team::gambitgaming,Diamond (Danil Reshetnikov),Gambit Gaming,Gambit Gaming,Gambit Gaming,major,LEC,860.3166666666666,21,11.0,2015-01-22 00:00:00+00:00,2015-04-05 00:00:00+00:00,2015,0.0,0.0,0.0,860.3166666666666,21.0,11.0,0.5238095238095238
player::edward,team::gambitgaming,Edward,Gambit Gaming,Gambit Gaming,Gambit Gaming,major,LEC,860.3166666666666,21,11.0,2015-01-22 00:00:00+00:00,2015-04-05 00:00:00+00:00,2015,0.0,0.0,0.0,860.3166666666666,21.0,11.0,0.5238095238095238
player::niq,team::gambitgaming,niQ,Gambit Gaming,Gambit Gaming,Gambit Gaming,major,LEC,360.9,8,3.0,2015-01-22 00:00:00+00:00,2015-02-13 00:00:00+00:00,2015,0.0,0.0,0.0,360.9,8.0,3.0,0.375
player::p1noy,team::gambitgaming,P1noy,Gambit Gaming,Gambit Gaming,Gambit Gaming,major,LEC,860.3166666666666,21,11.0,2015-01-22 00:00:00+00:00,2015-04-05 00:00:00+00:00,2015,0.0,0.0,0.0,860.3166666666666,21.0,11.0,0.5238095238095238
player::betsy,team::gambitgaming,Betsy,Gambit Gaming,Gambit Gaming,Gambit Gaming,major,LEC,1082.4166666666663,28,14.0,2015-02-19 00:00:00+00:00,2015-07-24 00:00:00+00:00,2015,0.0,0.0,0.0,1082.4166666666663,28.0,14.0,0.5
player::diamondprox,team::gambitgaming,Diamondprox,Gambit Gaming,Gambit Gaming,Gambit Gaming,major,LEC,583.0,15,6.0,2015-05-29 00:00:00+00:00,2015-07-24 00:00:00+00:00,2015,0.0,0.0,0.0,583.0,15.0,6.0,0.4
player::forg1vengre,team::gambitgaming,FORG1VENGRE,Gambit Gaming,Gambit Gaming,Gambit Gaming,major,LEC,482.98333333333335,13,6.0,2015-05-29 00:00:00+00:00,2015-07-17 00:00:00+00:00,2015,0.0,0.0,0.0,482.98333333333335,13.0,6.0,0.46153846153846156
player::gosu-pepper,team::gambitgaming,GoSu Pepper,Gambit Gaming,Gambit Gaming,Gambit Gaming,major,LEC,583.0,15,6.0,2015-05-29 00:00:00+00:00,2015-07-24 00:00:00+00:00,2015,0.0,0.0,0.0,583.0,15.0,6.0,0.4
player::moopz,team::gambitgaming,Moopz,Gambit Gaming,Gambit Gaming,Gambit Gaming,major,LEC,100.01666666666668,2,0.0,2015-07-23 00:00:00+00:00,2015-07-24 00:00:00+00:00,2015,0.0,0.0,0.0,100.01666666666668,2.0,0.0,0.0
player::jwaow,team::gamers2,Jwaow,gamers2,gamers2,gamers2,major,LEC,184.95,5,3.0,2014-11-22 00:00:00+00:00,2014-11-29 00:00:00+00:00,2015,0.0,0.0,0.0,184.95,5.0,3.0,0.6
player::k0u,team::gamers2,k0u,gamers2,gamers2,gamers2,major,LEC,184.95,5,3.0,2014-11-22 00:00:00+00:00,2014-11-29 00:00:00+00:00,2015,0.0,0.0,0.0,184.95,5.0,3.0,0.6
player::kasing,team::gamers2,kaSing,gamers2,gamers2,gamers2,major,LEC,184.95,5,3.0,2014-11-22 00:00:00+00:00,2014-11-29 00:00:00+00:00,2015,0.0,0.0,0.0,184.95,5.0,3.0,0.6
player::ocelote,team::gamers2,ocelote,gamers2,gamers2,gamers2,major,LEC,184.95,5,3.0,2014-11-22 00:00:00+00:00,2014-11-29 00:00:00+00:00,2015,0.0,0.0,0.0,184.95,5.0,3.0,0.6
player::yuuki60,team::gamers2,Yuuki60,gamers2,gamers2,gamers2,major,LEC,184.95,5,3.0,2014-11-22 00:00:00+00:00,2014-11-29 00:00:00+00:00,2015,0.0,0.0,0.0,184.95,5.0,3.0,0.6
player::gimgoon,team::gametalents,GimGoon,Game Talents,Game Talents,Game Talents,major,LPL,2880.35,78,27.0,2016-05-26 00:00:00+00:00,2017-04-16 00:00:00+00:00,2016|2017,0.0,0.0,0.0,2880.35,78.0,27.0,0.34615384615384615
player::pentaq,team::gametalents,PentaQ,Game Talents,Game Talents,Game Talents,major,LPL,1560.8833333333332,43,16.0,2016-05-26 00:00:00+00:00,2017-04-02 00:00:00+00:00,2016|2017,0.0,0.0,0.0,1560.8833333333332,43.0,16.0,0.37209302325581395
player::republic,team::gametalents,Republic,Game Talents,Game Talents,Game Talents,major,LPL,2880.35,78,27.0,2016-05-26 00:00:00+00:00,2017-04-16 00:00:00+00:00,2016|2017,0.0,0.0,0.0,2880.35,78.0,27.0,0.34615384615384615
player::savoki,team::gametalents,Savoki,Game Talents,Game Talents,Game Talents,major,LPL,2513.75,68,23.0,2016-05-26 00:00:00+00:00,2017-04-16 00:00:00+00:00,2016|2017,0.0,0.0,0.0,2513.75,68.0,23.0,0.3382352941176471
player::wushuang,team::gametalents,WuShuang,Game Talents,Game Talents,Game Talents,major,LPL,1701.2166666666667,47,17.0,2016-05-26 00:00:00+00:00,2017-02-16 00:00:00+00:00,2016|2017,0.0,0.0,0.0,1701.2166666666667,47.0,17.0,0.3617021276595745
player::city,team::gametalents,City,Game Talents,Game Talents,Game Talents,major,LPL,190.2333333333333,6,2.0,2016-08-07 00:00:00+00:00,2016-08-10 00:00:00+00:00,2016,0.0,0.0,0.0,190.2333333333333,6.0,2.0,0.3333333333333333
player::xubin,team::gametalents,Xubin,Game Talents,Game Talents,Game Talents,major,LPL,507.25,13,4.0,2017-01-22 00:00:00+00:00,2017-03-23 00:00:00+00:00,2017,0.0,0.0,0.0,507.25,13.0,4.0,0.3076923076923077
player::xiaoyu-liang-jian,team::gametalents,Xiaoyu (Liang Jian),Game Talents,Game Talents,Game Talents,major,LPL,1179.1333333333332,31,10.0,2017-02-12 00:00:00+00:00,2017-04-16 00:00:00+00:00,2017,0.0,0.0,0.0,1179.1333333333332,31.0,10.0,0.3225806451612903
player::soulmate,team::gametalents,Soulmate,Game Talents,Game Talents,Game Talents,major,LPL,176.36666666666667,4,2.0,2017-02-16 00:00:00+00:00,2017-04-02 00:00:00+00:00,2017,0.0,0.0,0.0,176.36666666666667,4.0,2.0,0.5
player::west,team::gametalents,West,Game Talents,Game Talents,Game Talents,major,LPL,812.2166666666667,22,7.0,2017-03-03 00:00:00+00:00,2017-04-16 00:00:00+00:00,2017,0.0,0.0,0.0,812.2166666666667,22.0,7.0,0.3181818181818182
player::danger,team::gamtee,Danger,Gamtee,Gamtee,Gamtee,major,LPL,769.3000000000001,20,7.0,2015-01-16 00:00:00+00:00,2015-02-15 00:00:00+00:00,2015,0.0,0.0,0.0,769.3000000000001,20.0,7.0,0.35
player::leo-dai-cheng,team::gamtee,Leo (Dai Cheng),Gamtee,Gamtee,Gamtee,major,LPL,294.7,8,1.0,2015-01-16 00:00:00+00:00,2015-01-25 00:00:00+00:00,2015,0.0,0.0,0.0,294.7,8.0,1.0,0.125
player::letme,team::gamtee,Letme,Gamtee,Gamtee,Gamtee,major,LPL,1687.3166666666666,44,14.0,2015-01-16 00:00:00+00:00,2015-04-12 00:00:00+00:00,2015,0.0,0.0,0.0,1687.3166666666666,44.0,14.0,0.3181818181818182
player::sinkdream,team::gamtee,SinkDream,Gamtee,Gamtee,Gamtee,major,LPL,1687.3166666666666,44,14.0,2015-01-16 00:00:00+00:00,2015-04-12 00:00:00+00:00,2015,0.0,0.0,0.0,1687.3166666666666,44.0,14.0,0.3181818181818182
player::tale,team::gamtee,Tale,Gamtee,Gamtee,Gamtee,major,LPL,1687.3166666666666,44,14.0,2015-01-16 00:00:00+00:00,2015-04-12 00:00:00+00:00,2015,0.0,0.0,0.0,1687.3166666666666,44.0,14.0,0.3181818181818182
player::xiaohu,team::gamtee,Xiaohu,Gamtee,Gamtee,Gamtee,major,LPL,1392.6166666666668,36,13.0,2015-01-31 00:00:00+00:00,2015-04-12 00:00:00+00:00,2015,0.0,0.0,0.0,1392.6166666666668,36.0,13.0,0.3611111111111111
player::hu1,team::gamtee,hu1,Gamtee,Gamtee,Gamtee,major,LPL,918.0166666666668,24,7.0,2015-02-27 00:00:00+00:00,2015-04-12 00:00:00+00:00,2015,0.0,0.0,0.0,918.0166666666668,24.0,7.0,0.2916666666666667
player::bliss,team::geng,BlisS,Gen.G,Samsung Galaxy,Samsung Galaxy | Gen.G,major,LCK,767.25,20,2.0,2015-01-09 00:00:00+00:00,2015-08-05 00:00:00+00:00,2015,0.0,0.0,0.0,767.25,20.0,2.0,0.1
player::cuvee,team::geng,CuVee,Gen.G,Samsung Galaxy,Samsung Galaxy | Gen.G,major,LCK,10034.833333333332,266,139.0,2015-01-09 00:00:00+00:00,2017-09-02 00:00:00+00:00,2015|2016|2017,1211.1,33.0,26.0,11245.933333333332,299.0,165.0,0.5225563909774437
player::eve,team::geng,Eve,Gen.G,Samsung Galaxy,Samsung Galaxy | Gen.G,major,LCK,2805.4833333333336,71,22.0,2015-01-09 00:00:00+00:00,2015-08-12 00:00:00+00:00,2015,0.0,0.0,0.0,2805.4833333333336,71.0,22.0,0.30985915492957744
player::fury-lee-jin-yong,team::geng,Fury (Lee Jin-yong),Gen.G,Samsung Galaxy,Samsung Galaxy | Gen.G,major,LCK,2840.6,72,22.0,2015-01-09 00:00:00+00:00,2015-08-12 00:00:00+00:00,2015,0.0,0.0,0.0,2840.6,72.0,22.0,0.3055555555555556
player::wraith,team::geng,Wraith,Gen.G,Samsung Galaxy,Samsung Galaxy | Gen.G,major,LCK,5667.1,146,69.0,2015-01-09 00:00:00+00:00,2017-08-15 00:00:00+00:00,2015|2016|2017,67.93333333333334,2.0,1.0,5735.033333333333,148.0,70.0,0.4726027397260274
player::ace-kim-ji-hoon,team::geng,Ace (Kim Ji-hoon),Gen.G,Samsung Galaxy,Samsung Galaxy | Gen.G,major,LCK,413.8,10,4.0,2015-02-27 00:00:00+00:00,2015-04-11 00:00:00+00:00,2015,0.0,0.0,0.0,413.8,10.0,4.0,0.4
player::crown,team::geng,Crown,Gen.G,Samsung Galaxy,Samsung Galaxy | Gen.G,major,LCK,9047.166666666666,241,135.0,2015-05-20 00:00:00+00:00,2017-09-02 00:00:00+00:00,2015|2016|2017,1211.1,33.0,26.0,10258.266666666666,274.0,161.0,0.5601659751037344
player::luna-jang-kyung-ho,team::geng,Luna (Jang Kyung-ho),Gen.G,Samsung Galaxy,Samsung Galaxy | Gen.G,major,LCK,846.6499999999999,22,6.0,2015-05-20 00:00:00+00:00,2015-08-05 00:00:00+00:00,2015,0.0,0.0,0.0,846.6499999999999,22.0,6.0,0.2727272727272727
player::ambition,team::geng,Ambition,Gen.G,Samsung Galaxy,Samsung Galaxy | Gen.G,major,LCK,5818.016666666666,155,92.0,2016-01-14 00:00:00+00:00,2017-09-02 00:00:00+00:00,2016|2017,1163.0666666666666,32.0,25.0,6981.083333333333,187.0,117.0,0.5935483870967742
player::corejj,team::geng,CoreJJ,Gen.G,Samsung Galaxy,Samsung Galaxy | Gen.G,major,LCK,4657.033333333333,130,80.0,2016-01-14 00:00:00+00:00,2017-09-02 00:00:00+00:00,2016|2017,1143.1666666666663,31.0,25.0,5800.199999999999,161.0,105.0,0.6153846153846154
player::stitch,team::geng,Stitch,Gen.G,Samsung Galaxy,Samsung Galaxy | Gen.G,major,LCK,1060.5,27,13.0,2016-01-16 00:00:00+00:00,2017-08-15 00:00:00+00:00,2016|2017,0.0,0.0,0.0,1060.5,27.0,13.0,0.48148148148148145
player::ruler,team::geng,Ruler,Gen.G,Samsung Galaxy,Samsung Galaxy | Gen.G,major,LCK,5314.316666666667,143,92.0,2016-05-26 00:00:00+00:00,2017-09-02 00:00:00+00:00,2016|2017,1211.1,33.0,26.0,6525.416666666666,176.0,118.0,0.6433566433566433
player::helper-kwon-yeong-jae,team::geng,Helper (Kwon Yeong-jae),Gen.G,Samsung Galaxy,Samsung Galaxy | Gen.G,major,LCK,158.26666666666665,4,2.0,2016-07-30 00:00:00+00:00,2016-08-10 00:00:00+00:00,2016,0.0,0.0,0.0,158.26666666666665,4.0,2.0,0.5
player::haru,team::geng,Haru,Gen.G,Samsung Galaxy,Samsung Galaxy | Gen.G,major,LCK,1534.4833333333331,43,27.0,2017-01-17 00:00:00+00:00,2017-08-30 00:00:00+00:00,2017,48.03333333333333,1.0,1.0,1582.5166666666669,44.0,28.0,0.627906976744186
player::ambition,team::geng,Ambition,Gen.G,Gen.G,Samsung Galaxy | Gen.G,major,LCK,2248.5166666666664,61,32.0,2018-01-16 00:00:00+00:00,2018-09-12 00:00:00+00:00,2018,34.85,1.0,0.0,2283.3666666666663,62.0,32.0,0.5245901639344263
player::corejj,team::geng,CoreJJ,Gen.G,Gen.G,Samsung Galaxy | Gen.G,major,LCK,3836.133333333333,106,60.0,2018-01-16 00:00:00+00:00,2018-09-16 00:00:00+00:00,2018,198.38333333333333,6.0,1.0,4034.5166666666655,112.0,61.0,0.5660377358490566
player::crown,team::geng,Crown,Gen.G,Gen.G,Samsung Galaxy | Gen.G,major,LCK,2308.9,62,34.0,2018-01-16 00:00:00+00:00,2018-09-16 00:00:00+00:00,2018,198.38333333333333,6.0,1.0,2507.2833333333333,68.0,35.0,0.5483870967741935
player::cuvee,team::geng,CuVee,Gen.G,Gen.G,Samsung Galaxy | Gen.G,major,LCK,6074.5,171,91.0,2018-01-16 00:00:00+00:00,2019-08-18 00:00:00+00:00,2018|2019,198.38333333333333,6.0,1.0,6272.883333333333,177.0,92.0,0.5321637426900585
player::ruler,team::geng,Ruler,Gen.G,Gen.G,Samsung Galaxy | Gen.G,major,LCK,6858.3,194,100.0,2018-01-16 00:00:00+00:00,2019-08-18 00:00:00+00:00,2018|2019,198.38333333333333,6.0,1.0,7056.683333333333,200.0,101.0,0.5154639175257731
player::haru,team::geng,Haru,Gen.G,Gen.G,Samsung Galaxy | Gen.G,major,LCK,1587.6166666666668,45,28.0,2018-01-25 00:00:00+00:00,2018-09-16 00:00:00+00:00,2018,163.53333333333333,5.0,1.0,1751.15,50.0,29.0,0.6222222222222222
player::fly-song-yong-jun,team::geng,Fly (Song Yong-jun),Gen.G,Gen.G,Samsung Galaxy | Gen.G,major,LCK,3555.633333333333,101,51.0,2018-06-12 00:00:00+00:00,2019-08-18 00:00:00+00:00,2018|2019,0.0,0.0,0.0,3555.633333333333,101.0,51.0,0.504950495049505
player::mong,team::geng,Mong,Gen.G,Gen.G,Samsung Galaxy | Gen.G,major,LCK,23.616666666666667,1,0.0,2018-06-20 00:00:00+00:00,2018-06-20 00:00:00+00:00,2018,0.0,0.0,0.0,23.616666666666667,1.0,0.0,0.0
player::life,team::geng,Life,Gen.G,Gen.G,Samsung Galaxy | Gen.G,major,LCK,3022.1666666666665,88,40.0,2019-01-16 00:00:00+00:00,2019-08-18 00:00:00+00:00,2019,0.0,0.0,0.0,3022.1666666666665,88.0,40.0,0.45454545454545453
player::peanut,team::geng,Peanut,Gen.G,Gen.G,Samsung Galaxy | Gen.G,major,LCK,2940.6,85,39.0,2019-01-16 00:00:00+00:00,2019-08-18 00:00:00+00:00,2019,0.0,0.0,0.0,2940.6,85.0,39.0,0.4588235294117647
player::roach,team::geng,Roach,Gen.G,Gen.G,Samsung Galaxy | Gen.G,major,LCK,981.1333333333332,29,13.0,2019-01-18 00:00:00+00:00,2019-08-18 00:00:00+00:00,2019,0.0,0.0,0.0,981.1333333333332,29.0,13.0,0.4482758620689655
player::kuzan,team::geng,Kuzan,Gen.G,Gen.G,Samsung Galaxy | Gen.G,major,LCK,610.0,19,9.0,2019-06-05 00:00:00+00:00,2019-06-29 00:00:00+00:00,2019,0.0,0.0,0.0,610.0,19.0,9.0,0.47368421052631576
player::seonghwan,team::geng,SeongHwan,Gen.G,Gen.G,Samsung Galaxy | Gen.G,major,LCK,81.56666666666666,3,1.0,2019-06-16 00:00:00+00:00,2019-06-29 00:00:00+00:00,2019,0.0,0.0,0.0,81.56666666666666,3.0,1.0,0.3333333333333333
player::rich-lee-jae-won,team::geng,Rich (Lee Jae-won),Gen.G,Gen.G,Samsung Galaxy | Gen.G,major,LCK,162.81666666666666,5,2.0,2019-08-09 00:00:00+00:00,2019-08-11 00:00:00+00:00,2019,0.0,0.0,0.0,162.81666666666666,5.0,2.0,0.4
player::adryh-adrian-perez,team::giantsgaming,Adryh (Adrián Pérez),Giants Gaming,Giants Gaming,Giants Gaming,major,LEC,2621.383333333333,71,26.0,2014-11-21 00:00:00+00:00,2016-02-26 00:00:00+00:00,2015|2016,0.0,0.0,0.0,2621.383333333333,71.0,26.0,0.36619718309859156
player::fr3deric,team::giantsgaming,Fr3deric,Giants Gaming,Giants Gaming,Giants Gaming,major,LEC,2140.983333333333,57,24.0,2014-11-21 00:00:00+00:00,2015-08-29 00:00:00+00:00,2015,0.0,0.0,0.0,2140.983333333333,57.0,24.0,0.42105263157894735
player::rydle,team::giantsgaming,Rydle,Giants Gaming,Giants Gaming,Giants Gaming,major,LEC,1247.85,33,16.0,2014-11-21 00:00:00+00:00,2015-03-27 00:00:00+00:00,2015,0.0,0.0,0.0,1247.85,33.0,16.0,0.48484848484848486
player::werlyb,team::giantsgaming,Werlyb,Giants Gaming,Giants Gaming,Giants Gaming,major,LEC,2140.983333333333,57,24.0,2014-11-21 00:00:00+00:00,2015-08-29 00:00:00+00:00,2015,0.0,0.0,0.0,2140.983333333333,57.0,24.0,0.42105263157894735
player::xpepii,team::giantsgaming,xPePii,Giants Gaming,Giants Gaming,Giants Gaming,major,LEC,1102.75,32,13.0,2014-11-21 00:00:00+00:00,2016-03-18 00:00:00+00:00,2015|2016,0.0,0.0,0.0,1102.75,32.0,13.0,0.40625
player::pepiinero,team::giantsgaming,PePiiNeRO,Giants Gaming,Giants Gaming,Giants Gaming,major,LEC,1614.15,43,14.0,2015-01-22 00:00:00+00:00,2015-08-29 00:00:00+00:00,2015,0.0,0.0,0.0,1614.15,43.0,14.0,0.32558139534883723
player::g0dfred,team::giantsgaming,G0DFRED,Giants Gaming,Giants Gaming,Giants Gaming,major,LEC,1419.5166666666669,40,10.0,2015-05-28 00:00:00+00:00,2016-03-11 00:00:00+00:00,2015|2016,0.0,0.0,0.0,1419.5166666666669,40.0,10.0,0.25
player::atom-peter-thomsen,team::giantsgaming,Atom (Peter Thomsen),Giants Gaming,Giants Gaming,Giants Gaming,major,LEC,480.4,14,2.0,2016-01-14 00:00:00+00:00,2016-02-26 00:00:00+00:00,2016,0.0,0.0,0.0,480.4,14.0,2.0,0.14285714285714285
player::k0u,team::giantsgaming,k0u,Giants Gaming,Giants Gaming,Giants Gaming,major,LEC,139.2,4,0.0,2016-01-14 00:00:00+00:00,2016-01-22 00:00:00+00:00,2016,0.0,0.0,0.0,139.2,4.0,0.0,0.0
player::betongjocke,team::giantsgaming,BetongJocke,Giants Gaming,Giants Gaming,Giants Gaming,major,LEC,341.2,10,2.0,2016-01-28 00:00:00+00:00,2016-02-26 00:00:00+00:00,2016,0.0,0.0,0.0,341.2,10.0,2.0,0.2
player::smittyj,team::giantsgaming,Smittyj,Giants Gaming,Giants Gaming,Giants Gaming,major,LEC,1616.85,47,21.0,2016-03-10 00:00:00+00:00,2016-09-03 00:00:00+00:00,2016,0.0,0.0,0.0,1616.85,47.0,21.0,0.44680851063829785
player::sonstar,team::giantsgaming,S0NSTAR,Giants Gaming,Giants Gaming,Giants Gaming,major,LEC,1616.85,47,21.0,2016-03-10 00:00:00+00:00,2016-09-03 00:00:00+00:00,2016,0.0,0.0,0.0,1616.85,47.0,21.0,0.44680851063829785
player::wisdom,team::giantsgaming,Wisdom,Giants Gaming,Giants Gaming,Giants Gaming,major,LEC,95.51666666666668,4,1.0,2016-03-10 00:00:00+00:00,2016-03-18 00:00:00+00:00,2016,0.0,0.0,0.0,95.51666666666668,4.0,1.0,0.25
player::hustlin,team::giantsgaming,Hustlin,Giants Gaming,Giants Gaming,Giants Gaming,major,LEC,2715.9666666666667,77,29.0,2016-03-17 00:00:00+00:00,2017-03-31 00:00:00+00:00,2016|2017,0.0,0.0,0.0,2715.9666666666667,77.0,29.0,0.37662337662337664
player::maxlore,team::giantsgaming,Maxlore,Giants Gaming,Giants Gaming,Giants Gaming,major,LEC,1521.3333333333333,43,20.0,2016-06-02 00:00:00+00:00,2016-09-03 00:00:00+00:00,2016,0.0,0.0,0.0,1521.3333333333333,43.0,20.0,0.46511627906976744
player::night-na-gun-woo,team::giantsgaming,NighT (Na Gun-woo),Giants Gaming,Giants Gaming,Giants Gaming,major,LEC,2666.4333333333334,75,28.0,2016-06-02 00:00:00+00:00,2017-03-31 00:00:00+00:00,2016|2017,0.0,0.0,0.0,2666.4333333333334,75.0,28.0,0.37333333333333335
player::flaxxish,team::giantsgaming,Flaxxish,Giants Gaming,Giants Gaming,Giants Gaming,major,LEC,1145.1,32,8.0,2017-01-20 00:00:00+00:00,2017-03-31 00:00:00+00:00,2017,0.0,0.0,0.0,1145.1,32.0,8.0,0.25
player::heaq,team::giantsgaming,HeaQ,Giants Gaming,Giants Gaming,Giants Gaming,major,LEC,1145.1,32,8.0,2017-01-20 00:00:00+00:00,2017-03-31 00:00:00+00:00,2017,0.0,0.0,0.0,1145.1,32.0,8.0,0.25
player::memento,team::giantsgaming,Memento,Giants Gaming,Giants Gaming,Giants Gaming,major,LEC,1145.1,32,8.0,2017-01-20 00:00:00+00:00,2017-03-31 00:00:00+00:00,2017,0.0,0.0,0.0,1145.1,32.0,8.0,0.25
player::betsy,team::giantsgaming,Betsy,Giants Gaming,Giants Gaming,Giants Gaming,major,LEC,1275.9166666666667,36,12.0,2018-01-19 00:00:00+00:00,2018-08-18 00:00:00+00:00,2018,0.0,0.0,0.0,1275.9166666666667,36.0,12.0,0.3333333333333333
player::djoko,team::giantsgaming,Djoko,Giants Gaming,Giants Gaming,Giants Gaming,major,LEC,1275.9166666666667,36,12.0,2018-01-19 00:00:00+00:00,2018-08-18 00:00:00+00:00,2018,0.0,0.0,0.0,1275.9166666666667,36.0,12.0,0.3333333333333333
player::ruin,team::giantsgaming,Ruin,Giants Gaming,Giants Gaming,Giants Gaming,major,LEC,1275.9166666666667,36,12.0,2018-01-19 00:00:00+00:00,2018-08-18 00:00:00+00:00,2018,0.0,0.0,0.0,1275.9166666666667,36.0,12.0,0.3333333333333333
player::steeelback,team::giantsgaming,Steeelback,Giants Gaming,Giants Gaming,Giants Gaming,major,LEC,1275.9166666666667,36,12.0,2018-01-19 00:00:00+00:00,2018-08-18 00:00:00+00:00,2018,0.0,0.0,0.0,1275.9166666666667,36.0,12.0,0.3333333333333333
player::targamas,team::giantsgaming,Targamas,Giants Gaming,Giants Gaming,Giants Gaming,major,LEC,638.05,18,7.0,2018-01-19 00:00:00+00:00,2018-03-17 00:00:00+00:00,2018,0.0,0.0,0.0,638.05,18.0,7.0,0.3888888888888889
player::sirnukesalot,team::giantsgaming,SirNukesAlot,Giants Gaming,Giants Gaming,Giants Gaming,major,LEC,637.8666666666667,18,5.0,2018-06-15 00:00:00+00:00,2018-08-18 00:00:00+00:00,2018,0.0,0.0,0.0,637.8666666666667,18.0,5.0,0.2777777777777778
player::contractz,team::goldenguardians,Contractz,Golden Guardians,Golden Guardians,Golden Guardians,major,LCS,2782.8,79,28.0,2018-01-20 00:00:00+00:00,2019-08-05 00:00:00+00:00,2018|2019,0.0,0.0,0.0,2782.8,79.0,28.0,0.35443037974683544
player::deftly,team::goldenguardians,Deftly,Golden Guardians,Golden Guardians,Golden Guardians,major,LCS,2422.4833333333336,68,24.0,2018-01-20 00:00:00+00:00,2019-06-23 00:00:00+00:00,2018|2019,0.0,0.0,0.0,2422.4833333333336,68.0,24.0,0.35294117647058826
player::hai,team::goldenguardians,Hai,Golden Guardians,Golden Guardians,Golden Guardians,major,LCS,660.75,18,4.0,2018-01-20 00:00:00+00:00,2018-03-18 00:00:00+00:00,2018,0.0,0.0,0.0,660.75,18.0,4.0,0.2222222222222222
player::lourlo,team::goldenguardians,Lourlo,Golden Guardians,Golden Guardians,Golden Guardians,major,LCS,1297.1,36,9.0,2018-01-20 00:00:00+00:00,2018-08-19 00:00:00+00:00,2018,0.0,0.0,0.0,1297.1,36.0,9.0,0.25
player::matt-matthew-elento,team::goldenguardians,Matt (Matthew Elento),Golden Guardians,Golden Guardians,Golden Guardians,major,LCS,1297.1,36,9.0,2018-01-20 00:00:00+00:00,2018-08-19 00:00:00+00:00,2018,0.0,0.0,0.0,1297.1,36.0,9.0,0.25
player::mickey-son-young-min,team::goldenguardians,Mickey (Son Young-min),Golden Guardians,Golden Guardians,Golden Guardians,major,LCS,570.0666666666667,16,5.0,2018-06-16 00:00:00+00:00,2018-08-12 00:00:00+00:00,2018,0.0,0.0,0.0,570.0666666666667,16.0,5.0,0.3125
player::bobqin,team::goldenguardians,Bobqin,Golden Guardians,Golden Guardians,Golden Guardians,major,LCS,66.28333333333333,2,0.0,2018-08-19 00:00:00+00:00,2018-08-19 00:00:00+00:00,2018,0.0,0.0,0.0,66.28333333333333,2.0,0.0,0.0
player::froggen,team::goldenguardians,Froggen,Golden Guardians,Golden Guardians,Golden Guardians,major,LCS,1485.7,43,19.0,2019-01-27 00:00:00+00:00,2019-08-05 00:00:00+00:00,2019,0.0,0.0,0.0,1485.7,43.0,19.0,0.4418604651162791
player::hauntzer,team::goldenguardians,Hauntzer,Golden Guardians,Golden Guardians,Golden Guardians,major,LCS,1485.7,43,19.0,2019-01-27 00:00:00+00:00,2019-08-05 00:00:00+00:00,2019,0.0,0.0,0.0,1485.7,43.0,19.0,0.4418604651162791
player::olleh,team::goldenguardians,Olleh,Golden Guardians,Golden Guardians,Golden Guardians,major,LCS,1125.3833333333332,32,15.0,2019-01-27 00:00:00+00:00,2019-06-23 00:00:00+00:00,2019,0.0,0.0,0.0,1125.3833333333332,32.0,15.0,0.46875
player::fbi,team::goldenguardians,FBI,Golden Guardians,Golden Guardians,Golden Guardians,major,LCS,360.31666666666666,11,4.0,2019-07-07 00:00:00+00:00,2019-08-05 00:00:00+00:00,2019,0.0,0.0,0.0,360.31666666666666,11.0,4.0,0.36363636363636365
player::huhi,team::goldenguardians,huhi,Golden Guardians,Golden Guardians,Golden Guardians,major,LCS,360.31666666666666,11,4.0,2019-07-07 00:00:00+00:00,2019-08-05 00:00:00+00:00,2019,0.0,0.0,0.0,360.31666666666666,11.0,4.0,0.36363636363636365
player::bebe-friedrich-knaub,team::gpx,bebe (Friedrich Knaub),gpx,gpx,gpx,wildcard,LCL,145.6,4,1.0,2015-02-14 00:00:00+00:00,2015-02-21 00:00:00+00:00,2015,0.0,0.0,0.0,145.6,4.0,1.0,0.25
player::chatbotte,team::gpx,Chatbotte,gpx,gpx,gpx,wildcard,LCL,386.23333333333335,11,5.0,2015-02-14 00:00:00+00:00,2015-03-08 00:00:00+00:00,2015,0.0,0.0,0.0,386.23333333333335,11.0,5.0,0.45454545454545453
player::lasagna,team::gpx,Lasagna,gpx,gpx,gpx,wildcard,LCL,718.55,20,9.0,2015-02-14 00:00:00+00:00,2015-04-11 00:00:00+00:00,2015,0.0,0.0,0.0,718.55,20.0,9.0,0.45
player::skash,team::gpx,Skash,gpx,gpx,gpx,wildcard,LCL,718.55,20,9.0,2015-02-14 00:00:00+00:00,2015-04-11 00:00:00+00:00,2015,0.0,0.0,0.0,718.55,20.0,9.0,0.45
player::tauren,team::gpx,Tauren,gpx,gpx,gpx,wildcard,LCL,718.55,20,9.0,2015-02-14 00:00:00+00:00,2015-04-11 00:00:00+00:00,2015,0.0,0.0,0.0,718.55,20.0,9.0,0.45
player::aoi-haru,team::gpx,Aoi Haru,gpx,gpx,gpx,wildcard,LCL,56.36666666666667,2,1.0,2015-02-21 00:00:00+00:00,2015-03-22 00:00:00+00:00,2015,0.0,0.0,0.0,56.36666666666667,2.0,1.0,0.5
player::dxalchemist,team::gpx,DxAlchemist,gpx,gpx,gpx,wildcard,LCL,540.0833333333333,15,7.0,2015-02-28 00:00:00+00:00,2015-04-11 00:00:00+00:00,2015,0.0,0.0,0.0,540.0833333333333,15.0,7.0,0.4666666666666667
player::xyraz,team::gpx,Xyraz,gpx,gpx,gpx,wildcard,LCL,308.81666666666666,8,4.0,2015-03-28 00:00:00+00:00,2015-04-11 00:00:00+00:00,2015,0.0,0.0,0.0,308.81666666666666,8.0,4.0,0.5
player::ahume-cujia,team::grandmalovers,AHuMe CuJIa,Grandma Lovers,Grandma Lovers,Grandma Lovers,wildcard,LCL,175.15,6,2.0,2019-02-02 00:00:00+00:00,2019-02-27 00:00:00+00:00,2019,0.0,0.0,0.0,175.15,6.0,2.0,0.3333333333333333
player::canya123,team::grandmalovers,CANYA123,Grandma Lovers,Grandma Lovers,Grandma Lovers,wildcard,LCL,175.15,6,2.0,2019-02-02 00:00:00+00:00,2019-02-27 00:00:00+00:00,2019,0.0,0.0,0.0,175.15,6.0,2.0,0.3333333333333333
player::g1nex,team::grandmalovers,G1NEX,Grandma Lovers,Grandma Lovers,Grandma Lovers,wildcard,LCL,175.15,6,2.0,2019-02-02 00:00:00+00:00,2019-02-27 00:00:00+00:00,2019,0.0,0.0,0.0,175.15,6.0,2.0,0.3333333333333333
player::n0j0y,team::grandmalovers,N0J0Y,Grandma Lovers,Grandma Lovers,Grandma Lovers,wildcard,LCL,175.15,6,2.0,2019-02-02 00:00:00+00:00,2019-02-27 00:00:00+00:00,2019,0.0,0.0,0.0,175.15,6.0,2.0,0.3333333333333333
player::satanishka,team::grandmalovers,satanishka,Grandma Lovers,Grandma Lovers,Grandma Lovers,wildcard,LCL,150.26666666666665,5,2.0,2019-02-02 00:00:00+00:00,2019-02-27 00:00:00+00:00,2019,0.0,0.0,0.0,150.26666666666665,5.0,2.0,0.4
player::moldavianuzi,team::grandmalovers,MoldavianUzi,Grandma Lovers,Grandma Lovers,Grandma Lovers,wildcard,LCL,24.883333333333333,1,0.0,2019-02-13 00:00:00+00:00,2019-02-13 00:00:00+00:00,2019,0.0,0.0,0.0,24.883333333333333,1.0,0.0,0.0
player::bunny-fufuu,team::gravity,Bunny FuFuu,Gravity,Gravity,Gravity,major,LCS,2266.15,59,34.0,2014-11-22 00:00:00+00:00,2015-08-29 00:00:00+00:00,2015,0.0,0.0,0.0,2266.15,59.0,34.0,0.576271186440678
player::cop,team::gravity,Cop,Gravity,Gravity,Gravity,major,LCS,1237.9166666666663,32,19.0,2014-11-22 00:00:00+00:00,2015-04-05 00:00:00+00:00,2015,0.0,0.0,0.0,1237.9166666666663,32.0,19.0,0.59375
player::hauntzer,team::gravity,Hauntzer,Gravity,Gravity,Gravity,major,LCS,2266.15,59,34.0,2014-11-22 00:00:00+00:00,2015-08-29 00:00:00+00:00,2015,0.0,0.0,0.0,2266.15,59.0,34.0,0.576271186440678
player::keane,team::gravity,Keane,Gravity,Gravity,Gravity,major,LCS,2266.15,59,34.0,2014-11-22 00:00:00+00:00,2015-08-29 00:00:00+00:00,2015,0.0,0.0,0.0,2266.15,59.0,34.0,0.576271186440678
player::saintvicious,team::gravity,Saintvicious,Gravity,Gravity,Gravity,major,LCS,1237.9166666666663,32,19.0,2014-11-22 00:00:00+00:00,2015-04-05 00:00:00+00:00,2015,0.0,0.0,0.0,1237.9166666666663,32.0,19.0,0.59375
player::altec,team::gravity,Altec,Gravity,Gravity,Gravity,major,LCS,1028.2333333333331,27,15.0,2015-05-30 00:00:00+00:00,2015-08-29 00:00:00+00:00,2015,0.0,0.0,0.0,1028.2333333333331,27.0,15.0,0.5555555555555556
player::move,team::gravity,Move,Gravity,Gravity,Gravity,major,LCS,1028.2333333333331,27,15.0,2015-05-30 00:00:00+00:00,2015-08-29 00:00:00+00:00,2015,0.0,0.0,0.0,1028.2333333333331,27.0,15.0,0.5555555555555556
player::koala-lin-chih-chiang,team::grex,Koala (Lin Chih-Chiang),G-Rex,Raise Gaming,Raise Gaming | G-Rex,major,LMS,1723.7333333333331,48,26.0,2017-06-03 00:00:00+00:00,2017-08-28 00:00:00+00:00,2017,0.0,0.0,0.0,1723.7333333333331,48.0,26.0,0.5416666666666666
player::laba,team::grex,Laba,G-Rex,Raise Gaming,Raise Gaming | G-Rex,major,LMS,1723.7333333333331,48,26.0,2017-06-03 00:00:00+00:00,2017-08-28 00:00:00+00:00,2017,0.0,0.0,0.0,1723.7333333333331,48.0,26.0,0.5416666666666666
player::lilv,team::grex,Lilv,G-Rex,Raise Gaming,Raise Gaming | G-Rex,major,LMS,1640.75,45,26.0,2017-06-03 00:00:00+00:00,2017-08-28 00:00:00+00:00,2017,0.0,0.0,0.0,1640.75,45.0,26.0,0.5777777777777777
player::pk,team::grex,PK,G-Rex,Raise Gaming,Raise Gaming | G-Rex,major,LMS,1723.7333333333331,48,26.0,2017-06-03 00:00:00+00:00,2017-08-28 00:00:00+00:00,2017,0.0,0.0,0.0,1723.7333333333331,48.0,26.0,0.5416666666666666
player::wuji,team::grex,Wuji,G-Rex,Raise Gaming,Raise Gaming | G-Rex,major,LMS,1723.7333333333331,48,26.0,2017-06-03 00:00:00+00:00,2017-08-28 00:00:00+00:00,2017,0.0,0.0,0.0,1723.7333333333331,48.0,26.0,0.5416666666666666
player::ran-chen-kuan-yu,team::grex,Ran (Chen Kuan-Yu),G-Rex,Raise Gaming,Raise Gaming | G-Rex,major,LMS,82.98333333333332,3,0.0,2017-07-14 00:00:00+00:00,2017-08-20 00:00:00+00:00,2017,0.0,0.0,0.0,82.98333333333332,3.0,0.0,0.0
player::candy-kim-seung-ju,team::grex,Candy (Kim Seung-ju),G-Rex,G-Rex,Raise Gaming | G-Rex,major,LMS,3894.1,110,56.0,2018-01-26 00:00:00+00:00,2019-09-08 00:00:00+00:00,2018|2019,436.75,14.0,7.0,4330.85,124.0,63.0,0.509090909090909
player::empt2,team::grex,Empt2,G-Rex,G-Rex,Raise Gaming | G-Rex,major,LMS,1063.65,30,16.0,2018-01-26 00:00:00+00:00,2019-03-30 00:00:00+00:00,2018|2019,346.31666666666666,11.0,7.0,1409.9666666666665,41.0,23.0,0.5333333333333333
player::koala-lin-chih-chiang,team::grex,Koala (Lin Chih-Chiang),G-Rex,G-Rex,Raise Gaming | G-Rex,major,LMS,2971.0,83,50.0,2018-01-26 00:00:00+00:00,2018-09-22 00:00:00+00:00,2018,436.75,14.0,7.0,3407.75,97.0,57.0,0.6024096385542169
player::pk,team::grex,PK,G-Rex,G-Rex,Raise Gaming | G-Rex,major,LMS,5504.0,158,84.0,2018-01-26 00:00:00+00:00,2019-09-08 00:00:00+00:00,2018|2019,436.75,14.0,7.0,5940.75,172.0,91.0,0.5316455696202531
player::stitch,team::grex,Stitch,G-Rex,G-Rex,Raise Gaming | G-Rex,major,LMS,2370.7166666666667,67,42.0,2018-01-26 00:00:00+00:00,2018-09-22 00:00:00+00:00,2018,436.75,14.0,7.0,2807.4666666666667,81.0,49.0,0.6268656716417911
player::baybay,team::grex,baybay,G-Rex,G-Rex,Raise Gaming | G-Rex,major,LMS,1903.483333333333,53,32.0,2018-01-31 00:00:00+00:00,2018-08-04 00:00:00+00:00,2018,90.43333333333334,3.0,0.0,1993.9166666666667,56.0,32.0,0.6037735849056604
player::wuji,team::grex,Wuji,G-Rex,G-Rex,Raise Gaming | G-Rex,major,LMS,2210.1833333333334,64,36.0,2018-02-28 00:00:00+00:00,2019-02-28 00:00:00+00:00,2018|2019,0.0,0.0,0.0,2210.1833333333334,64.0,36.0,0.5625
player::raise,team::grex,Raise,G-Rex,G-Rex,Raise Gaming | G-Rex,major,LMS,1291.65,38,19.0,2018-07-19 00:00:00+00:00,2019-03-27 00:00:00+00:00,2018|2019,0.0,0.0,0.0,1291.65,38.0,19.0,0.5
player::atlen,team::grex,Atlen,G-Rex,G-Rex,Raise Gaming | G-Rex,major,LMS,77.30000000000001,2,0.0,2019-01-17 00:00:00+00:00,2019-01-17 00:00:00+00:00,2019,0.0,0.0,0.0,77.30000000000001,2.0,0.0,0.0
player::eason,team::grex,Eason,G-Rex,G-Rex,Raise Gaming | G-Rex,major,LMS,143.73333333333335,4,1.0,2019-01-17 00:00:00+00:00,2019-07-13 00:00:00+00:00,2019,0.0,0.0,0.0,143.73333333333335,4.0,1.0,0.25
player::bruce,team::grex,Bruce,G-Rex,G-Rex,Raise Gaming | G-Rex,major,LMS,2430.15,72,34.0,2019-01-25 00:00:00+00:00,2019-09-08 00:00:00+00:00,2019,0.0,0.0,0.0,2430.15,72.0,34.0,0.4722222222222222
player::yoon,team::grex,Yoon,G-Rex,G-Rex,Raise Gaming | G-Rex,major,LMS,2414.8166666666666,72,33.0,2019-01-25 00:00:00+00:00,2019-09-08 00:00:00+00:00,2019,0.0,0.0,0.0,2414.8166666666666,72.0,33.0,0.4583333333333333
player::gemini,team::grex,Gemini,G-Rex,G-Rex,Raise Gaming | G-Rex,major,LMS,1219.6666666666667,36,17.0,2019-06-14 00:00:00+00:00,2019-09-08 00:00:00+00:00,2019,0.0,0.0,0.0,1219.6666666666667,36.0,17.0,0.4722222222222222
player::mountain-xue-zhao-hong,team::grex,Mountain (Xue Zhao-Hong),G-Rex,G-Rex,Raise Gaming | G-Rex,major,LMS,25.55,1,0.0,2019-07-13 00:00:00+00:00,2019-07-13 00:00:00+00:00,2019,0.0,0.0,0.0,25.55,1.0,0.0,0.0
player::chovy,team::grf,Chovy,GRF,GRF,GRF,major,LCK,4641.466666666666,136,91.0,2018-06-12 00:00:00+00:00,2019-08-31 00:00:00+00:00,2018|2019,361.76666666666665,11.0,7.0,5003.233333333333,147.0,98.0,0.6691176470588235
player::lehends,team::grf,Lehends,GRF,GRF,GRF,major,LCK,4913.466666666666,144,96.0,2018-06-12 00:00:00+00:00,2019-08-31 00:00:00+00:00,2018|2019,361.76666666666665,11.0,7.0,5275.233333333333,155.0,103.0,0.6666666666666666
player::rather,team::grf,Rather,GRF,GRF,GRF,major,LCK,272.0,8,5.0,2018-06-12 00:00:00+00:00,2018-07-31 00:00:00+00:00,2018,0.0,0.0,0.0,272.0,8.0,5.0,0.625
player::sword-choi-sung-won,team::grf,Sword (Choi Sung-won),GRF,GRF,GRF,major,LCK,4166.716666666666,121,82.0,2018-06-12 00:00:00+00:00,2019-07-14 00:00:00+00:00,2018|2019,361.76666666666665,11.0,7.0,4528.483333333333,132.0,89.0,0.6776859504132231
player::tarzan-lee-seung-yong,team::grf,Tarzan (Lee Seung-yong),GRF,GRF,GRF,major,LCK,4913.466666666666,144,96.0,2018-06-12 00:00:00+00:00,2019-08-31 00:00:00+00:00,2018|2019,361.76666666666665,11.0,7.0,5275.233333333333,155.0,103.0,0.6666666666666666
player::viper-park-do-hyeon,team::grf,Viper (Park Do-hyeon),GRF,GRF,GRF,major,LCK,4913.466666666666,144,96.0,2018-06-12 00:00:00+00:00,2019-08-31 00:00:00+00:00,2018|2019,361.76666666666665,11.0,7.0,5275.233333333333,155.0,103.0,0.6666666666666666
player::doran-choi-hyeon-joon,team::grf,Doran (Choi Hyeon-joon),GRF,GRF,GRF,major,LCK,746.75,23,14.0,2019-07-20 00:00:00+00:00,2019-08-31 00:00:00+00:00,2019,0.0,0.0,0.0,746.75,23.0,14.0,0.6086956521739131
player::decoy,team::grv,Decoy,GRV,GRV,GRV,wildcard,OPL,1301.3,42,17.0,2019-01-18 00:00:00+00:00,2019-08-17 00:00:00+00:00,2019,0.0,0.0,0.0,1301.3,42.0,17.0,0.40476190476190477
player::haeri,team::grv,Haeri,GRV,GRV,GRV,wildcard,OPL,1301.3,42,17.0,2019-01-18 00:00:00+00:00,2019-08-17 00:00:00+00:00,2019,0.0,0.0,0.0,1301.3,42.0,17.0,0.40476190476190477
player::pabu,team::grv,Pabu,GRV,GRV,GRV,wildcard,OPL,1301.3,42,17.0,2019-01-18 00:00:00+00:00,2019-08-17 00:00:00+00:00,2019,0.0,0.0,0.0,1301.3,42.0,17.0,0.40476190476190477
player::praelus,team::grv,Praelus,GRV,GRV,GRV,wildcard,OPL,1301.3,42,17.0,2019-01-18 00:00:00+00:00,2019-08-17 00:00:00+00:00,2019,0.0,0.0,0.0,1301.3,42.0,17.0,0.40476190476190477
player::raid,team::grv,Raid,GRV,GRV,GRV,wildcard,OPL,1301.3,42,17.0,2019-01-18 00:00:00+00:00,2019-08-17 00:00:00+00:00,2019,0.0,0.0,0.0,1301.3,42.0,17.0,0.40476190476190477
player::febiven,team::h2k,Febiven,H2K,H2K,H2K,major,LEC,3014.616666666667,88,58.0,2014-11-28 00:00:00+00:00,2017-09-10 00:00:00+00:00,2015|2017,0.0,0.0,0.0,3014.616666666667,88.0,58.0,0.6590909090909091
player::hjarnan,team::h2k,Hjarnan,H2K,H2K,H2K,major,LEC,2267.4666666666667,63,43.0,2014-11-28 00:00:00+00:00,2015-08-22 00:00:00+00:00,2015,190.25,6.0,2.0,2457.7166666666667,69.0,45.0,0.6825396825396826
player::loulex,team::h2k,loulex,H2K,H2K,H2K,major,LEC,2237.15,62,42.0,2014-11-28 00:00:00+00:00,2015-08-22 00:00:00+00:00,2015,190.25,6.0,2.0,2427.4,68.0,44.0,0.6774193548387096
player::odoamne,team::h2k,Odoamne,H2K,H2K,H2K,major,LEC,7822.3,221,141.0,2014-11-28 00:00:00+00:00,2017-09-10 00:00:00+00:00,2015|2016|2017,660.65,19.0,10.0,8482.95,240.0,151.0,0.6380090497737556
player::voidle,team::h2k,Voidle,H2K,H2K,H2K,major,LEC,473.51666666666665,13,9.0,2014-11-28 00:00:00+00:00,2015-02-06 00:00:00+00:00,2015,0.0,0.0,0.0,473.51666666666665,13.0,9.0,0.6923076923076923
player::ryu,team::h2k,Ryu,H2K,H2K,H2K,major,LEC,4579.983333333334,127,78.0,2015-01-22 00:00:00+00:00,2016-08-27 00:00:00+00:00,2015|2016,660.65,19.0,10.0,5240.633333333333,146.0,88.0,0.6141732283464567
player::kasing,team::h2k,kaSing,H2K,H2K,H2K,major,LEC,1793.95,50,34.0,2015-02-12 00:00:00+00:00,2015-08-22 00:00:00+00:00,2015,190.25,6.0,2.0,1984.2,56.0,36.0,0.68
player::betongjocke,team::h2k,BetongJocke,H2K,H2K,H2K,major,LEC,30.316666666666663,1,1.0,2015-08-08 00:00:00+00:00,2015-08-08 00:00:00+00:00,2015,0.0,0.0,0.0,30.316666666666663,1.0,1.0,1.0
player::forg1vengre,team::h2k,FORG1VENGRE,H2K,H2K,H2K,major,LEC,1667.45,45,31.0,2016-01-14 00:00:00+00:00,2016-08-27 00:00:00+00:00,2016,470.4,13.0,8.0,2137.8500000000004,58.0,39.0,0.6888888888888889
player::jankos,team::h2k,Jankos,H2K,H2K,H2K,major,LEC,5554.833333333333,158,98.0,2016-01-14 00:00:00+00:00,2017-09-10 00:00:00+00:00,2016|2017,470.4,13.0,8.0,6025.233333333333,171.0,106.0,0.620253164556962
player::vander,team::h2k,Vander,H2K,H2K,H2K,major,LEC,2781.65,77,47.0,2016-01-14 00:00:00+00:00,2016-08-27 00:00:00+00:00,2016,470.4,13.0,8.0,3252.05,90.0,55.0,0.6103896103896104
player::selfie,team::h2k,Selfie,H2K,H2K,H2K,major,LEC,1302.7833333333333,37,15.0,2016-01-28 00:00:00+00:00,2018-08-18 00:00:00+00:00,2016|2018,0.0,0.0,0.0,1302.7833333333333,37.0,15.0,0.40540540540540543
player::freeze,team::h2k,Freeze,H2K,H2K,H2K,major,LEC,1114.2,32,16.0,2016-06-02 00:00:00+00:00,2016-07-22 00:00:00+00:00,2016,0.0,0.0,0.0,1114.2,32.0,16.0,0.5
player::chei,team::h2k,Chei,H2K,H2K,H2K,major,LEC,2773.1833333333334,81,51.0,2017-01-19 00:00:00+00:00,2017-09-10 00:00:00+00:00,2017,0.0,0.0,0.0,2773.1833333333334,81.0,51.0,0.6296296296296297
player::nuclear,team::h2k,Nuclear,H2K,H2K,H2K,major,LEC,2773.1833333333334,81,51.0,2017-01-19 00:00:00+00:00,2017-09-10 00:00:00+00:00,2017,0.0,0.0,0.0,2773.1833333333334,81.0,51.0,0.6296296296296297
player::caedrel,team::h2k,Caedrel,H2K,H2K,H2K,major,LEC,521.4166666666666,16,3.0,2018-01-19 00:00:00+00:00,2018-08-18 00:00:00+00:00,2018,0.0,0.0,0.0,521.4166666666666,16.0,3.0,0.1875
player::promisq,team::h2k,promisq,H2K,H2K,H2K,major,LEC,1410.85,41,12.0,2018-01-19 00:00:00+00:00,2018-08-18 00:00:00+00:00,2018,0.0,0.0,0.0,1410.85,41.0,12.0,0.2926829268292683
player::santorin,team::h2k,Santorin,H2K,H2K,H2K,major,LEC,206.31666666666663,6,1.0,2018-01-19 00:00:00+00:00,2018-02-03 00:00:00+00:00,2018,0.0,0.0,0.0,206.31666666666663,6.0,1.0,0.16666666666666666
player::sheriff,team::h2k,Sheriff,H2K,H2K,H2K,major,LEC,1376.1333333333332,40,12.0,2018-01-19 00:00:00+00:00,2018-08-18 00:00:00+00:00,2018,0.0,0.0,0.0,1376.1333333333332,40.0,12.0,0.3
player::smittyj,team::h2k,Smittyj,H2K,H2K,H2K,major,LEC,1410.85,41,12.0,2018-01-19 00:00:00+00:00,2018-08-18 00:00:00+00:00,2018,0.0,0.0,0.0,1410.85,41.0,12.0,0.2926829268292683
player::shook,team::h2k,Shook,H2K,H2K,H2K,major,LEC,978.4333333333332,28,9.0,2018-02-16 00:00:00+00:00,2018-08-10 00:00:00+00:00,2018,0.0,0.0,0.0,978.4333333333332,28.0,9.0,0.32142857142857145
player::larssen,team::h2k,Larssen,H2K,H2K,H2K,major,LEC,75.16666666666666,2,1.0,2018-08-03 00:00:00+00:00,2018-08-04 00:00:00+00:00,2018,0.0,0.0,0.0,75.16666666666666,2.0,1.0,0.5
player::dinter,team::hka,Dinter,Hong Kong Attitude,Hong Kong Esports,Hong Kong Esports | Hong Kong Attitude,major,LMS,4568.45,121,68.0,2015-01-09 00:00:00+00:00,2016-08-17 00:00:00+00:00,2015|2016,0.0,0.0,0.0,4568.45,121.0,68.0,0.5619834710743802
player::godjj,team::hka,GodJJ,Hong Kong Attitude,Hong Kong Esports,Hong Kong Esports | Hong Kong Attitude,major,LMS,1403.2499999999998,37,22.0,2015-01-09 00:00:00+00:00,2015-08-14 00:00:00+00:00,2015,0.0,0.0,0.0,1403.2499999999998,37.0,22.0,0.5945945945945946
player::olleh,team::hka,Olleh,Hong Kong Attitude,Hong Kong Esports,Hong Kong Esports | Hong Kong Attitude,major,LMS,5107.316666666667,136,75.0,2015-01-09 00:00:00+00:00,2016-09-02 00:00:00+00:00,2015|2016,0.0,0.0,0.0,5107.316666666667,136.0,75.0,0.5514705882352942
player::stanley,team::hka,Stanley,Hong Kong Attitude,Hong Kong Esports,Hong Kong Esports | Hong Kong Attitude,major,LMS,1992.15,52,33.0,2015-01-09 00:00:00+00:00,2015-07-09 00:00:00+00:00,2015,0.0,0.0,0.0,1992.15,52.0,33.0,0.6346153846153846
player::toyz,team::hka,Toyz,Hong Kong Attitude,Hong Kong Esports,Hong Kong Esports | Hong Kong Attitude,major,LMS,2809.1833333333334,73,44.0,2015-01-09 00:00:00+00:00,2015-08-16 00:00:00+00:00,2015,0.0,0.0,0.0,2809.1833333333334,73.0,44.0,0.6027397260273972
player::smurph,team::hka,Smurph,Hong Kong Attitude,Hong Kong Esports,Hong Kong Esports | Hong Kong Attitude,major,LMS,99.31666666666666,3,2.0,2015-02-11 00:00:00+00:00,2015-02-13 00:00:00+00:00,2015,0.0,0.0,0.0,99.31666666666666,3.0,2.0,0.6666666666666666
player::raison,team::hka,Raison,Hong Kong Attitude,Hong Kong Esports,Hong Kong Esports | Hong Kong Attitude,major,LMS,2293.8166666666666,60,32.0,2015-05-20 00:00:00+00:00,2016-09-02 00:00:00+00:00,2015|2016,0.0,0.0,0.0,2293.8166666666666,60.0,32.0,0.5333333333333333
player::godkwai,team::hka,GodKwai,Hong Kong Attitude,Hong Kong Esports,Hong Kong Esports | Hong Kong Attitude,major,LMS,2520.4833333333327,70,34.0,2015-07-24 00:00:00+00:00,2017-04-09 00:00:00+00:00,2015|2016|2017,0.0,0.0,0.0,2520.4833333333327,70.0,34.0,0.4857142857142857
player::may-kang-han-wool,team::hka,May (Kang Han-wool),Hong Kong Attitude,Hong Kong Esports,Hong Kong Esports | Hong Kong Attitude,major,LMS,817.0333333333333,21,11.0,2015-07-24 00:00:00+00:00,2015-08-16 00:00:00+00:00,2015,0.0,0.0,0.0,817.0333333333333,21.0,11.0,0.5238095238095238
player::chillyz,team::hka,Chillyz,Hong Kong Attitude,Hong Kong Esports,Hong Kong Esports | Hong Kong Attitude,major,LMS,118.68333333333334,4,4.0,2016-01-14 00:00:00+00:00,2016-01-15 00:00:00+00:00,2016,0.0,0.0,0.0,118.68333333333334,4.0,4.0,1.0
player::maplesnow,team::hka,MapleSnow,Hong Kong Attitude,Hong Kong Esports,Hong Kong Esports | Hong Kong Attitude,major,LMS,3376.1833333333334,93,44.0,2016-01-14 00:00:00+00:00,2017-04-09 00:00:00+00:00,2016|2017,0.0,0.0,0.0,3376.1833333333334,93.0,44.0,0.4731182795698925
player::rokenia,team::hka,Rokenia,Hong Kong Attitude,Hong Kong Esports,Hong Kong Esports | Hong Kong Attitude,major,LMS,830.9,23,10.0,2016-01-21 00:00:00+00:00,2016-03-28 00:00:00+00:00,2016,0.0,0.0,0.0,830.9,23.0,10.0,0.43478260869565216
player::mars,team::hka,MarS,Hong Kong Attitude,Hong Kong Esports,Hong Kong Esports | Hong Kong Attitude,major,LMS,192.0833333333333,6,4.0,2016-03-17 00:00:00+00:00,2016-08-07 00:00:00+00:00,2016,0.0,0.0,0.0,192.0833333333333,6.0,4.0,0.6666666666666666
player::gear,team::hka,Gear,Hong Kong Attitude,Hong Kong Esports,Hong Kong Esports | Hong Kong Attitude,major,LMS,2137.9,57,26.0,2016-06-10 00:00:00+00:00,2017-04-09 00:00:00+00:00,2016|2017,0.0,0.0,0.0,2137.9,57.0,26.0,0.45614035087719296
player::wind-lai-chap-yin,team::hka,Wind (Lai Chap Yin),Hong Kong Attitude,Hong Kong Esports,Hong Kong Esports | Hong Kong Attitude,major,LMS,439.55,12,5.0,2016-07-09 00:00:00+00:00,2016-09-02 00:00:00+00:00,2016,0.0,0.0,0.0,439.55,12.0,5.0,0.4166666666666667
player::xiaoliang,team::hka,XiaoLiang,Hong Kong Attitude,Hong Kong Esports,Hong Kong Esports | Hong Kong Attitude,major,LMS,32.18333333333333,1,0.0,2016-08-07 00:00:00+00:00,2016-08-07 00:00:00+00:00,2016,0.0,0.0,0.0,32.18333333333333,1.0,0.0,0.0
player::gemini,team::hka,Gemini,Hong Kong Attitude,Hong Kong Esports,Hong Kong Esports | Hong Kong Attitude,major,LMS,566.6333333333333,16,4.0,2017-01-21 00:00:00+00:00,2017-04-09 00:00:00+00:00,2017,0.0,0.0,0.0,566.6333333333333,16.0,4.0,0.25
player::kuku,team::hka,KuKu,Hong Kong Attitude,Hong Kong Esports,Hong Kong Esports | Hong Kong Attitude,major,LMS,128.79999999999998,4,0.0,2017-01-21 00:00:00+00:00,2017-04-09 00:00:00+00:00,2017,0.0,0.0,0.0,128.79999999999998,4.0,0.0,0.0
player::nestea,team::hka,Nestea,Hong Kong Attitude,Hong Kong Esports,Hong Kong Esports | Hong Kong Attitude,major,LMS,715.7833333333333,19,9.0,2017-01-21 00:00:00+00:00,2017-03-11 00:00:00+00:00,2017,0.0,0.0,0.0,715.7833333333333,19.0,9.0,0.47368421052631576
player::wulala,team::hka,Wulala,Hong Kong Attitude,Hong Kong Esports,Hong Kong Esports | Hong Kong Attitude,major,LMS,543.6,15,9.0,2017-01-21 00:00:00+00:00,2017-04-09 00:00:00+00:00,2017,0.0,0.0,0.0,543.6,15.0,9.0,0.6
player::veki,team::hka,Veki,Hong Kong Attitude,Hong Kong Esports,Hong Kong Esports | Hong Kong Attitude,major,LMS,394.45,12,4.0,2017-03-17 00:00:00+00:00,2017-04-09 00:00:00+00:00,2017,0.0,0.0,0.0,394.45,12.0,4.0,0.3333333333333333
player::gemini,team::hka,Gemini,Hong Kong Attitude,Hong Kong Attitude,Hong Kong Esports | Hong Kong Attitude,major,LMS,3797.0,109,49.0,2017-06-04 00:00:00+00:00,2019-03-16 00:00:00+00:00,2017|2018|2019,35.5,1.0,0.0,3832.5,110.0,49.0,0.44954128440366975
player::godkwai,team::hka,GodKwai,Hong Kong Attitude,Hong Kong Attitude,Hong Kong Esports | Hong Kong Attitude,major,LMS,961.8833333333332,25,13.0,2017-06-04 00:00:00+00:00,2017-08-28 00:00:00+00:00,2017,258.2,7.0,3.0,1220.0833333333333,32.0,16.0,0.52
player::kaiwing,team::hka,Kaiwing,Hong Kong Attitude,Hong Kong Attitude,Hong Kong Esports | Hong Kong Attitude,major,LMS,6614.266666666666,191,98.0,2017-06-04 00:00:00+00:00,2019-09-08 00:00:00+00:00,2017|2018|2019,769.0166666666667,22.0,9.0,7383.283333333333,213.0,107.0,0.5130890052356021
player::m1ssion,team::hka,M1ssion,Hong Kong Attitude,Hong Kong Attitude,Hong Kong Esports | Hong Kong Attitude,major,LMS,3934.8,114,66.0,2017-06-04 00:00:00+00:00,2019-09-08 00:00:00+00:00,2017|2019,769.0166666666667,22.0,9.0,4703.816666666667,136.0,75.0,0.5789473684210527
player::maplesnow,team::hka,MapleSnow,Hong Kong Attitude,Hong Kong Attitude,Hong Kong Esports | Hong Kong Attitude,major,LMS,226.7,7,1.0,2017-06-04 00:00:00+00:00,2017-06-10 00:00:00+00:00,2017,0.0,0.0,0.0,226.7,7.0,1.0,0.14285714285714285
player::dan-kim-seung-hoo,team::hka,DANDAN (Kim Seung-hoo),Hong Kong Attitude,Hong Kong Attitude,Hong Kong Esports | Hong Kong Attitude,major,LMS,30.616666666666667,1,0.0,2017-06-10 00:00:00+00:00,2017-06-10 00:00:00+00:00,2017,0.0,0.0,0.0,30.616666666666667,1.0,0.0,0.0
player::once,team::hka,Once,Hong Kong Attitude,Hong Kong Attitude,Hong Kong Esports | Hong Kong Attitude,major,LMS,59.03333333333333,2,0.0,2017-06-10 00:00:00+00:00,2017-06-10 00:00:00+00:00,2017,0.0,0.0,0.0,59.03333333333333,2.0,0.0,0.0
player::riris,team::hka,Riris,Hong Kong Attitude,Hong Kong Attitude,Hong Kong Esports | Hong Kong Attitude,major,LMS,2566.083333333333,70,33.0,2017-06-16 00:00:00+00:00,2018-03-29 00:00:00+00:00,2017|2018,293.7,8.0,3.0,2859.7833333333333,78.0,36.0,0.4714285714285714
player::unified,team::hka,Unified,Hong Kong Attitude,Hong Kong Attitude,Hong Kong Esports | Hong Kong Attitude,major,LMS,5505.283333333333,158,84.0,2017-07-13 00:00:00+00:00,2019-09-08 00:00:00+00:00,2017|2018|2019,734.7666666666667,21.0,8.0,6240.049999999999,179.0,92.0,0.5316455696202531
player::chawy,team::hka,Chawy,Hong Kong Attitude,Hong Kong Attitude,Hong Kong Esports | Hong Kong Attitude,major,LMS,1049.1333333333332,29,10.0,2018-01-21 00:00:00+00:00,2018-03-29 00:00:00+00:00,2018,0.0,0.0,0.0,1049.1333333333332,29.0,10.0,0.3448275862068966
player::destiny-lee-jae-hoon,team::hka,Destiny (Lee Jae-hoon),Hong Kong Attitude,Hong Kong Attitude,Hong Kong Esports | Hong Kong Attitude,major,LMS,182.61666666666667,5,1.0,2018-01-24 00:00:00+00:00,2018-01-26 00:00:00+00:00,2018,0.0,0.0,0.0,182.61666666666667,5.0,1.0,0.2
player::gear,team::hka,Gear,Hong Kong Attitude,Hong Kong Attitude,Hong Kong Esports | Hong Kong Attitude,major,LMS,211.36666666666667,6,1.0,2018-01-25 00:00:00+00:00,2018-02-08 00:00:00+00:00,2018,0.0,0.0,0.0,211.36666666666667,6.0,1.0,0.16666666666666666
player::nova-kim-dong-hyeon,team::hka,Nova (Kim Dong-hyeon),Hong Kong Attitude,Hong Kong Attitude,Hong Kong Esports | Hong Kong Attitude,major,LMS,496.8666666666667,14,5.0,2018-03-08 00:00:00+00:00,2018-03-29 00:00:00+00:00,2018,0.0,0.0,0.0,496.8666666666667,14.0,5.0,0.35714285714285715
player::cyeol,team::hka,cyeol,Hong Kong Attitude,Hong Kong Attitude,Hong Kong Esports | Hong Kong Attitude,major,LMS,1452.6,42,21.0,2018-06-24 00:00:00+00:00,2018-09-20 00:00:00+00:00,2018,0.0,0.0,0.0,1452.6,42.0,21.0,0.5
player::erssu,team::hka,erssu,Hong Kong Attitude,Hong Kong Attitude,Hong Kong Esports | Hong Kong Attitude,major,LMS,1452.6,42,21.0,2018-06-24 00:00:00+00:00,2018-09-20 00:00:00+00:00,2018,0.0,0.0,0.0,1452.6,42.0,21.0,0.5
player::3z,team::hka,3z,Hong Kong Attitude,Hong Kong Attitude,Hong Kong Esports | Hong Kong Attitude,major,LMS,2551.5,77,44.0,2019-01-18 00:00:00+00:00,2019-09-08 00:00:00+00:00,2019,475.31666666666666,14.0,6.0,3026.8166666666666,91.0,50.0,0.5714285714285714
player::error,team::hka,Error,Hong Kong Attitude,Hong Kong Attitude,Hong Kong Esports | Hong Kong Attitude,major,LMS,148.98333333333332,5,1.0,2019-01-18 00:00:00+00:00,2019-03-14 00:00:00+00:00,2019,0.0,0.0,0.0,148.98333333333332,5.0,1.0,0.2
player::crash,team::hka,Crash,Hong Kong Attitude,Hong Kong Attitude,Hong Kong Esports | Hong Kong Attitude,major,LMS,2032.2166666666667,61,37.0,2019-01-24 00:00:00+00:00,2019-09-08 00:00:00+00:00,2019,475.31666666666666,14.0,6.0,2507.5333333333333,75.0,43.0,0.6065573770491803
player::mnm-wong-ka-chun,team::hka,MnM (Wong Ka Chun),Hong Kong Attitude,Hong Kong Attitude,Hong Kong Esports | Hong Kong Attitude,major,LMS,710.8666666666667,22,10.0,2019-01-24 00:00:00+00:00,2019-08-25 00:00:00+00:00,2019,34.25,1.0,1.0,745.1166666666667,23.0,11.0,0.45454545454545453
player::gorilla,team::hle,GorillA,Hanwha Life Esports,ROX Tigers,ROX Tigers | Hanwha Life Esports,major,LCK,6396.466666666667,174,124.0,2015-01-09 00:00:00+00:00,2016-08-20 00:00:00+00:00,2015|2016,1212.6999999999998,33.0,21.0,7609.166666666667,207.0,145.0,0.7126436781609196
player::kuro,team::hle,Kuro,Hanwha Life Esports,ROX Tigers,ROX Tigers | Hanwha Life Esports,major,LCK,5957.65,162,117.0,2015-01-09 00:00:00+00:00,2016-08-20 00:00:00+00:00,2015|2016,1212.6999999999998,33.0,21.0,7170.35,195.0,138.0,0.7222222222222222
player::lee,team::hle,Lee,Hanwha Life Esports,ROX Tigers,ROX Tigers | Hanwha Life Esports,major,LCK,1246.25,31,23.0,2015-01-09 00:00:00+00:00,2015-05-02 00:00:00+00:00,2015,0.0,0.0,0.0,1246.25,31.0,23.0,0.7419354838709677
player::pray,team::hle,PraY,Hanwha Life Esports,ROX Tigers,ROX Tigers | Hanwha Life Esports,major,LCK,6396.466666666667,174,124.0,2015-01-09 00:00:00+00:00,2016-08-20 00:00:00+00:00,2015|2016,1212.6999999999998,33.0,21.0,7609.166666666667,207.0,145.0,0.7126436781609196
player::smeb,team::hle,Smeb,Hanwha Life Esports,ROX Tigers,ROX Tigers | Hanwha Life Esports,major,LCK,6396.466666666667,174,124.0,2015-01-09 00:00:00+00:00,2016-08-20 00:00:00+00:00,2015|2016,1212.6999999999998,33.0,21.0,7609.166666666667,207.0,145.0,0.7126436781609196
player::hojin,team::hle,Hojin,Hanwha Life Esports,ROX Tigers,ROX Tigers | Hanwha Life Esports,major,LCK,1029.8833333333332,28,20.0,2015-05-23 00:00:00+00:00,2015-08-21 00:00:00+00:00,2015,605.0666666666666,17.0,11.0,1634.95,45.0,31.0,0.7142857142857143
player::wisdom,team::hle,Wisdom,Hanwha Life Esports,ROX Tigers,ROX Tigers | Hanwha Life Esports,major,LCK,994.7,25,13.0,2015-05-23 00:00:00+00:00,2015-08-07 00:00:00+00:00,2015,0.0,0.0,0.0,994.7,25.0,13.0,0.52
player::peanut,team::hle,Peanut,Hanwha Life Esports,ROX Tigers,ROX Tigers | Hanwha Life Esports,major,LCK,3125.633333333333,90,68.0,2016-01-15 00:00:00+00:00,2016-08-20 00:00:00+00:00,2016,607.6333333333333,16.0,10.0,3733.2666666666655,106.0,78.0,0.7555555555555555
player::cry,team::hle,Cry,Hanwha Life Esports,ROX Tigers,ROX Tigers | Hanwha Life Esports,major,LCK,438.8166666666666,12,7.0,2016-05-26 00:00:00+00:00,2016-07-09 00:00:00+00:00,2016,0.0,0.0,0.0,438.8166666666666,12.0,7.0,0.5833333333333334
player::key,team::hle,Key,Hanwha Life Esports,ROX Tigers,ROX Tigers | Hanwha Life Esports,major,LCK,4979.266666666666,136,60.0,2017-01-17 00:00:00+00:00,2018-03-24 00:00:00+00:00,2017|2018,0.0,0.0,0.0,4979.266666666666,136.0,60.0,0.4411764705882353
player::lindarang,team::hle,Lindarang,Hanwha Life Esports,ROX Tigers,ROX Tigers | Hanwha Life Esports,major,LCK,3625.366666666667,97,41.0,2017-01-17 00:00:00+00:00,2018-03-24 00:00:00+00:00,2017|2018,0.0,0.0,0.0,3625.366666666667,97.0,41.0,0.422680412371134
player::mickey-son-young-min,team::hle,Mickey (Son Young-min),Hanwha Life Esports,ROX Tigers,ROX Tigers | Hanwha Life Esports,major,LCK,2492.7833333333333,69,30.0,2017-01-17 00:00:00+00:00,2017-06-27 00:00:00+00:00,2017,0.0,0.0,0.0,2492.7833333333333,69.0,30.0,0.43478260869565216
player::sangyoon,team::hle,Sangyoon,Hanwha Life Esports,ROX Tigers,ROX Tigers | Hanwha Life Esports,major,LCK,4979.266666666666,136,60.0,2017-01-17 00:00:00+00:00,2018-03-24 00:00:00+00:00,2017|2018,0.0,0.0,0.0,4979.266666666666,136.0,60.0,0.4411764705882353
player::seonghwan,team::hle,SeongHwan,Hanwha Life Esports,ROX Tigers,ROX Tigers | Hanwha Life Esports,major,LCK,3616.7,98,45.0,2017-01-17 00:00:00+00:00,2018-03-24 00:00:00+00:00,2017|2018,0.0,0.0,0.0,3616.7,98.0,45.0,0.45918367346938777
player::shy,team::hle,Shy,Hanwha Life Esports,ROX Tigers,ROX Tigers | Hanwha Life Esports,major,LCK,1353.9,39,19.0,2017-01-19 00:00:00+00:00,2017-08-03 00:00:00+00:00,2017,0.0,0.0,0.0,1353.9,39.0,19.0,0.48717948717948717
player::mightybear,team::hle,Mightybear,Hanwha Life Esports,ROX Tigers,ROX Tigers | Hanwha Life Esports,major,LCK,1362.5666666666666,38,15.0,2017-03-08 00:00:00+00:00,2018-02-24 00:00:00+00:00,2017|2018,0.0,0.0,0.0,1362.5666666666666,38.0,15.0,0.39473684210526316
player::lava,team::hle,Lava,Hanwha Life Esports,ROX Tigers,ROX Tigers | Hanwha Life Esports,major,LCK,2383.7166666666667,64,30.0,2017-06-29 00:00:00+00:00,2018-03-24 00:00:00+00:00,2017|2018,0.0,0.0,0.0,2383.7166666666667,64.0,30.0,0.46875
player::crow-kim-seon-gyu,team::hle,Crow (Kim Seon-gyu),Hanwha Life Esports,ROX Tigers,ROX Tigers | Hanwha Life Esports,major,LCK,30.133333333333333,1,0.0,2017-08-03 00:00:00+00:00,2017-08-03 00:00:00+00:00,2017,0.0,0.0,0.0,30.133333333333333,1.0,0.0,0.0
player::kuzan,team::hle,Kuzan,Hanwha Life Esports,ROX Tigers,ROX Tigers | Hanwha Life Esports,major,LCK,72.63333333333333,2,0.0,2018-01-17 00:00:00+00:00,2018-02-24 00:00:00+00:00,2018,0.0,0.0,0.0,72.63333333333333,2.0,0.0,0.0
player::key,team::hle,Key,Hanwha Life Esports,Hanwha Life Esports,ROX Tigers | Hanwha Life Esports,major,LCK,4265.066666666667,128,60.0,2018-06-12 00:00:00+00:00,2019-08-18 00:00:00+00:00,2018|2019,0.0,0.0,0.0,4265.066666666667,128.0,60.0,0.46875
player::lava,team::hle,Lava,Hanwha Life Esports,Hanwha Life Esports,ROX Tigers | Hanwha Life Esports,major,LCK,2962.4166666666665,89,40.0,2018-06-12 00:00:00+00:00,2019-07-18 00:00:00+00:00,2018|2019,0.0,0.0,0.0,2962.4166666666665,89.0,40.0,0.449438202247191
player::lindarang,team::hle,Lindarang,Hanwha Life Esports,Hanwha Life Esports,ROX Tigers | Hanwha Life Esports,major,LCK,1522.5,45,25.0,2018-06-12 00:00:00+00:00,2018-08-07 00:00:00+00:00,2018,0.0,0.0,0.0,1522.5,45.0,25.0,0.5555555555555556
player::sangyoon,team::hle,Sangyoon,Hanwha Life Esports,Hanwha Life Esports,ROX Tigers | Hanwha Life Esports,major,LCK,4265.066666666667,128,60.0,2018-06-12 00:00:00+00:00,2019-08-18 00:00:00+00:00,2018|2019,0.0,0.0,0.0,4265.066666666667,128.0,60.0,0.46875
player::seonghwan,team::hle,SeongHwan,Hanwha Life Esports,Hanwha Life Esports,ROX Tigers | Hanwha Life Esports,major,LCK,1522.5,45,25.0,2018-06-12 00:00:00+00:00,2018-08-07 00:00:00+00:00,2018,0.0,0.0,0.0,1522.5,45.0,25.0,0.5555555555555556
player::asper,team::hle,Asper,Hanwha Life Esports,Hanwha Life Esports,ROX Tigers | Hanwha Life Esports,major,LCK,38.36666666666667,1,0.0,2018-07-21 00:00:00+00:00,2018-07-21 00:00:00+00:00,2018,0.0,0.0,0.0,38.36666666666667,1.0,0.0,0.0
player::brook-lee-jang-hoon,team::hle,Brook (Lee Jang-hoon),Hanwha Life Esports,Hanwha Life Esports,ROX Tigers | Hanwha Life Esports,major,LCK,38.36666666666667,1,0.0,2018-07-21 00:00:00+00:00,2018-07-21 00:00:00+00:00,2018,0.0,0.0,0.0,38.36666666666667,1.0,0.0,0.0
player::clever,team::hle,Clever,Hanwha Life Esports,Hanwha Life Esports,ROX Tigers | Hanwha Life Esports,major,LCK,38.36666666666667,1,0.0,2018-07-21 00:00:00+00:00,2018-07-21 00:00:00+00:00,2018,0.0,0.0,0.0,38.36666666666667,1.0,0.0,0.0
player::kuzan,team::hle,Kuzan,Hanwha Life Esports,Hanwha Life Esports,ROX Tigers | Hanwha Life Esports,major,LCK,38.36666666666667,1,0.0,2018-07-21 00:00:00+00:00,2018-07-21 00:00:00+00:00,2018,0.0,0.0,0.0,38.36666666666667,1.0,0.0,0.0
player::mightybear,team::hle,Mightybear,Hanwha Life Esports,Hanwha Life Esports,ROX Tigers | Hanwha Life Esports,major,LCK,38.36666666666667,1,0.0,2018-07-21 00:00:00+00:00,2018-07-21 00:00:00+00:00,2018,0.0,0.0,0.0,38.36666666666667,1.0,0.0,0.0
player::bono-kim-gi-beom,team::hle,bonO (Kim Gi-beom),Hanwha Life Esports,Hanwha Life Esports,ROX Tigers | Hanwha Life Esports,major,LCK,2496.9,75,33.0,2019-01-17 00:00:00+00:00,2019-08-18 00:00:00+00:00,2019,0.0,0.0,0.0,2496.9,75.0,33.0,0.44
player::thal,team::hle,Thal,Hanwha Life Esports,Hanwha Life Esports,ROX Tigers | Hanwha Life Esports,major,LCK,1628.0166666666669,49,21.0,2019-01-17 00:00:00+00:00,2019-07-14 00:00:00+00:00,2019,0.0,0.0,0.0,1628.0166666666669,49.0,21.0,0.42857142857142855
player::moojin,team::hle,Moojin,Hanwha Life Esports,Hanwha Life Esports,ROX Tigers | Hanwha Life Esports,major,LCK,245.66666666666663,8,2.0,2019-01-26 00:00:00+00:00,2019-06-14 00:00:00+00:00,2019,0.0,0.0,0.0,245.66666666666663,8.0,2.0,0.25
player::sohwan,team::hle,SoHwan,Hanwha Life Esports,Hanwha Life Esports,ROX Tigers | Hanwha Life Esports,major,LCK,1114.55,34,14.0,2019-01-26 00:00:00+00:00,2019-08-18 00:00:00+00:00,2019,0.0,0.0,0.0,1114.55,34.0,14.0,0.4117647058823529
player::tempt,team::hle,Tempt,Hanwha Life Esports,Hanwha Life Esports,ROX Tigers | Hanwha Life Esports,major,LCK,1302.65,39,20.0,2019-01-26 00:00:00+00:00,2019-08-18 00:00:00+00:00,2019,0.0,0.0,0.0,1302.65,39.0,20.0,0.5128205128205128
player::bomb,team::hln,Bomb,HLN,HLN,HLN,wildcard,OPL,1396.2833333333333,43,7.0,2016-01-20 00:00:00+00:00,2016-07-25 00:00:00+00:00,2016,0.0,0.0,0.0,1396.2833333333333,43.0,7.0,0.16279069767441862
player::cookie-choi-byeong-kook,team::hln,Cookie (Choi Byeong-kook),HLN,HLN,HLN,wildcard,OPL,675.2333333333333,20,6.0,2016-01-20 00:00:00+00:00,2016-03-22 00:00:00+00:00,2016,0.0,0.0,0.0,675.2333333333333,20.0,6.0,0.3
player::denian,team::hln,Denian,HLN,HLN,HLN,wildcard,OPL,728.75,22,6.0,2016-01-20 00:00:00+00:00,2016-03-22 00:00:00+00:00,2016,0.0,0.0,0.0,728.75,22.0,6.0,0.2727272727272727
player::frae,team::hln,Frae,HLN,HLN,HLN,wildcard,OPL,1396.2833333333333,43,7.0,2016-01-20 00:00:00+00:00,2016-07-25 00:00:00+00:00,2016,0.0,0.0,0.0,1396.2833333333333,43.0,7.0,0.16279069767441862
player::ryoo,team::hln,Ryoo,HLN,HLN,HLN,wildcard,OPL,1396.2833333333333,43,7.0,2016-01-20 00:00:00+00:00,2016-07-25 00:00:00+00:00,2016,0.0,0.0,0.0,1396.2833333333333,43.0,7.0,0.16279069767441862
player::soulstrikes,team::hln,SoulStrikes,HLN,HLN,HLN,wildcard,OPL,53.516666666666666,2,0.0,2016-03-16 00:00:00+00:00,2016-03-16 00:00:00+00:00,2016,0.0,0.0,0.0,53.516666666666666,2.0,0.0,0.0
player::impaired,team::hln,Impaired,HLN,HLN,HLN,wildcard,OPL,667.5333333333333,21,1.0,2016-05-23 00:00:00+00:00,2016-07-25 00:00:00+00:00,2016,0.0,0.0,0.0,667.5333333333333,21.0,1.0,0.047619047619047616
player::luna-josh-allen,team::hln,Luna (Josh Allen),HLN,HLN,HLN,wildcard,OPL,667.5333333333333,21,1.0,2016-05-23 00:00:00+00:00,2016-07-25 00:00:00+00:00,2016,0.0,0.0,0.0,667.5333333333333,21.0,1.0,0.047619047619047616
player::amazingj,team::imay,AmazingJ,IMAY,IMAY,IMAY,major,LPL,5279.349999999999,143,70.0,2016-05-27 00:00:00+00:00,2017-08-19 00:00:00+00:00,2016|2017,176.36666666666667,4.0,1.0,5455.716666666666,147.0,71.0,0.48951048951048953
player::athena,team::imay,Athena,IMAY,IMAY,IMAY,major,LPL,4502.133333333333,121,58.0,2016-05-27 00:00:00+00:00,2017-08-19 00:00:00+00:00,2016|2017,176.36666666666667,4.0,1.0,4678.5,125.0,59.0,0.4793388429752066
player::avoidless,team::imay,Avoidless,IMAY,IMAY,IMAY,major,LPL,1754.8833333333332,48,30.0,2016-05-27 00:00:00+00:00,2016-08-28 00:00:00+00:00,2016,176.36666666666667,4.0,1.0,1931.25,52.0,31.0,0.625
player::baeme,team::imay,BaeMe,IMAY,IMAY,IMAY,major,LPL,777.2166666666667,22,12.0,2016-05-27 00:00:00+00:00,2016-08-15 00:00:00+00:00,2016,41.18333333333333,1.0,1.0,818.4,23.0,13.0,0.5454545454545454
player::jinjiao,team::imay,Jinjiao,IMAY,IMAY,IMAY,major,LPL,5279.349999999999,143,70.0,2016-05-27 00:00:00+00:00,2017-08-19 00:00:00+00:00,2016|2017,176.36666666666667,4.0,1.0,5455.716666666666,147.0,71.0,0.48951048951048953
player::mitty,team::imay,Mitty,IMAY,IMAY,IMAY,major,LPL,348.8333333333333,9,4.0,2016-05-27 00:00:00+00:00,2016-07-29 00:00:00+00:00,2016,0.0,0.0,0.0,348.8333333333333,9.0,4.0,0.4444444444444444
player::road-yun-han-gil,team::imay,Road (Yun Han-gil),IMAY,IMAY,IMAY,major,LPL,4413.2,119,62.0,2016-05-27 00:00:00+00:00,2017-08-19 00:00:00+00:00,2016|2017,135.18333333333334,3.0,0.0,4548.383333333333,122.0,62.0,0.5210084033613446
player::ben4,team::imay,Ben4,IMAY,IMAY,IMAY,major,LPL,1474.7333333333331,39,18.0,2017-01-19 00:00:00+00:00,2017-06-17 00:00:00+00:00,2017,0.0,0.0,0.0,1474.7333333333331,39.0,18.0,0.46153846153846156
player::flawless,team::imay,Flawless,IMAY,IMAY,IMAY,major,LPL,866.15,24,8.0,2017-03-12 00:00:00+00:00,2017-08-13 00:00:00+00:00,2017,0.0,0.0,0.0,866.15,24.0,8.0,0.3333333333333333
player::starlight,team::imay,Starlight,IMAY,IMAY,IMAY,major,LPL,866.15,24,8.0,2017-03-12 00:00:00+00:00,2017-08-13 00:00:00+00:00,2017,0.0,0.0,0.0,866.15,24.0,8.0,0.3333333333333333
player::sks,team::imay,Sks,IMAY,IMAY,IMAY,major,LPL,834.75,23,10.0,2017-07-13 00:00:00+00:00,2017-08-19 00:00:00+00:00,2017,0.0,0.0,0.0,834.75,23.0,10.0,0.43478260869565216
player::adrian-adrian-ma,team::immortals,Adrian (Adrian Ma),Immortals,Immortals,Immortals,major,LCS,2728.85,81,59.0,2016-01-16 00:00:00+00:00,2016-09-05 00:00:00+00:00,2016,0.0,0.0,0.0,2728.85,81.0,59.0,0.7283950617283951
player::huni,team::immortals,Huni,Immortals,Immortals,Immortals,major,LCS,2728.85,81,59.0,2016-01-16 00:00:00+00:00,2016-09-05 00:00:00+00:00,2016,0.0,0.0,0.0,2728.85,81.0,59.0,0.7283950617283951
player::pobelter,team::immortals,Pobelter,Immortals,Immortals,Immortals,major,LCS,6209.05,177,114.0,2016-01-16 00:00:00+00:00,2017-09-03 00:00:00+00:00,2016|2017,269.16666666666663,7.0,2.0,6478.216666666667,184.0,116.0,0.6440677966101694
player::reignover,team::immortals,Reignover,Immortals,Immortals,Immortals,major,LCS,2728.85,81,59.0,2016-01-16 00:00:00+00:00,2016-09-05 00:00:00+00:00,2016,0.0,0.0,0.0,2728.85,81.0,59.0,0.7283950617283951
player::wildturtle,team::immortals,WildTurtle,Immortals,Immortals,Immortals,major,LCS,2728.85,81,59.0,2016-01-16 00:00:00+00:00,2016-09-05 00:00:00+00:00,2016,0.0,0.0,0.0,2728.85,81.0,59.0,0.7283950617283951
player::cody-sun,team::immortals,Cody Sun,Immortals,Immortals,Immortals,major,LCS,3480.2,96,55.0,2017-01-21 00:00:00+00:00,2017-09-03 00:00:00+00:00,2017,269.16666666666663,7.0,2.0,3749.3666666666654,103.0,57.0,0.5729166666666666
player::dardoch,team::immortals,Dardoch,Immortals,Immortals,Immortals,major,LCS,1674.2166666666667,44,21.0,2017-01-21 00:00:00+00:00,2017-03-26 00:00:00+00:00,2017,0.0,0.0,0.0,1674.2166666666667,44.0,21.0,0.4772727272727273
player::flame,team::immortals,Flame,Immortals,Immortals,Immortals,major,LCS,3480.2,96,55.0,2017-01-21 00:00:00+00:00,2017-09-03 00:00:00+00:00,2017,269.1666666666667,7.0,2.0,3749.3666666666654,103.0,57.0,0.5729166666666666
player::olleh,team::immortals,Olleh,Immortals,Immortals,Immortals,major,LCS,3480.2,96,55.0,2017-01-21 00:00:00+00:00,2017-09-03 00:00:00+00:00,2017,269.16666666666663,7.0,2.0,3749.3666666666654,103.0,57.0,0.5729166666666666
player::xmithie,team::immortals,Xmithie,Immortals,Immortals,Immortals,major,LCS,1805.9833333333331,52,34.0,2017-06-02 00:00:00+00:00,2017-09-03 00:00:00+00:00,2017,269.1666666666667,7.0,2.0,2075.15,59.0,36.0,0.6538461538461539
player::frozen-kim-tae-il,team::incrediblemiracle,Frozen (Kim Tae-il),Incredible Miracle,Incredible Miracle,Incredible Miracle,major,LCK,2824.833333333333,72,19.0,2015-01-09 00:00:00+00:00,2015-08-08 00:00:00+00:00,2015,0.0,0.0,0.0,2824.833333333333,72.0,19.0,0.2638888888888889
player::lil4c,team::incrediblemiracle,Lil4c,Incredible Miracle,Incredible Miracle,Incredible Miracle,major,LCK,1159.0333333333333,30,7.0,2015-01-09 00:00:00+00:00,2015-04-10 00:00:00+00:00,2015,0.0,0.0,0.0,1159.0333333333333,30.0,7.0,0.23333333333333334
player::sonstar,team::incrediblemiracle,S0NSTAR,Incredible Miracle,Incredible Miracle,Incredible Miracle,major,LCK,1540.5166666666669,39,9.0,2015-01-09 00:00:00+00:00,2015-07-22 00:00:00+00:00,2015,0.0,0.0,0.0,1540.5166666666669,39.0,9.0,0.23076923076923078
player::tusin,team::incrediblemiracle,TusiN,Incredible Miracle,Incredible Miracle,Incredible Miracle,major,LCK,2574.95,65,17.0,2015-01-09 00:00:00+00:00,2015-08-08 00:00:00+00:00,2015,0.0,0.0,0.0,2574.95,65.0,17.0,0.26153846153846155
player::wisdom,team::incrediblemiracle,Wisdom,Incredible Miracle,Incredible Miracle,Incredible Miracle,major,LCK,597.0,15,6.0,2015-01-09 00:00:00+00:00,2015-02-11 00:00:00+00:00,2015,0.0,0.0,0.0,597.0,15.0,6.0,0.4
player::ares-kim-min-kwon,team::incrediblemiracle,Ares (Kim Min-kwon),Incredible Miracle,Incredible Miracle,Incredible Miracle,major,LCK,562.0333333333333,15,1.0,2015-02-27 00:00:00+00:00,2015-04-10 00:00:00+00:00,2015,0.0,0.0,0.0,562.0333333333333,15.0,1.0,0.06666666666666667
player::apple,team::incrediblemiracle,Apple,Incredible Miracle,Incredible Miracle,Incredible Miracle,major,LCK,1018.8,25,6.0,2015-05-22 00:00:00+00:00,2015-08-05 00:00:00+00:00,2015,0.0,0.0,0.0,1018.8,25.0,6.0,0.24
player::ignar,team::incrediblemiracle,IgNar,Incredible Miracle,Incredible Miracle,Incredible Miracle,major,LCK,1665.8,42,12.0,2015-05-22 00:00:00+00:00,2015-08-08 00:00:00+00:00,2015,0.0,0.0,0.0,1665.8,42.0,12.0,0.2857142857142857
player::roar-oh-jang-won,team::incrediblemiracle,Roar (Oh Jang-won),Incredible Miracle,Incredible Miracle,Incredible Miracle,major,LCK,1248.4833333333331,32,9.0,2015-05-22 00:00:00+00:00,2015-08-08 00:00:00+00:00,2015,0.0,0.0,0.0,1248.4833333333331,32.0,9.0,0.28125
player::lilac-jeon-ho-jin,team::incrediblemiracle,Lilac (Jeon Ho-jin),Incredible Miracle,Incredible Miracle,Incredible Miracle,major,LCK,230.8,6,2.0,2015-06-24 00:00:00+00:00,2015-07-29 00:00:00+00:00,2015,0.0,0.0,0.0,230.8,6.0,2.0,0.3333333333333333
player::expession,team::incrediblemiracle,Expession,Incredible Miracle,Incredible Miracle,Incredible Miracle,major,LCK,481.3833333333333,13,4.0,2015-07-03 00:00:00+00:00,2015-08-08 00:00:00+00:00,2015,0.0,0.0,0.0,481.3833333333333,13.0,4.0,0.3076923076923077
player::paragon,team::incrediblemiracle,Paragon,Incredible Miracle,Incredible Miracle,Incredible Miracle,major,LCK,35.833333333333336,1,1.0,2015-07-03 00:00:00+00:00,2015-07-03 00:00:00+00:00,2015,0.0,0.0,0.0,35.833333333333336,1.0,1.0,1.0
player::spooky-moon-ji-won,team::incrediblemiracle,Spooky (Moon Ji-won),Incredible Miracle,Incredible Miracle,Incredible Miracle,major,LCK,184.7,5,2.0,2015-07-22 00:00:00+00:00,2015-07-31 00:00:00+00:00,2015,0.0,0.0,0.0,184.7,5.0,2.0,0.4
player::jakattack,team::inf,Jakattack,INF,INF,INF,wildcard,OPL,705.3333333333333,21,4.0,2016-01-18 00:00:00+00:00,2016-03-21 00:00:00+00:00,2016,0.0,0.0,0.0,705.3333333333333,21.0,4.0,0.19047619047619047
player::midbeast,team::inf,Midbeast,INF,INF,INF,wildcard,OPL,705.3333333333333,21,4.0,2016-01-18 00:00:00+00:00,2016-03-21 00:00:00+00:00,2016,0.0,0.0,0.0,705.3333333333333,21.0,4.0,0.19047619047619047
player::seb-sebastian-de-ceglie,team::inf,Seb (Sebastian de Ceglie),INF,INF,INF,wildcard,OPL,705.3333333333333,21,4.0,2016-01-18 00:00:00+00:00,2016-03-21 00:00:00+00:00,2016,0.0,0.0,0.0,705.3333333333333,21.0,4.0,0.19047619047619047
player::stealthix,team::inf,Stealthix,INF,INF,INF,wildcard,OPL,705.3333333333333,21,4.0,2016-01-18 00:00:00+00:00,2016-03-21 00:00:00+00:00,2016,0.0,0.0,0.0,705.3333333333333,21.0,4.0,0.19047619047619047
player::wiffle,team::inf,Wiffle,INF,INF,INF,wildcard,OPL,164.16666666666666,4,0.0,2016-01-18 00:00:00+00:00,2016-01-27 00:00:00+00:00,2016,0.0,0.0,0.0,164.16666666666666,4.0,0.0,0.0
player::yuzuki,team::inf,Yuzuki,INF,INF,INF,wildcard,OPL,490.0,15,4.0,2016-02-01 00:00:00+00:00,2016-03-21 00:00:00+00:00,2016,0.0,0.0,0.0,490.0,15.0,4.0,0.26666666666666666
player::mallek,team::inf,Mallek,INF,INF,INF,wildcard,OPL,51.16666666666667,2,0.0,2016-02-23 00:00:00+00:00,2016-02-23 00:00:00+00:00,2016,0.0,0.0,0.0,51.16666666666667,2.0,0.0,0.0
player::gumbo,team::infinitychallenge,Gumbo,INFINITY CHALLENGE,INFINITY CHALLENGE,INFINITY CHALLENGE,wildcard,LCL,155.1,6,2.0,2019-06-29 00:00:00+00:00,2019-07-31 00:00:00+00:00,2019,0.0,0.0,0.0,155.1,6.0,2.0,0.3333333333333333
player::sidnik,team::infinitychallenge,sidnik,INFINITY CHALLENGE,INFINITY CHALLENGE,INFINITY CHALLENGE,wildcard,LCL,155.1,6,2.0,2019-06-29 00:00:00+00:00,2019-07-31 00:00:00+00:00,2019,0.0,0.0,0.0,155.1,6.0,2.0,0.3333333333333333
player::starofchaos,team::infinitychallenge,StarOfChaos,INFINITY CHALLENGE,INFINITY CHALLENGE,INFINITY CHALLENGE,wildcard,LCL,155.1,6,2.0,2019-06-29 00:00:00+00:00,2019-07-31 00:00:00+00:00,2019,0.0,0.0,0.0,155.1,6.0,2.0,0.3333333333333333
player::stormchaser,team::infinitychallenge,StormChaser,INFINITY CHALLENGE,INFINITY CHALLENGE,INFINITY CHALLENGE,wildcard,LCL,24.08333333333333,1,0.0,2019-06-29 00:00:00+00:00,2019-06-29 00:00:00+00:00,2019,0.0,0.0,0.0,24.08333333333333,1.0,0.0,0.0
player::unho1y,team::infinitychallenge,unho1y,INFINITY CHALLENGE,INFINITY CHALLENGE,INFINITY CHALLENGE,wildcard,LCL,155.1,6,2.0,2019-06-29 00:00:00+00:00,2019-07-31 00:00:00+00:00,2019,0.0,0.0,0.0,155.1,6.0,2.0,0.3333333333333333
player::drobovik123,team::infinitychallenge,Drobovik123,INFINITY CHALLENGE,INFINITY CHALLENGE,INFINITY CHALLENGE,wildcard,LCL,131.01666666666665,5,2.0,2019-07-06 00:00:00+00:00,2019-07-31 00:00:00+00:00,2019,0.0,0.0,0.0,131.01666666666665,5.0,2.0,0.4
player::jockster,team::intzesports,Jockster,INTZ e-Sports,INTZ e-Sports,INTZ e-Sports,wildcard,CBLOL,4651.8,122,90.0,2015-01-18 00:00:00+00:00,2017-08-19 00:00:00+00:00,2015|2016|2017,200.5333333333333,6.0,1.0,4852.333333333334,128.0,91.0,0.7377049180327869
player::micao,team::intzesports,micaO,INTZ e-Sports,INTZ e-Sports,INTZ e-Sports,wildcard,CBLOL,5648.85,153,110.0,2015-01-18 00:00:00+00:00,2019-09-07 00:00:00+00:00,2015|2016|2017|2019,200.53333333333333,6.0,1.0,5849.383333333333,159.0,111.0,0.7189542483660131
player::revolta,team::intzesports,Revolta,INTZ e-Sports,INTZ e-Sports,INTZ e-Sports,wildcard,CBLOL,2778.2666666666664,73,58.0,2015-01-18 00:00:00+00:00,2016-07-09 00:00:00+00:00,2015|2016,200.53333333333333,6.0,1.0,2978.8,79.0,59.0,0.7945205479452054
player::tockers,team::intzesports,tockers,INTZ e-Sports,INTZ e-Sports,INTZ e-Sports,wildcard,CBLOL,3625.3166666666666,94,73.0,2015-01-18 00:00:00+00:00,2016-07-09 00:00:00+00:00,2015|2016,200.5333333333333,6.0,1.0,3825.85,100.0,74.0,0.776595744680851
player::yang-felipe-zhao,team::intzesports,Yang (Felipe Zhao),INTZ e-Sports,INTZ e-Sports,INTZ e-Sports,wildcard,CBLOL,3625.3166666666666,94,73.0,2015-01-18 00:00:00+00:00,2016-07-09 00:00:00+00:00,2015|2016,200.53333333333333,6.0,1.0,3825.85,100.0,74.0,0.776595744680851
player::alocs,team::intzesports,Alocs,INTZ e-Sports,INTZ e-Sports,INTZ e-Sports,wildcard,CBLOL,847.05,21,15.0,2015-05-23 00:00:00+00:00,2015-08-08 00:00:00+00:00,2015,0.0,0.0,0.0,847.05,21.0,15.0,0.7142857142857143
player::loop-caio-almeida,team::intzesports,Loop (Caio Almeida),INTZ e-Sports,INTZ e-Sports,INTZ e-Sports,wildcard,CBLOL,273.5833333333333,8,7.0,2015-11-12 00:00:00+00:00,2015-11-15 00:00:00+00:00,2015,0.0,0.0,0.0,273.5833333333333,8.0,7.0,0.875
player::ayel,team::intzesports,Ayel,INTZ e-Sports,INTZ e-Sports,INTZ e-Sports,wildcard,CBLOL,1940.45,53,30.0,2017-01-21 00:00:00+00:00,2018-03-11 00:00:00+00:00,2017|2018,0.0,0.0,0.0,1940.45,53.0,30.0,0.5660377358490566
player::envy-bruno-farias,team::intzesports,Envy (Bruno Farias),INTZ e-Sports,INTZ e-Sports,INTZ e-Sports,wildcard,CBLOL,4557.066666666667,131,72.0,2017-01-21 00:00:00+00:00,2019-09-07 00:00:00+00:00,2017|2018|2019,190.38333333333333,6.0,1.0,4747.45,137.0,73.0,0.549618320610687
player::turtle-gabriel-peixoto,team::intzesports,Turtle (Gabriel Peixoto),INTZ e-Sports,INTZ e-Sports,INTZ e-Sports,wildcard,CBLOL,926.8333333333331,26,17.0,2017-01-21 00:00:00+00:00,2017-08-19 00:00:00+00:00,2017,0.0,0.0,0.0,926.8333333333331,26.0,17.0,0.6538461538461539
player::shini,team::intzesports,Shini,INTZ e-Sports,INTZ e-Sports,INTZ e-Sports,wildcard,CBLOL,3651.333333333333,105,56.0,2017-06-04 00:00:00+00:00,2019-09-07 00:00:00+00:00,2017|2018|2019,190.38333333333333,6.0,1.0,3841.716666666666,111.0,57.0,0.5333333333333333
player::absolut,team::intzesports,Absolut,INTZ e-Sports,INTZ e-Sports,INTZ e-Sports,wildcard,CBLOL,1061.5666666666666,30,10.0,2018-01-20 00:00:00+00:00,2018-08-05 00:00:00+00:00,2018,0.0,0.0,0.0,1061.5666666666666,30.0,10.0,0.3333333333333333
player::ziriguidun,team::intzesports,Ziriguidun,INTZ e-Sports,INTZ e-Sports,INTZ e-Sports,wildcard,CBLOL,640.3833333333333,17,6.0,2018-01-20 00:00:00+00:00,2018-03-11 00:00:00+00:00,2018,0.0,0.0,0.0,640.3833333333333,17.0,6.0,0.35294117647058826
player::redbert,team::intzesports,RedBert,INTZ e-Sports,INTZ e-Sports,INTZ e-Sports,wildcard,CBLOL,2559.7833333333333,76,42.0,2018-06-09 00:00:00+00:00,2019-09-07 00:00:00+00:00,2018|2019,190.38333333333333,6.0,1.0,2750.166666666667,82.0,43.0,0.5526315789473685
player::tay,team::intzesports,Tay,INTZ e-Sports,INTZ e-Sports,INTZ e-Sports,wildcard,CBLOL,2487.05,74,41.0,2018-06-09 00:00:00+00:00,2019-09-07 00:00:00+00:00,2018|2019,190.38333333333333,6.0,1.0,2677.4333333333334,80.0,42.0,0.5540540540540541
player::mills,team::intzesports,Mills,INTZ e-Sports,INTZ e-Sports,INTZ e-Sports,wildcard,CBLOL,1363.8166666666666,38,24.0,2018-07-22 00:00:00+00:00,2019-07-28 00:00:00+00:00,2018|2019,190.38333333333333,6.0,1.0,1554.1999999999998,44.0,25.0,0.631578947368421
player::maynah,team::intzesports,Maynah,INTZ e-Sports,INTZ e-Sports,INTZ e-Sports,wildcard,CBLOL,71.43333333333334,2,1.0,2018-08-05 00:00:00+00:00,2018-08-05 00:00:00+00:00,2018,0.0,0.0,0.0,71.43333333333334,2.0,1.0,0.5
player::whitelotus,team::intzesports,Whitelotus,INTZ e-Sports,INTZ e-Sports,INTZ e-Sports,wildcard,CBLOL,217.56666666666663,7,2.0,2019-01-12 00:00:00+00:00,2019-03-24 00:00:00+00:00,2019,0.0,0.0,0.0,217.56666666666663,7.0,2.0,0.2857142857142857
player::lynx-pedro-quintavalle,team::intzesports,Lynx (Pedro Quintavalle),INTZ e-Sports,INTZ e-Sports,INTZ e-Sports,wildcard,CBLOL,104.91666666666666,3,1.0,2019-03-08 00:00:00+00:00,2019-03-24 00:00:00+00:00,2019,0.0,0.0,0.0,104.91666666666666,3.0,1.0,0.3333333333333333
player::hauz,team::intzesports,Hauz,INTZ e-Sports,INTZ e-Sports,INTZ e-Sports,wildcard,CBLOL,78.35,2,1.0,2019-03-16 00:00:00+00:00,2019-03-24 00:00:00+00:00,2019,0.0,0.0,0.0,78.35,2.0,1.0,0.5
player::bocajr,team::intzesports,BocaJR,INTZ e-Sports,INTZ e-Sports,INTZ e-Sports,wildcard,CBLOL,63.75,2,0.0,2019-03-17 00:00:00+00:00,2019-03-24 00:00:00+00:00,2019,0.0,0.0,0.0,63.75,2.0,0.0,0.0
player::sephis,team::intzesports,Sephis,INTZ e-Sports,INTZ e-Sports,INTZ e-Sports,wildcard,CBLOL,26.183333333333334,1,0.0,2019-03-24 00:00:00+00:00,2019-03-24 00:00:00+00:00,2019,0.0,0.0,0.0,26.183333333333334,1.0,0.0,0.0
player::aoshi,team::intzesports,Aoshi,INTZ e-Sports,INTZ e-Sports,INTZ e-Sports,wildcard,CBLOL,103.0,3,1.0,2019-06-29 00:00:00+00:00,2019-07-14 00:00:00+00:00,2019,0.0,0.0,0.0,103.0,3.0,1.0,0.3333333333333333
player::kakao,team::invictusgaming,KaKAO,Invictus Gaming,Invictus Gaming,Invictus Gaming,major,LPL,4508.966666666667,122,68.0,2015-01-16 00:00:00+00:00,2015-09-05 00:00:00+00:00,2015,216.81666666666663,6.0,2.0,4725.783333333333,128.0,70.0,0.5573770491803278
player::kid,team::invictusgaming,Kid,Invictus Gaming,Invictus Gaming,Invictus Gaming,major,LPL,7164.200000000001,198,100.0,2015-01-16 00:00:00+00:00,2016-08-10 00:00:00+00:00,2015|2016,170.05,5.0,1.0,7334.25,203.0,101.0,0.5050505050505051
player::kitties,team::invictusgaming,Kitties,Invictus Gaming,Invictus Gaming,Invictus Gaming,major,LPL,5917.916666666666,162,88.0,2015-01-16 00:00:00+00:00,2016-06-18 00:00:00+00:00,2015|2016,216.81666666666663,6.0,2.0,6134.733333333334,168.0,90.0,0.5432098765432098
player::pokemon,team::invictusgaming,Pokemon,Invictus Gaming,Invictus Gaming,Invictus Gaming,major,LPL,803.9000000000001,21,13.0,2015-01-16 00:00:00+00:00,2015-02-28 00:00:00+00:00,2015,0.0,0.0,0.0,803.9000000000001,21.0,13.0,0.6190476190476191
player::rookie,team::invictusgaming,RooKie,Invictus Gaming,Invictus Gaming,Invictus Gaming,major,LPL,17047.266666666666,503,296.0,2015-01-16 00:00:00+00:00,2019-09-08 00:00:00+00:00,2015|2016|2017|2018|2019,1670.45,52.0,34.0,18717.716666666667,555.0,330.0,0.588469184890656
player::s4ve,team::invictusgaming,S4ve,Invictus Gaming,Invictus Gaming,Invictus Gaming,major,LPL,397.93333333333334,11,3.0,2015-01-25 00:00:00+00:00,2016-08-05 00:00:00+00:00,2015|2016,0.0,0.0,0.0,397.93333333333334,11.0,3.0,0.2727272727272727
player::zz1tai,team::invictusgaming,Zz1tai,Invictus Gaming,Invictus Gaming,Invictus Gaming,major,LPL,6459.15,180,90.0,2015-01-25 00:00:00+00:00,2016-08-10 00:00:00+00:00,2015|2016,216.81666666666663,6.0,2.0,6675.966666666666,186.0,92.0,0.5
player::time-tang-jing-tai,team::invictusgaming,Time (Tang Jing-Tai),Invictus Gaming,Invictus Gaming,Invictus Gaming,major,LPL,758.35,22,12.0,2015-08-01 00:00:00+00:00,2016-04-03 00:00:00+00:00,2015|2016,46.766666666666666,1.0,1.0,805.1166666666667,23.0,13.0,0.5454545454545454
player::rain-an-hyeon-guk,team::invictusgaming,Rain (An Hyeon-guk),Invictus Gaming,Invictus Gaming,Invictus Gaming,major,LPL,1720.65,48,20.0,2016-02-20 00:00:00+00:00,2016-06-24 00:00:00+00:00,2016,0.0,0.0,0.0,1720.65,48.0,20.0,0.4166666666666667
player::tabe,team::invictusgaming,Tabe,Invictus Gaming,Invictus Gaming,Invictus Gaming,major,LPL,882.2166666666667,25,9.0,2016-04-13 00:00:00+00:00,2016-07-08 00:00:00+00:00,2016,0.0,0.0,0.0,882.2166666666667,25.0,9.0,0.36
player::ben,team::invictusgaming,Ben,Invictus Gaming,Invictus Gaming,Invictus Gaming,major,LPL,141.21666666666667,4,0.0,2016-07-14 00:00:00+00:00,2016-07-16 00:00:00+00:00,2016,0.0,0.0,0.0,141.21666666666667,4.0,0.0,0.0
player::marge,team::invictusgaming,Marge,Invictus Gaming,Invictus Gaming,Invictus Gaming,major,LPL,2061.2666666666664,56,26.0,2016-07-14 00:00:00+00:00,2017-04-13 00:00:00+00:00,2016|2017,0.0,0.0,0.0,2061.2666666666664,56.0,26.0,0.4642857142857143
player::baolan,team::invictusgaming,Baolan,Invictus Gaming,Invictus Gaming,Invictus Gaming,major,LPL,6534.15,212,144.0,2016-07-24 00:00:00+00:00,2019-09-08 00:00:00+00:00,2016|2018|2019,1453.6333333333332,46.0,32.0,7987.783333333333,258.0,176.0,0.6792452830188679
player::duke-lee-ho-seong,team::invictusgaming,Duke (Lee Ho-seong),Invictus Gaming,Invictus Gaming,Invictus Gaming,major,LPL,4567.633333333333,135,73.0,2017-01-19 00:00:00+00:00,2019-08-23 00:00:00+00:00,2017|2018|2019,153.08333333333331,5.0,3.0,4720.716666666666,140.0,76.0,0.5407407407407407
player::kidkid,team::invictusgaming,KidKid,Invictus Gaming,Invictus Gaming,Invictus Gaming,major,LPL,1802.2,47,26.0,2017-01-19 00:00:00+00:00,2018-03-09 00:00:00+00:00,2017|2018,0.0,0.0,0.0,1802.2,47.0,26.0,0.5531914893617021
player::megan,team::invictusgaming,Megan,Invictus Gaming,Invictus Gaming,Invictus Gaming,major,LPL,3703.633333333333,105,58.0,2017-01-19 00:00:00+00:00,2017-09-03 00:00:00+00:00,2017,0.0,0.0,0.0,3703.633333333333,105.0,58.0,0.5523809523809524
player::rio,team::invictusgaming,Rio,Invictus Gaming,Invictus Gaming,Invictus Gaming,major,LPL,251.01666666666665,7,2.0,2017-04-13 00:00:00+00:00,2017-04-18 00:00:00+00:00,2017,0.0,0.0,0.0,251.01666666666665,7.0,2.0,0.2857142857142857
player::ning,team::invictusgaming,Ning,Invictus Gaming,Invictus Gaming,Invictus Gaming,major,LPL,7659.883333333333,246,164.0,2017-06-09 00:00:00+00:00,2019-08-23 00:00:00+00:00,2017|2018|2019,1351.95,43.0,30.0,9011.833333333334,289.0,194.0,0.6666666666666666
player::west,team::invictusgaming,West,Invictus Gaming,Invictus Gaming,Invictus Gaming,major,LPL,2270.4,68,39.0,2017-06-09 00:00:00+00:00,2019-02-16 00:00:00+00:00,2017|2018|2019,0.0,0.0,0.0,2270.4,68.0,39.0,0.5735294117647058
player::theshy,team::invictusgaming,TheShy,Invictus Gaming,Invictus Gaming,Invictus Gaming,major,LPL,5455.366666666667,176,126.0,2017-06-17 00:00:00+00:00,2019-09-08 00:00:00+00:00,2017|2018|2019,1300.55,41.0,29.0,6755.916666666667,217.0,155.0,0.7159090909090909
player::jackeylove,team::invictusgaming,JackeyLove,Invictus Gaming,Invictus Gaming,Invictus Gaming,major,LPL,6156.099999999999,201,139.0,2018-01-15 00:00:00+00:00,2019-09-08 00:00:00+00:00,2018|2019,1453.6333333333332,46.0,32.0,7609.733333333333,247.0,171.0,0.6915422885572139
player::wxz,team::invictusgaming,WXZ,Invictus Gaming,Invictus Gaming,Invictus Gaming,major,LPL,41.11666666666667,1,1.0,2018-08-19 00:00:00+00:00,2018-08-19 00:00:00+00:00,2018,0.0,0.0,0.0,41.11666666666667,1.0,1.0,1.0
player::lucas-li-tan-pan-ao,team::invictusgaming,Lucas (Li Tan-Pan-Ao),Invictus Gaming,Invictus Gaming,Invictus Gaming,major,LPL,251.5,8,3.0,2019-06-03 00:00:00+00:00,2019-06-10 00:00:00+00:00,2019,0.0,0.0,0.0,251.5,8.0,3.0,0.375
player::forge,team::invictusgaming,Forge,Invictus Gaming,Invictus Gaming,Invictus Gaming,major,LPL,308.96666666666664,11,6.0,2019-06-15 00:00:00+00:00,2019-06-29 00:00:00+00:00,2019,0.0,0.0,0.0,308.96666666666664,11.0,6.0,0.5454545454545454
player::leyan,team::invictusgaming,Leyan,Invictus Gaming,Invictus Gaming,Invictus Gaming,major,LPL,493.75,16,9.0,2019-08-10 00:00:00+00:00,2019-09-08 00:00:00+00:00,2019,101.68333333333334,3.0,2.0,595.4333333333334,19.0,11.0,0.5625
player::fabfabulous,team::istanbulwildcats,fabFabulous,İstanbul Wildcats,HWA Gaming,HWA Gaming | İstanbul Wildcats,wildcard,TCL,1375.3333333333333,40,25.0,2015-01-24 00:00:00+00:00,2015-08-02 00:00:00+00:00,2015,0.0,0.0,0.0,1375.3333333333333,40.0,25.0,0.625
player::lelouch-sukru-senturk,team::istanbulwildcats,Lelouch (Şükrü Şentürk),İstanbul Wildcats,HWA Gaming,HWA Gaming | İstanbul Wildcats,wildcard,TCL,771.65,23,15.0,2015-01-24 00:00:00+00:00,2015-03-29 00:00:00+00:00,2015,0.0,0.0,0.0,771.65,23.0,15.0,0.6521739130434783
player::stomaged,team::istanbulwildcats,Stomaged,İstanbul Wildcats,HWA Gaming,HWA Gaming | İstanbul Wildcats,wildcard,TCL,1440.2833333333333,42,27.0,2015-01-24 00:00:00+00:00,2015-08-02 00:00:00+00:00,2015,0.0,0.0,0.0,1440.2833333333333,42.0,27.0,0.6428571428571429
player::wtcn,team::istanbulwildcats,wtcN,İstanbul Wildcats,HWA Gaming,HWA Gaming | İstanbul Wildcats,wildcard,TCL,771.65,23,15.0,2015-01-24 00:00:00+00:00,2015-03-29 00:00:00+00:00,2015,0.0,0.0,0.0,771.65,23.0,15.0,0.6521739130434783
player::zeitnot,team::istanbulwildcats,Zeitnot,İstanbul Wildcats,HWA Gaming,HWA Gaming | İstanbul Wildcats,wildcard,TCL,708.9,21,13.0,2015-01-24 00:00:00+00:00,2015-03-29 00:00:00+00:00,2015,0.0,0.0,0.0,708.9,21.0,13.0,0.6190476190476191
player::revanche,team::istanbulwildcats,Revanche,İstanbul Wildcats,HWA Gaming,HWA Gaming | İstanbul Wildcats,wildcard,TCL,3593.333333333333,105,52.0,2015-02-14 00:00:00+00:00,2018-08-25 00:00:00+00:00,2015|2016|2017|2018,0.0,0.0,0.0,3593.333333333333,105.0,52.0,0.49523809523809526
player::padden,team::istanbulwildcats,Padden,İstanbul Wildcats,HWA Gaming,HWA Gaming | İstanbul Wildcats,wildcard,TCL,24.416666666666668,1,1.0,2015-02-21 00:00:00+00:00,2015-02-21 00:00:00+00:00,2015,0.0,0.0,0.0,24.416666666666668,1.0,1.0,1.0
player::moracras,team::istanbulwildcats,Moracras,İstanbul Wildcats,HWA Gaming,HWA Gaming | İstanbul Wildcats,wildcard,TCL,40.53333333333333,1,1.0,2015-02-28 00:00:00+00:00,2015-02-28 00:00:00+00:00,2015,0.0,0.0,0.0,40.53333333333333,1.0,1.0,1.0
player::niq760,team::istanbulwildcats,niQ760,İstanbul Wildcats,HWA Gaming,HWA Gaming | İstanbul Wildcats,wildcard,TCL,668.6333333333333,19,12.0,2015-05-16 00:00:00+00:00,2015-08-02 00:00:00+00:00,2015,0.0,0.0,0.0,668.6333333333333,19.0,12.0,0.631578947368421
player::superaze,team::istanbulwildcats,SuperAZE,İstanbul Wildcats,HWA Gaming,HWA Gaming | İstanbul Wildcats,wildcard,TCL,668.6333333333333,19,12.0,2015-05-16 00:00:00+00:00,2015-08-02 00:00:00+00:00,2015,0.0,0.0,0.0,668.6333333333333,19.0,12.0,0.631578947368421
player::holyphoenix,team::istanbulwildcats,HolyPhoenix,İstanbul Wildcats,HWA Gaming,HWA Gaming | İstanbul Wildcats,wildcard,TCL,1906.6,53,30.0,2015-05-30 00:00:00+00:00,2016-08-06 00:00:00+00:00,2015|2016,0.0,0.0,0.0,1906.6,53.0,30.0,0.5660377358490566
player::hatrixx,team::istanbulwildcats,Hatrixx,İstanbul Wildcats,HWA Gaming,HWA Gaming | İstanbul Wildcats,wildcard,TCL,1662.2333333333331,48,26.0,2016-01-16 00:00:00+00:00,2016-07-13 00:00:00+00:00,2016,0.0,0.0,0.0,1662.2333333333331,48.0,26.0,0.5416666666666666
player::marshall,team::istanbulwildcats,Marshall,İstanbul Wildcats,HWA Gaming,HWA Gaming | İstanbul Wildcats,wildcard,TCL,2179.366666666667,62,34.0,2016-01-16 00:00:00+00:00,2016-08-06 00:00:00+00:00,2016,0.0,0.0,0.0,2179.366666666667,62.0,34.0,0.5483870967741935
player::trixucator,team::istanbulwildcats,Trixucator,İstanbul Wildcats,HWA Gaming,HWA Gaming | İstanbul Wildcats,wildcard,TCL,807.8,24,13.0,2016-01-16 00:00:00+00:00,2016-03-24 00:00:00+00:00,2016,0.0,0.0,0.0,807.8,24.0,13.0,0.5416666666666666
player::visdom,team::istanbulwildcats,Visdom,İstanbul Wildcats,HWA Gaming,HWA Gaming | İstanbul Wildcats,wildcard,TCL,2179.366666666667,62,34.0,2016-01-16 00:00:00+00:00,2016-08-06 00:00:00+00:00,2016,0.0,0.0,0.0,2179.366666666667,62.0,34.0,0.5483870967741935
player::trix,team::istanbulwildcats,Trix,İstanbul Wildcats,HWA Gaming,HWA Gaming | İstanbul Wildcats,wildcard,TCL,4799.099999999999,137,67.0,2016-06-11 00:00:00+00:00,2018-08-25 00:00:00+00:00,2016|2017|2018,0.0,0.0,0.0,4799.099999999999,137.0,67.0,0.48905109489051096
player::godbro,team::istanbulwildcats,Godbro,İstanbul Wildcats,HWA Gaming,HWA Gaming | İstanbul Wildcats,wildcard,TCL,517.1333333333333,14,8.0,2016-07-17 00:00:00+00:00,2016-08-06 00:00:00+00:00,2016,0.0,0.0,0.0,517.1333333333333,14.0,8.0,0.5714285714285714
player::cognac,team::istanbulwildcats,Cognac,İstanbul Wildcats,HWA Gaming,HWA Gaming | İstanbul Wildcats,wildcard,TCL,701.7333333333333,20,10.0,2017-01-22 00:00:00+00:00,2017-03-12 00:00:00+00:00,2017,0.0,0.0,0.0,701.7333333333333,20.0,10.0,0.5
player::emtest,team::istanbulwildcats,Emtest,İstanbul Wildcats,HWA Gaming,HWA Gaming | İstanbul Wildcats,wildcard,TCL,1348.8166666666666,38,18.0,2017-01-22 00:00:00+00:00,2017-04-03 00:00:00+00:00,2017,0.0,0.0,0.0,1348.8166666666666,38.0,18.0,0.47368421052631576
player::panky-ugur-tas,team::istanbulwildcats,Panky (Uğur Taş),İstanbul Wildcats,HWA Gaming,HWA Gaming | İstanbul Wildcats,wildcard,TCL,1348.8166666666666,38,18.0,2017-01-22 00:00:00+00:00,2017-04-03 00:00:00+00:00,2017,0.0,0.0,0.0,1348.8166666666666,38.0,18.0,0.47368421052631576
player::xico,team::istanbulwildcats,Xico,İstanbul Wildcats,HWA Gaming,HWA Gaming | İstanbul Wildcats,wildcard,TCL,1520.0333333333333,44,21.0,2017-01-22 00:00:00+00:00,2018-03-26 00:00:00+00:00,2017|2018,0.0,0.0,0.0,1520.0333333333333,44.0,21.0,0.4772727272727273
player::achuu,team::istanbulwildcats,Achuu,İstanbul Wildcats,HWA Gaming,HWA Gaming | İstanbul Wildcats,wildcard,TCL,905.75,28,11.0,2018-01-20 00:00:00+00:00,2018-03-26 00:00:00+00:00,2018,0.0,0.0,0.0,905.75,28.0,11.0,0.39285714285714285
player::armut,team::istanbulwildcats,Armut,İstanbul Wildcats,HWA Gaming,HWA Gaming | İstanbul Wildcats,wildcard,TCL,2078.7166666666662,61,28.0,2018-01-20 00:00:00+00:00,2018-08-25 00:00:00+00:00,2018,0.0,0.0,0.0,2078.7166666666662,61.0,28.0,0.45901639344262296
player::ninja,team::istanbulwildcats,Ninja,İstanbul Wildcats,HWA Gaming,HWA Gaming | İstanbul Wildcats,wildcard,TCL,295.4,9,3.0,2018-01-20 00:00:00+00:00,2018-02-05 00:00:00+00:00,2018,0.0,0.0,0.0,295.4,9.0,3.0,0.3333333333333333
player::ace-kim-ji-hoon,team::istanbulwildcats,Ace (Kim Ji-hoon),İstanbul Wildcats,HWA Gaming,HWA Gaming | İstanbul Wildcats,wildcard,TCL,439.1333333333333,13,5.0,2018-02-10 00:00:00+00:00,2018-03-05 00:00:00+00:00,2018,0.0,0.0,0.0,439.1333333333333,13.0,5.0,0.38461538461538464
player::innaxe,team::istanbulwildcats,Innaxe,İstanbul Wildcats,HWA Gaming,HWA Gaming | İstanbul Wildcats,wildcard,TCL,1172.9666666666667,33,17.0,2018-06-16 00:00:00+00:00,2018-08-25 00:00:00+00:00,2018,0.0,0.0,0.0,1172.9666666666667,33.0,17.0,0.5151515151515151
player::telracs,team::istanbulwildcats,telracS,İstanbul Wildcats,HWA Gaming,HWA Gaming | İstanbul Wildcats,wildcard,TCL,1172.9666666666667,33,17.0,2018-06-16 00:00:00+00:00,2018-08-25 00:00:00+00:00,2018,0.0,0.0,0.0,1172.9666666666667,33.0,17.0,0.5151515151515151
player::pbd,team::istanbulwildcats,Pbd,İstanbul Wildcats,HWA Gaming,HWA Gaming | İstanbul Wildcats,wildcard,TCL,136.61666666666667,4,2.0,2018-08-04 00:00:00+00:00,2018-08-25 00:00:00+00:00,2018,0.0,0.0,0.0,136.61666666666667,4.0,2.0,0.5
player::eliwood,team::istanbulwildcats,EliWood,İstanbul Wildcats,HWA Gaming,HWA Gaming | İstanbul Wildcats,wildcard,TCL,416.9833333333333,13,4.0,2019-01-19 00:00:00+00:00,2019-03-03 00:00:00+00:00,2019,0.0,0.0,0.0,416.9833333333333,13.0,4.0,0.3076923076923077
player::kofte,team::istanbulwildcats,Kofte,İstanbul Wildcats,HWA Gaming,HWA Gaming | İstanbul Wildcats,wildcard,TCL,595.0,18,6.0,2019-01-19 00:00:00+00:00,2019-03-17 00:00:00+00:00,2019,0.0,0.0,0.0,595.0,18.0,6.0,0.3333333333333333
player::roulette,team::istanbulwildcats,Roulette,İstanbul Wildcats,HWA Gaming,HWA Gaming | İstanbul Wildcats,wildcard,TCL,476.1166666666667,14,5.0,2019-01-19 00:00:00+00:00,2019-03-17 00:00:00+00:00,2019,0.0,0.0,0.0,476.1166666666667,14.0,5.0,0.35714285714285715
player::starscreen,team::istanbulwildcats,StarScreen,İstanbul Wildcats,HWA Gaming,HWA Gaming | İstanbul Wildcats,wildcard,TCL,595.0,18,6.0,2019-01-19 00:00:00+00:00,2019-03-17 00:00:00+00:00,2019,0.0,0.0,0.0,595.0,18.0,6.0,0.3333333333333333
player::unex,team::istanbulwildcats,Unex,İstanbul Wildcats,HWA Gaming,HWA Gaming | İstanbul Wildcats,wildcard,TCL,83.31666666666666,3,0.0,2019-01-19 00:00:00+00:00,2019-02-17 00:00:00+00:00,2019,0.0,0.0,0.0,83.31666666666666,3.0,0.0,0.0
player::appen,team::istanbulwildcats,Appen,İstanbul Wildcats,HWA Gaming,HWA Gaming | İstanbul Wildcats,wildcard,TCL,118.88333333333333,4,1.0,2019-01-26 00:00:00+00:00,2019-02-17 00:00:00+00:00,2019,0.0,0.0,0.0,118.88333333333333,4.0,1.0,0.25
player::joker-onurcan-baskurt,team::istanbulwildcats,Joker (Onurcan Başkurt),İstanbul Wildcats,HWA Gaming,HWA Gaming | İstanbul Wildcats,wildcard,TCL,511.6833333333333,15,6.0,2019-01-26 00:00:00+00:00,2019-03-17 00:00:00+00:00,2019,0.0,0.0,0.0,511.6833333333333,15.0,6.0,0.4
player::algos,team::istanbulwildcats,Algos,İstanbul Wildcats,HWA Gaming,HWA Gaming | İstanbul Wildcats,wildcard,TCL,178.01666666666665,5,2.0,2019-02-17 00:00:00+00:00,2019-03-17 00:00:00+00:00,2019,0.0,0.0,0.0,178.01666666666665,5.0,2.0,0.4
player::algos,team::istanbulwildcats,Algos,İstanbul Wildcats,İstanbul Wildcats,HWA Gaming | İstanbul Wildcats,wildcard,TCL,295.2333333333333,9,3.0,2019-06-08 00:00:00+00:00,2019-07-06 00:00:00+00:00,2019,0.0,0.0,0.0,295.2333333333333,9.0,3.0,0.3333333333333333
player::kofte,team::istanbulwildcats,Kofte,İstanbul Wildcats,İstanbul Wildcats,HWA Gaming | İstanbul Wildcats,wildcard,TCL,554.0166666666667,17,7.0,2019-06-08 00:00:00+00:00,2019-08-04 00:00:00+00:00,2019,0.0,0.0,0.0,554.0166666666667,17.0,7.0,0.4117647058823529
player::roulette,team::istanbulwildcats,Roulette,İstanbul Wildcats,İstanbul Wildcats,HWA Gaming | İstanbul Wildcats,wildcard,TCL,322.2833333333333,10,3.0,2019-06-08 00:00:00+00:00,2019-07-07 00:00:00+00:00,2019,0.0,0.0,0.0,322.2833333333333,10.0,3.0,0.3
player::starscreen,team::istanbulwildcats,StarScreen,İstanbul Wildcats,İstanbul Wildcats,HWA Gaming | İstanbul Wildcats,wildcard,TCL,580.1666666666666,18,7.0,2019-06-08 00:00:00+00:00,2019-08-04 00:00:00+00:00,2019,0.0,0.0,0.0,580.1666666666666,18.0,7.0,0.3888888888888889
player::unex,team::istanbulwildcats,Unex,İstanbul Wildcats,İstanbul Wildcats,HWA Gaming | İstanbul Wildcats,wildcard,TCL,322.2833333333333,10,3.0,2019-06-08 00:00:00+00:00,2019-07-07 00:00:00+00:00,2019,0.0,0.0,0.0,322.2833333333333,10.0,3.0,0.3
player::joker-onurcan-baskurt,team::istanbulwildcats,Joker (Onurcan Başkurt),İstanbul Wildcats,İstanbul Wildcats,HWA Gaming | İstanbul Wildcats,wildcard,TCL,195.46666666666667,7,1.0,2019-07-06 00:00:00+00:00,2019-07-27 00:00:00+00:00,2019,0.0,0.0,0.0,195.46666666666667,7.0,1.0,0.14285714285714285
player::only35,team::istanbulwildcats,Only35,İstanbul Wildcats,İstanbul Wildcats,HWA Gaming | İstanbul Wildcats,wildcard,TCL,257.8833333333333,8,4.0,2019-07-13 00:00:00+00:00,2019-08-04 00:00:00+00:00,2019,0.0,0.0,0.0,257.8833333333333,8.0,4.0,0.5
player::psychoferret,team::istanbulwildcats,Psychoferret,İstanbul Wildcats,İstanbul Wildcats,HWA Gaming | İstanbul Wildcats,wildcard,TCL,257.8833333333333,8,4.0,2019-07-13 00:00:00+00:00,2019-08-04 00:00:00+00:00,2019,0.0,0.0,0.0,257.8833333333333,8.0,4.0,0.5
player::mean,team::istanbulwildcats,mean,İstanbul Wildcats,İstanbul Wildcats,HWA Gaming | İstanbul Wildcats,wildcard,TCL,115.61666666666667,3,3.0,2019-07-28 00:00:00+00:00,2019-08-04 00:00:00+00:00,2019,0.0,0.0,0.0,115.61666666666667,3.0,3.0,1.0
player::coldfeeling,team::iv,Coldfeeling,iv,iv,iv,wildcard,LCL,418.6833333333333,12,4.0,2015-02-14 00:00:00+00:00,2015-03-21 00:00:00+00:00,2015,0.0,0.0,0.0,418.6833333333333,12.0,4.0,0.3333333333333333
player::fleed,team::iv,fleed,iv,iv,iv,wildcard,LCL,418.6833333333333,12,4.0,2015-02-14 00:00:00+00:00,2015-03-21 00:00:00+00:00,2015,0.0,0.0,0.0,418.6833333333333,12.0,4.0,0.3333333333333333
player::happyzak,team::iv,HappyZaK,iv,iv,iv,wildcard,LCL,418.6833333333333,12,4.0,2015-02-14 00:00:00+00:00,2015-03-21 00:00:00+00:00,2015,0.0,0.0,0.0,418.6833333333333,12.0,4.0,0.3333333333333333
player::scairtin,team::iv,Scairtin,iv,iv,iv,wildcard,LCL,117.76666666666668,3,2.0,2015-02-14 00:00:00+00:00,2015-02-22 00:00:00+00:00,2015,0.0,0.0,0.0,117.76666666666668,3.0,2.0,0.6666666666666666
player::v-terminator,team::iv,V Terminator,iv,iv,iv,wildcard,LCL,418.6833333333333,12,4.0,2015-02-14 00:00:00+00:00,2015-03-21 00:00:00+00:00,2015,0.0,0.0,0.0,418.6833333333333,12.0,4.0,0.3333333333333333
player::sponge-cake,team::iv,Sponge Cake,iv,iv,iv,wildcard,LCL,300.9166666666667,9,2.0,2015-02-21 00:00:00+00:00,2015-03-21 00:00:00+00:00,2015,0.0,0.0,0.0,300.9166666666667,9.0,2.0,0.2222222222222222
player::element,team::jayob,Element,jayob,jayob,jayob,wildcard,CBLOL,485.6,14,2.0,2015-01-18 00:00:00+00:00,2015-02-28 00:00:00+00:00,2015,0.0,0.0,0.0,485.6,14.0,2.0,0.14285714285714285
player::oxydrean,team::jayob,Oxydrean,jayob,jayob,jayob,wildcard,CBLOL,485.6,14,2.0,2015-01-18 00:00:00+00:00,2015-02-28 00:00:00+00:00,2015,0.0,0.0,0.0,485.6,14.0,2.0,0.14285714285714285
player::riyev,team::jayob,Riyev,jayob,jayob,jayob,wildcard,CBLOL,414.1833333333333,12,1.0,2015-01-18 00:00:00+00:00,2015-02-22 00:00:00+00:00,2015,0.0,0.0,0.0,414.1833333333333,12.0,1.0,0.08333333333333333
player::theusma,team::jayob,Theusma,jayob,jayob,jayob,wildcard,CBLOL,303.85,8,1.0,2015-01-18 00:00:00+00:00,2015-02-08 00:00:00+00:00,2015,0.0,0.0,0.0,303.85,8.0,1.0,0.125
player::yetz,team::jayob,yeTz,jayob,jayob,jayob,wildcard,CBLOL,485.6,14,2.0,2015-01-18 00:00:00+00:00,2015-02-28 00:00:00+00:00,2015,0.0,0.0,0.0,485.6,14.0,2.0,0.14285714285714285
player::thefoxz,team::jayob,TheFoxz,jayob,jayob,jayob,wildcard,CBLOL,181.75,6,1.0,2015-02-15 00:00:00+00:00,2015-02-28 00:00:00+00:00,2015,0.0,0.0,0.0,181.75,6.0,1.0,0.16666666666666666
player::huez0rd,team::jayob,huez0rd,jayob,jayob,jayob,wildcard,CBLOL,71.41666666666667,2,1.0,2015-02-28 00:00:00+00:00,2015-02-28 00:00:00+00:00,2015,0.0,0.0,0.0,71.41666666666667,2.0,1.0,0.5
player::ali-liu-xu-dong,team::jdg,Ali (Liu Xu-Dong),JD Gaming,QG Reapers,QG Reapers | JD Gaming,major,LPL,766.8666666666667,20,12.0,2017-01-22 00:00:00+00:00,2017-03-26 00:00:00+00:00,2017,0.0,0.0,0.0,766.8666666666667,20.0,12.0,0.6
player::alone-wang-zi-jun,team::jdg,Alone (Wang Zi-Jun),JD Gaming,QG Reapers,QG Reapers | JD Gaming,major,LPL,1097.1166666666668,32,19.0,2017-01-22 00:00:00+00:00,2017-04-18 00:00:00+00:00,2017,0.0,0.0,0.0,1097.1166666666668,32.0,19.0,0.59375
player::candyseven,team::jdg,Candyseven,JD Gaming,QG Reapers,QG Reapers | JD Gaming,major,LPL,315.35,8,4.0,2017-01-22 00:00:00+00:00,2017-03-10 00:00:00+00:00,2017,0.0,0.0,0.0,315.35,8.0,4.0,0.5
player::clid,team::jdg,Clid,JD Gaming,QG Reapers,QG Reapers | JD Gaming,major,LPL,1448.7333333333331,41,23.0,2017-01-22 00:00:00+00:00,2017-04-18 00:00:00+00:00,2017,0.0,0.0,0.0,1448.7333333333331,41.0,23.0,0.5609756097560976
player::cloud-hu-zhen-wei,team::jdg,Cloud (Hu Zhen-Wei),JD Gaming,QG Reapers,QG Reapers | JD Gaming,major,LPL,417.0833333333333,12,6.0,2017-01-22 00:00:00+00:00,2017-04-08 00:00:00+00:00,2017,0.0,0.0,0.0,417.0833333333333,12.0,6.0,0.5
player::doinb,team::jdg,Doinb,JD Gaming,QG Reapers,QG Reapers | JD Gaming,major,LPL,1496.0666666666666,42,23.0,2017-01-22 00:00:00+00:00,2017-04-18 00:00:00+00:00,2017,0.0,0.0,0.0,1496.0666666666666,42.0,23.0,0.5476190476190477
player::kabe,team::jdg,Kabe,JD Gaming,QG Reapers,QG Reapers | JD Gaming,major,LPL,1496.0666666666666,42,23.0,2017-01-22 00:00:00+00:00,2017-04-18 00:00:00+00:00,2017,0.0,0.0,0.0,1496.0666666666666,42.0,23.0,0.5476190476190477
player::loken,team::jdg,LokeN,JD Gaming,QG Reapers,QG Reapers | JD Gaming,major,LPL,47.333333333333336,1,0.0,2017-02-18 00:00:00+00:00,2017-02-18 00:00:00+00:00,2017,0.0,0.0,0.0,47.333333333333336,1.0,0.0,0.0
player::xinyi,team::jdg,Xinyi,JD Gaming,QG Reapers,QG Reapers | JD Gaming,major,LPL,47.333333333333336,1,0.0,2017-02-18 00:00:00+00:00,2017-02-18 00:00:00+00:00,2017,0.0,0.0,0.0,47.333333333333336,1.0,0.0,0.0
player::chen,team::jdg,Chen,JD Gaming,QG Reapers,QG Reapers | JD Gaming,major,LPL,36.266666666666666,1,0.0,2017-03-31 00:00:00+00:00,2017-03-31 00:00:00+00:00,2017,0.0,0.0,0.0,36.266666666666666,1.0,0.0,0.0
player::deceit,team::jdg,Deceit,JD Gaming,QG Reapers,QG Reapers | JD Gaming,major,LPL,312.1166666666667,10,5.0,2017-04-06 00:00:00+00:00,2017-04-18 00:00:00+00:00,2017,0.0,0.0,0.0,312.1166666666667,10.0,5.0,0.5
player::barrett,team::jdg,Barrett,JD Gaming,JD Gaming,QG Reapers | JD Gaming,major,LPL,263.18333333333334,8,2.0,2017-06-08 00:00:00+00:00,2017-06-18 00:00:00+00:00,2017,0.0,0.0,0.0,263.18333333333334,8.0,2.0,0.25
player::clid,team::jdg,Clid,JD Gaming,JD Gaming,QG Reapers | JD Gaming,major,LPL,4111.583333333333,123,67.0,2017-06-08 00:00:00+00:00,2018-09-15 00:00:00+00:00,2017|2018,0.0,0.0,0.0,4111.583333333333,123.0,67.0,0.5447154471544715
player::cloud-hu-zhen-wei,team::jdg,Cloud (Hu Zhen-Wei),JD Gaming,JD Gaming,QG Reapers | JD Gaming,major,LPL,63.016666666666666,2,0.0,2017-06-08 00:00:00+00:00,2017-06-10 00:00:00+00:00,2017,0.0,0.0,0.0,63.016666666666666,2.0,0.0,0.0
player::doinb,team::jdg,Doinb,JD Gaming,JD Gaming,QG Reapers | JD Gaming,major,LPL,1273.6,38,16.0,2017-06-08 00:00:00+00:00,2017-08-20 00:00:00+00:00,2017,0.0,0.0,0.0,1273.6,38.0,16.0,0.42105263157894735
player::kabe,team::jdg,Kabe,JD Gaming,JD Gaming,QG Reapers | JD Gaming,major,LPL,1273.6,38,16.0,2017-06-08 00:00:00+00:00,2017-08-20 00:00:00+00:00,2017,0.0,0.0,0.0,1273.6,38.0,16.0,0.42105263157894735
player::loken,team::jdg,LokeN,JD Gaming,JD Gaming,QG Reapers | JD Gaming,major,LPL,4298.916666666667,128,69.0,2017-06-08 00:00:00+00:00,2018-09-15 00:00:00+00:00,2017|2018,0.0,0.0,0.0,4298.916666666667,128.0,69.0,0.5390625
player::lvmao,team::jdg,LvMao,JD Gaming,JD Gaming,QG Reapers | JD Gaming,major,LPL,8261.616666666667,250,130.0,2017-06-08 00:00:00+00:00,2019-09-07 00:00:00+00:00,2017|2018|2019,0.0,0.0,0.0,8261.616666666667,250.0,130.0,0.52
player::xinyi,team::jdg,Xinyi,JD Gaming,JD Gaming,QG Reapers | JD Gaming,major,LPL,1010.4166666666666,30,14.0,2017-06-08 00:00:00+00:00,2017-08-20 00:00:00+00:00,2017,0.0,0.0,0.0,1010.4166666666666,30.0,14.0,0.4666666666666667
player::yagao,team::jdg,Yagao,JD Gaming,JD Gaming,QG Reapers | JD Gaming,major,LPL,7142.766666666666,217,114.0,2018-01-17 00:00:00+00:00,2019-09-07 00:00:00+00:00,2018|2019,0.0,0.0,0.0,7142.766666666666,217.0,114.0,0.5253456221198156
player::zoom,team::jdg,Zoom,JD Gaming,JD Gaming,QG Reapers | JD Gaming,major,LPL,7051.4,214,112.0,2018-01-17 00:00:00+00:00,2019-09-07 00:00:00+00:00,2018|2019,0.0,0.0,0.0,7051.4,214.0,112.0,0.5233644859813084
player::xiaohan-pan-han,team::jdg,Xiaohan (Pan Han),JD Gaming,JD Gaming,QG Reapers | JD Gaming,major,LPL,269.26666666666665,8,3.0,2018-02-27 00:00:00+00:00,2019-08-17 00:00:00+00:00,2018|2019,0.0,0.0,0.0,269.26666666666665,8.0,3.0,0.375
player::rd,team::jdg,RD,JD Gaming,JD Gaming,QG Reapers | JD Gaming,major,LPL,737.8,22,11.0,2018-03-05 00:00:00+00:00,2018-03-30 00:00:00+00:00,2018,0.0,0.0,0.0,737.8,22.0,11.0,0.5
player::flawless,team::jdg,Flawless,JD Gaming,JD Gaming,QG Reapers | JD Gaming,major,LPL,2418.5166666666664,74,41.0,2019-01-20 00:00:00+00:00,2019-08-07 00:00:00+00:00,2019,0.0,0.0,0.0,2418.5166666666664,74.0,41.0,0.5540540540540541
player::imp,team::jdg,imp,JD Gaming,JD Gaming,QG Reapers | JD Gaming,major,LPL,2940.866666666667,91,45.0,2019-01-20 00:00:00+00:00,2019-09-07 00:00:00+00:00,2019,0.0,0.0,0.0,2940.866666666667,91.0,45.0,0.4945054945054945
player::levi,team::jdg,Levi,JD Gaming,JD Gaming,QG Reapers | JD Gaming,major,LPL,148.71666666666667,5,0.0,2019-01-20 00:00:00+00:00,2019-03-31 00:00:00+00:00,2019,0.0,0.0,0.0,148.71666666666667,5.0,0.0,0.0
player::bvoy,team::jdg,Bvoy,JD Gaming,JD Gaming,QG Reapers | JD Gaming,major,LPL,175.6,6,3.0,2019-01-28 00:00:00+00:00,2019-03-31 00:00:00+00:00,2019,0.0,0.0,0.0,175.6,6.0,3.0,0.5
player::teeen,team::jdg,Teeen,JD Gaming,JD Gaming,QG Reapers | JD Gaming,major,LPL,91.73333333333332,3,0.0,2019-03-31 00:00:00+00:00,2019-06-09 00:00:00+00:00,2019,0.0,0.0,0.0,91.73333333333332,3.0,0.0,0.0
player::kanavi,team::jdg,Kanavi,JD Gaming,JD Gaming,QG Reapers | JD Gaming,major,LPL,457.8666666666667,15,5.0,2019-06-09 00:00:00+00:00,2019-09-07 00:00:00+00:00,2019,0.0,0.0,0.0,457.8666666666667,15.0,5.0,0.3333333333333333
player::morgan,team::jdg,Morgan,JD Gaming,JD Gaming,QG Reapers | JD Gaming,major,LPL,91.36666666666667,3,2.0,2019-08-12 00:00:00+00:00,2019-08-17 00:00:00+00:00,2019,0.0,0.0,0.0,91.36666666666667,3.0,2.0,0.6666666666666666
player::chaser,team::jinairgreenwings,Chaser,Jin Air Green Wings,Jin Air Green Wings,Jin Air Green Wings,major,LCK,3074.1,72,37.0,2015-01-09 00:00:00+00:00,2015-08-05 00:00:00+00:00,2015,0.0,0.0,0.0,3074.1,72.0,37.0,0.5138888888888888
player::chei,team::jinairgreenwings,Chei,Jin Air Green Wings,Jin Air Green Wings,Jin Air Green Wings,major,LCK,6143.15,146,69.0,2015-01-09 00:00:00+00:00,2016-08-29 00:00:00+00:00,2015|2016,0.0,0.0,0.0,6143.15,146.0,69.0,0.4726027397260274
player::gbm,team::jinairgreenwings,GBM,Jin Air Green Wings,Jin Air Green Wings,Jin Air Green Wings,major,LCK,2935.55,68,34.0,2015-01-09 00:00:00+00:00,2015-08-07 00:00:00+00:00,2015,0.0,0.0,0.0,2935.55,68.0,34.0,0.5
player::pilot-na-woo-hyung,team::jinairgreenwings,Pilot (Na Woo-hyung),Jin Air Green Wings,Jin Air Green Wings,Jin Air Green Wings,major,LCK,6107.483333333334,146,69.0,2015-01-09 00:00:00+00:00,2016-08-29 00:00:00+00:00,2015|2016,0.0,0.0,0.0,6107.483333333334,146.0,69.0,0.4726027397260274
player::trace,team::jinairgreenwings,TrAce,Jin Air Green Wings,Jin Air Green Wings,Jin Air Green Wings,major,LCK,7329.783333333334,173,86.0,2015-01-09 00:00:00+00:00,2016-08-29 00:00:00+00:00,2015|2016,0.0,0.0,0.0,7329.783333333334,173.0,86.0,0.49710982658959535
player::cpt-jack,team::jinairgreenwings,Cpt Jack,Jin Air Green Wings,Jin Air Green Wings,Jin Air Green Wings,major,LCK,1293.9499999999998,29,17.0,2015-01-23 00:00:00+00:00,2015-08-07 00:00:00+00:00,2015,0.0,0.0,0.0,1293.9499999999998,29.0,17.0,0.5862068965517241
player::xd,team::jinairgreenwings,XD,Jin Air Green Wings,Jin Air Green Wings,Jin Air Green Wings,major,LCK,138.78333333333333,3,2.0,2015-03-25 00:00:00+00:00,2015-04-08 00:00:00+00:00,2015,0.0,0.0,0.0,138.78333333333333,3.0,2.0,0.6666666666666666
player::winged,team::jinairgreenwings,Winged,Jin Air Green Wings,Jin Air Green Wings,Jin Air Green Wings,major,LCK,4327.333333333333,103,49.0,2015-04-08 00:00:00+00:00,2016-08-29 00:00:00+00:00,2015|2016,0.0,0.0,0.0,4327.333333333333,103.0,49.0,0.47572815533980584
player::sweet-lee-eun-teak,team::jinairgreenwings,Sweet (Lee Eun-teak),Jin Air Green Wings,Jin Air Green Wings,Jin Air Green Wings,major,LCK,1119.5,26,15.0,2015-05-22 00:00:00+00:00,2016-08-06 00:00:00+00:00,2015|2016,0.0,0.0,0.0,1119.5,26.0,15.0,0.5769230769230769
player::kuzan,team::jinairgreenwings,Kuzan,Jin Air Green Wings,Jin Air Green Wings,Jin Air Green Wings,major,LCK,7519.416666666666,185,83.0,2015-06-03 00:00:00+00:00,2017-08-05 00:00:00+00:00,2015|2016|2017,0.0,0.0,0.0,7519.416666666666,185.0,83.0,0.4486486486486487
player::sohwan,team::jinairgreenwings,SoHwan,Jin Air Green Wings,Jin Air Green Wings,Jin Air Green Wings,major,LCK,4771.583333333333,124,50.0,2016-01-14 00:00:00+00:00,2018-08-08 00:00:00+00:00,2016|2017|2018,0.0,0.0,0.0,4771.583333333333,124.0,50.0,0.4032258064516129
player::blanc-jin-seong-min,team::jinairgreenwings,Blanc (Jin Seong-min),Jin Air Green Wings,Jin Air Green Wings,Jin Air Green Wings,major,LCK,336.43333333333334,8,4.0,2016-05-28 00:00:00+00:00,2016-07-06 00:00:00+00:00,2016,0.0,0.0,0.0,336.43333333333334,8.0,4.0,0.5
player::ikssu,team::jinairgreenwings,ikssu,Jin Air Green Wings,Jin Air Green Wings,Jin Air Green Wings,major,LCK,2114.133333333333,53,18.0,2017-01-18 00:00:00+00:00,2017-07-15 00:00:00+00:00,2017,0.0,0.0,0.0,2114.133333333333,53.0,18.0,0.33962264150943394
player::snowflower,team::jinairgreenwings,SnowFlower,Jin Air Green Wings,Jin Air Green Wings,Jin Air Green Wings,major,LCK,3389.9666666666667,86,35.0,2017-01-18 00:00:00+00:00,2017-08-05 00:00:00+00:00,2017,0.0,0.0,0.0,3389.9666666666667,86.0,35.0,0.4069767441860465
player::teddy,team::jinairgreenwings,Teddy,Jin Air Green Wings,Jin Air Green Wings,Jin Air Green Wings,major,LCK,6814.066666666667,175,68.0,2017-01-18 00:00:00+00:00,2018-08-08 00:00:00+00:00,2017|2018,0.0,0.0,0.0,6814.066666666667,175.0,68.0,0.38857142857142857
player::umti,team::jinairgreenwings,UmTi,Jin Air Green Wings,Jin Air Green Wings,Jin Air Green Wings,major,LCK,6387.549999999999,163,64.0,2017-01-18 00:00:00+00:00,2018-08-08 00:00:00+00:00,2017|2018,0.0,0.0,0.0,6387.549999999999,163.0,64.0,0.39263803680981596
player::raise,team::jinairgreenwings,Raise,Jin Air Green Wings,Jin Air Green Wings,Jin Air Green Wings,major,LCK,297.1333333333333,8,4.0,2017-03-18 00:00:00+00:00,2017-07-15 00:00:00+00:00,2017,0.0,0.0,0.0,297.1333333333333,8.0,4.0,0.5
player::grace,team::jinairgreenwings,Grace,Jin Air Green Wings,Jin Air Green Wings,Jin Air Green Wings,major,LCK,5118.5,143,36.0,2018-01-18 00:00:00+00:00,2019-08-16 00:00:00+00:00,2018|2019,0.0,0.0,0.0,5118.5,143.0,36.0,0.2517482517482518
player::justice,team::jinairgreenwings,Justice,Jin Air Green Wings,Jin Air Green Wings,Jin Air Green Wings,major,LCK,426.5666666666667,9,3.0,2018-01-18 00:00:00+00:00,2018-07-31 00:00:00+00:00,2018,0.0,0.0,0.0,426.5666666666667,9.0,3.0,0.3333333333333333
player::wraith,team::jinairgreenwings,Wraith,Jin Air Green Wings,Jin Air Green Wings,Jin Air Green Wings,major,LCK,1785.6166666666668,44,19.0,2018-01-18 00:00:00+00:00,2018-03-24 00:00:00+00:00,2018,0.0,0.0,0.0,1785.6166666666668,44.0,19.0,0.4318181818181818
player::nova-park-chan-ho,team::jinairgreenwings,Nova (Park Chan-ho),Jin Air Green Wings,Jin Air Green Wings,Jin Air Green Wings,major,LCK,2457.7666666666664,70,18.0,2018-06-13 00:00:00+00:00,2019-08-16 00:00:00+00:00,2018|2019,0.0,0.0,0.0,2457.7666666666664,70.0,18.0,0.2571428571428571
player::kakao,team::jinairgreenwings,KaKAO,Jin Air Green Wings,Jin Air Green Wings,Jin Air Green Wings,major,LCK,129.38333333333333,4,0.0,2018-06-15 00:00:00+00:00,2018-07-31 00:00:00+00:00,2018,0.0,0.0,0.0,129.38333333333333,4.0,0.0,0.0
player::cheongo,team::jinairgreenwings,CheonGo,Jin Air Green Wings,Jin Air Green Wings,Jin Air Green Wings,major,LCK,662.35,19,1.0,2019-01-16 00:00:00+00:00,2019-08-16 00:00:00+00:00,2019,0.0,0.0,0.0,662.35,19.0,1.0,0.05263157894736842
player::kellin,team::jinairgreenwings,Kellin,Jin Air Green Wings,Jin Air Green Wings,Jin Air Green Wings,major,LCK,1815.8,53,3.0,2019-01-16 00:00:00+00:00,2019-08-16 00:00:00+00:00,2019,0.0,0.0,0.0,1815.8,53.0,3.0,0.05660377358490566
player::lindarang,team::jinairgreenwings,Lindarang,Jin Air Green Wings,Jin Air Green Wings,Jin Air Green Wings,major,LCK,1885.1166666666668,56,7.0,2019-01-16 00:00:00+00:00,2019-08-16 00:00:00+00:00,2019,0.0,0.0,0.0,1885.1166666666668,56.0,7.0,0.125
player::malrang,team::jinairgreenwings,Malrang,Jin Air Green Wings,Jin Air Green Wings,Jin Air Green Wings,major,LCK,1993.8333333333333,59,4.0,2019-01-16 00:00:00+00:00,2019-08-16 00:00:00+00:00,2019,0.0,0.0,0.0,1993.8333333333333,59.0,4.0,0.06779661016949153
player::route,team::jinairgreenwings,Route,Jin Air Green Wings,Jin Air Green Wings,Jin Air Green Wings,major,LCK,2535.5166666666664,75,7.0,2019-01-16 00:00:00+00:00,2019-08-16 00:00:00+00:00,2019,0.0,0.0,0.0,2535.5166666666664,75.0,7.0,0.09333333333333334
player::stitch,team::jinairgreenwings,Stitch,Jin Air Green Wings,Jin Air Green Wings,Jin Air Green Wings,major,LCK,99.56666666666666,3,0.0,2019-01-19 00:00:00+00:00,2019-03-15 00:00:00+00:00,2019,0.0,0.0,0.0,99.56666666666666,3.0,0.0,0.0
player::seize,team::jinairgreenwings,Seize,Jin Air Green Wings,Jin Air Green Wings,Jin Air Green Wings,major,LCK,641.25,19,3.0,2019-02-28 00:00:00+00:00,2019-08-16 00:00:00+00:00,2019,0.0,0.0,0.0,641.25,19.0,3.0,0.15789473684210525
player::tana,team::jinairgreenwings,TaNa,Jin Air Green Wings,Jin Air Green Wings,Jin Air Green Wings,major,LCK,601.7333333333333,18,0.0,2019-02-28 00:00:00+00:00,2019-08-16 00:00:00+00:00,2019,0.0,0.0,0.0,601.7333333333333,18.0,0.0,0.0
player::chawy,team::jteam,Chawy,J Team,J Team,J Team,major,LMS,2006.0833333333333,52,28.0,2015-01-08 00:00:00+00:00,2015-07-12 00:00:00+00:00,2015,0.0,0.0,0.0,2006.0833333333333,52.0,28.0,0.5384615384615384
player::jay-li-chieh,team::jteam,Jay (Li Chieh),J Team,J Team,J Team,major,LMS,7304.266666666666,195,121.0,2015-01-08 00:00:00+00:00,2017-08-26 00:00:00+00:00,2015|2016|2017,0.0,0.0,0.0,7304.266666666666,195.0,121.0,0.6205128205128205
player::lupin-kim-do-yeop,team::jteam,Lupin (Kim Do-yeop),J Team,J Team,J Team,major,LMS,2206.8166666666666,57,30.0,2015-01-08 00:00:00+00:00,2015-08-14 00:00:00+00:00,2015,0.0,0.0,0.0,2206.8166666666666,57.0,30.0,0.5263157894736842
player::morning,team::jteam,Morning,J Team,J Team,J Team,major,LMS,6977.516666666666,185,112.0,2015-01-08 00:00:00+00:00,2017-07-22 00:00:00+00:00,2015|2016|2017,0.0,0.0,0.0,6977.516666666666,185.0,112.0,0.6054054054054054
player::winds,team::jteam,Winds,J Team,J Team,J Team,major,LMS,937.75,24,17.0,2015-01-08 00:00:00+00:00,2015-04-11 00:00:00+00:00,2015,0.0,0.0,0.0,937.75,24.0,17.0,0.7083333333333334
player::domo,team::jteam,Domo,J Team,J Team,J Team,major,LMS,404.56666666666666,10,3.0,2015-05-21 00:00:00+00:00,2015-06-17 00:00:00+00:00,2015,0.0,0.0,0.0,404.56666666666666,10.0,3.0,0.3
player::yue-lu-tzu-hsien,team::jteam,Yue (Lu Tzu-Hsien),J Team,J Team,J Team,major,LMS,708.4,19,6.0,2015-06-04 00:00:00+00:00,2016-02-25 00:00:00+00:00,2015|2016,0.0,0.0,0.0,708.4,19.0,6.0,0.3157894736842105
player::refra1n,team::jteam,REFRA1N,J Team,J Team,J Team,major,LMS,3851.0166666666655,104,66.0,2015-06-19 00:00:00+00:00,2017-04-22 00:00:00+00:00,2015|2016|2017,0.0,0.0,0.0,3851.0166666666655,104.0,66.0,0.6346153846153846
player::pony-mo-ka-wah,team::jteam,Pony (Mo Ka Wah),J Team,J Team,J Team,major,LMS,81.41666666666667,2,0.0,2015-06-25 00:00:00+00:00,2015-06-25 00:00:00+00:00,2015,0.0,0.0,0.0,81.41666666666667,2.0,0.0,0.0
player::bebe-chang-bo-wei,team::jteam,BeBe (Chang Bo-Wei),J Team,J Team,J Team,major,LMS,5430.116666666667,146,91.0,2016-01-16 00:00:00+00:00,2017-08-26 00:00:00+00:00,2016|2017,0.0,0.0,0.0,5430.116666666667,146.0,91.0,0.6232876712328768
player::fofo,team::jteam,FoFo,J Team,J Team,J Team,major,LMS,11025.283333333333,305,177.0,2016-01-16 00:00:00+00:00,2019-08-31 00:00:00+00:00,2016|2017|2018|2019,199.5833333333333,6.0,3.0,11224.866666666669,311.0,180.0,0.580327868852459
player::lilv,team::jteam,Lilv,J Team,J Team,J Team,major,LMS,5209.6,149,86.0,2016-02-03 00:00:00+00:00,2019-08-31 00:00:00+00:00,2016|2018|2019,199.5833333333333,6.0,3.0,5409.183333333333,155.0,89.0,0.5771812080536913
player::achie,team::jteam,Achie,J Team,J Team,J Team,major,LMS,513.8833333333333,13,9.0,2016-03-27 00:00:00+00:00,2017-02-17 00:00:00+00:00,2016|2017,0.0,0.0,0.0,513.8833333333333,13.0,9.0,0.6923076923076923
player::jcain,team::jteam,JCain,J Team,J Team,J Team,major,LMS,50.21666666666667,1,0.0,2017-02-17 00:00:00+00:00,2017-02-17 00:00:00+00:00,2017,0.0,0.0,0.0,50.21666666666667,1.0,0.0,0.0
player::rlun,team::jteam,Rlun,J Team,J Team,J Team,major,LMS,50.21666666666667,1,0.0,2017-02-17 00:00:00+00:00,2017-02-17 00:00:00+00:00,2017,0.0,0.0,0.0,50.21666666666667,1.0,0.0,0.0
player::breaker,team::jteam,Breaker,J Team,J Team,J Team,major,LMS,2766.4666666666667,77,35.0,2017-03-03 00:00:00+00:00,2019-03-30 00:00:00+00:00,2017|2018|2019,0.0,0.0,0.0,2766.4666666666667,77.0,35.0,0.45454545454545453
player::alex-chen-yu-ming,team::jteam,Alex (Chen Yu-Ming),J Team,J Team,J Team,major,LMS,1764.5333333333333,48,23.0,2017-06-03 00:00:00+00:00,2018-04-01 00:00:00+00:00,2017|2018,0.0,0.0,0.0,1764.5333333333333,48.0,23.0,0.4791666666666667
player::rest,team::jteam,Rest,J Team,J Team,J Team,major,LMS,6149.716666666666,174,93.0,2017-07-22 00:00:00+00:00,2019-08-31 00:00:00+00:00,2017|2018|2019,199.5833333333333,6.0,3.0,6349.299999999999,180.0,96.0,0.5344827586206896
player::hana,team::jteam,Hana,J Team,J Team,J Team,major,LMS,3269.6833333333334,93,53.0,2018-01-20 00:00:00+00:00,2019-08-31 00:00:00+00:00,2018|2019,199.5833333333333,6.0,3.0,3469.266666666667,99.0,56.0,0.5698924731182796
player::ysera,team::jteam,Ysera,J Team,J Team,J Team,major,LMS,2996.9,83,37.0,2018-01-20 00:00:00+00:00,2018-09-22 00:00:00+00:00,2018,0.0,0.0,0.0,2996.9,83.0,37.0,0.4457831325301205
player::koala-lin-chih-chiang,team::jteam,Koala (Lin Chih-Chiang),J Team,J Team,J Team,major,LMS,2456.05,72,48.0,2019-01-17 00:00:00+00:00,2019-08-31 00:00:00+00:00,2019,199.5833333333333,6.0,3.0,2655.6333333333337,78.0,51.0,0.6666666666666666
player::danagorn,team::kabumblack,Danagorn,KaBuM! Black,KaBuM! Black,KaBuM! Black,wildcard,CBLOL,1585.7833333333333,41,14.0,2015-01-18 00:00:00+00:00,2015-11-12 00:00:00+00:00,2015,0.0,0.0,0.0,1585.7833333333333,41.0,14.0,0.34146341463414637
player::espeon,team::kabumblack,Espeon,KaBuM! Black,KaBuM! Black,KaBuM! Black,wildcard,CBLOL,1585.7833333333333,41,14.0,2015-01-18 00:00:00+00:00,2015-11-12 00:00:00+00:00,2015,0.0,0.0,0.0,1585.7833333333333,41.0,14.0,0.34146341463414637
player::goku,team::kabumblack,Goku,KaBuM! Black,KaBuM! Black,KaBuM! Black,wildcard,CBLOL,939.8833333333332,25,11.0,2015-01-18 00:00:00+00:00,2015-04-04 00:00:00+00:00,2015,0.0,0.0,0.0,939.8833333333332,25.0,11.0,0.44
player::matsukaze,team::kabumblack,Matsukaze,KaBuM! Black,KaBuM! Black,KaBuM! Black,wildcard,CBLOL,1585.7833333333333,41,14.0,2015-01-18 00:00:00+00:00,2015-11-12 00:00:00+00:00,2015,0.0,0.0,0.0,1585.7833333333333,41.0,14.0,0.34146341463414637
player::skybart,team::kabumblack,SkyBart,KaBuM! Black,KaBuM! Black,KaBuM! Black,wildcard,CBLOL,939.8833333333332,25,11.0,2015-01-18 00:00:00+00:00,2015-04-04 00:00:00+00:00,2015,0.0,0.0,0.0,939.8833333333332,25.0,11.0,0.44
player::element,team::kabumblack,Element,KaBuM! Black,KaBuM! Black,KaBuM! Black,wildcard,CBLOL,645.9,16,3.0,2015-05-24 00:00:00+00:00,2015-11-12 00:00:00+00:00,2015,0.0,0.0,0.0,645.9,16.0,3.0,0.1875
player::vash,team::kabumblack,Vash,KaBuM! Black,KaBuM! Black,KaBuM! Black,wildcard,CBLOL,645.9,16,3.0,2015-05-24 00:00:00+00:00,2015-11-12 00:00:00+00:00,2015,0.0,0.0,0.0,645.9,16.0,3.0,0.1875
player::dans,team::kabumesports,dans,KaBuM! Esports,KaBuM! Orange,KaBuM! Orange | KaBuM! Esports,wildcard,CBLOL,1145.95,30,10.0,2015-01-18 00:00:00+00:00,2015-11-15 00:00:00+00:00,2015,0.0,0.0,0.0,1145.95,30.0,10.0,0.3333333333333333
player::digolera,team::kabumesports,Digolera,KaBuM! Esports,KaBuM! Orange,KaBuM! Orange | KaBuM! Esports,wildcard,CBLOL,474.8333333333333,12,3.0,2015-01-18 00:00:00+00:00,2015-02-22 00:00:00+00:00,2015,0.0,0.0,0.0,474.8333333333333,12.0,3.0,0.25
player::eryon,team::kabumesports,Eryon,KaBuM! Esports,KaBuM! Orange,KaBuM! Orange | KaBuM! Esports,wildcard,CBLOL,594.2,15,4.0,2015-01-18 00:00:00+00:00,2015-02-28 00:00:00+00:00,2015,0.0,0.0,0.0,594.2,15.0,4.0,0.26666666666666666
player::lep,team::kabumesports,LEP,KaBuM! Esports,KaBuM! Orange,KaBuM! Orange | KaBuM! Esports,wildcard,CBLOL,1461.3000000000002,38,12.0,2015-01-18 00:00:00+00:00,2015-11-15 00:00:00+00:00,2015,0.0,0.0,0.0,1461.3000000000002,38.0,12.0,0.3157894736842105
player::tinowns,team::kabumesports,tinowns,KaBuM! Esports,KaBuM! Orange,KaBuM! Orange | KaBuM! Esports,wildcard,CBLOL,1461.3000000000002,38,12.0,2015-01-18 00:00:00+00:00,2015-11-15 00:00:00+00:00,2015,0.0,0.0,0.0,1461.3000000000002,38.0,12.0,0.3157894736842105
player::bruno-bruno-oliveira,team::kabumesports,bruNo (Bruno Oliveira),KaBuM! Esports,KaBuM! Orange,KaBuM! Orange | KaBuM! Esports,wildcard,CBLOL,434.7166666666666,11,3.0,2015-02-28 00:00:00+00:00,2015-06-13 00:00:00+00:00,2015,0.0,0.0,0.0,434.7166666666666,11.0,3.0,0.2727272727272727
player::minerva,team::kabumesports,Minerva,KaBuM! Esports,KaBuM! Orange,KaBuM! Orange | KaBuM! Esports,wildcard,CBLOL,867.0999999999999,23,8.0,2015-05-23 00:00:00+00:00,2015-11-15 00:00:00+00:00,2015,0.0,0.0,0.0,867.0999999999999,23.0,8.0,0.34782608695652173
player::ziriguidun,team::kabumesports,Ziriguidun,KaBuM! Esports,KaBuM! Orange,KaBuM! Orange | KaBuM! Esports,wildcard,CBLOL,867.0999999999999,23,8.0,2015-05-23 00:00:00+00:00,2015-11-15 00:00:00+00:00,2015,0.0,0.0,0.0,867.0999999999999,23.0,8.0,0.34782608695652173
player::lep,team::kabumesports,LEP,KaBuM! Esports,KaBuM! Esports,KaBuM! Orange | KaBuM! Esports,wildcard,CBLOL,808.7666666666667,19,9.0,2016-01-17 00:00:00+00:00,2016-03-19 00:00:00+00:00,2016,0.0,0.0,0.0,808.7666666666667,19.0,9.0,0.47368421052631576
player::matsukaze,team::kabumesports,Matsukaze,KaBuM! Esports,KaBuM! Esports,KaBuM! Orange | KaBuM! Esports,wildcard,CBLOL,1375.3,33,13.0,2016-01-17 00:00:00+00:00,2016-06-18 00:00:00+00:00,2016,0.0,0.0,0.0,1375.3,33.0,13.0,0.3939393939393939
player::minerva,team::kabumesports,Minerva,KaBuM! Esports,KaBuM! Esports,KaBuM! Orange | KaBuM! Esports,wildcard,CBLOL,808.7666666666667,19,9.0,2016-01-17 00:00:00+00:00,2016-03-19 00:00:00+00:00,2016,0.0,0.0,0.0,808.7666666666667,19.0,9.0,0.47368421052631576
player::tinowns,team::kabumesports,tinowns,KaBuM! Esports,KaBuM! Esports,KaBuM! Orange | KaBuM! Esports,wildcard,CBLOL,808.7666666666667,19,9.0,2016-01-17 00:00:00+00:00,2016-03-19 00:00:00+00:00,2016,0.0,0.0,0.0,808.7666666666667,19.0,9.0,0.47368421052631576
player::ziriguidun,team::kabumesports,Ziriguidun,KaBuM! Esports,KaBuM! Esports,KaBuM! Orange | KaBuM! Esports,wildcard,CBLOL,808.7666666666667,19,9.0,2016-01-17 00:00:00+00:00,2016-03-19 00:00:00+00:00,2016,0.0,0.0,0.0,808.7666666666667,19.0,9.0,0.47368421052631576
player::danagorn,team::kabumesports,Danagorn,KaBuM! Esports,KaBuM! Esports,KaBuM! Orange | KaBuM! Esports,wildcard,CBLOL,982.7833333333332,25,7.0,2016-05-20 00:00:00+00:00,2017-03-11 00:00:00+00:00,2016|2017,0.0,0.0,0.0,982.7833333333332,25.0,7.0,0.28
player::vash,team::kabumesports,Vash,KaBuM! Esports,KaBuM! Esports,KaBuM! Orange | KaBuM! Esports,wildcard,CBLOL,986.2333333333332,24,6.0,2016-05-20 00:00:00+00:00,2017-02-19 00:00:00+00:00,2016|2017,0.0,0.0,0.0,986.2333333333332,24.0,6.0,0.25
player::verfix,team::kabumesports,Verfix,KaBuM! Esports,KaBuM! Esports,KaBuM! Orange | KaBuM! Esports,wildcard,CBLOL,566.5333333333333,14,4.0,2016-05-20 00:00:00+00:00,2016-06-18 00:00:00+00:00,2016,0.0,0.0,0.0,566.5333333333333,14.0,4.0,0.2857142857142857
player::zantins,team::kabumesports,Zantins,KaBuM! Esports,KaBuM! Esports,KaBuM! Orange | KaBuM! Esports,wildcard,CBLOL,3126.416666666667,90,46.0,2016-05-20 00:00:00+00:00,2019-03-24 00:00:00+00:00,2016|2017|2018|2019,327.3333333333333,11.0,5.0,3453.75,101.0,51.0,0.5111111111111111
player::zuao,team::kabumesports,Zuao,KaBuM! Esports,KaBuM! Esports,KaBuM! Orange | KaBuM! Esports,wildcard,CBLOL,126.43333333333332,3,0.0,2016-06-11 00:00:00+00:00,2016-06-18 00:00:00+00:00,2016,0.0,0.0,0.0,126.43333333333332,3.0,0.0,0.0
player::verto,team::kabumesports,Verto,KaBuM! Esports,KaBuM! Esports,KaBuM! Orange | KaBuM! Esports,wildcard,CBLOL,85.93333333333334,2,0.0,2016-06-18 00:00:00+00:00,2016-06-18 00:00:00+00:00,2016,0.0,0.0,0.0,85.93333333333334,2.0,0.0,0.0
player::riyev,team::kabumesports,Riyev,KaBuM! Esports,KaBuM! Esports,KaBuM! Orange | KaBuM! Esports,wildcard,CBLOL,2405.5,71,39.0,2017-01-22 00:00:00+00:00,2019-03-24 00:00:00+00:00,2017|2018|2019,327.3333333333333,11.0,5.0,2732.833333333333,82.0,44.0,0.5492957746478874
player::thefoxz,team::kabumesports,TheFoxz,KaBuM! Esports,KaBuM! Esports,KaBuM! Orange | KaBuM! Esports,wildcard,CBLOL,542.6833333333333,14,3.0,2017-01-22 00:00:00+00:00,2017-03-11 00:00:00+00:00,2017,0.0,0.0,0.0,542.6833333333333,14.0,3.0,0.21428571428571427
player::titan,team::kabumesports,Titan,KaBuM! Esports,KaBuM! Esports,KaBuM! Orange | KaBuM! Esports,wildcard,CBLOL,2226.116666666667,68,40.0,2017-03-05 00:00:00+00:00,2019-03-24 00:00:00+00:00,2017|2018|2019,327.3333333333333,11.0,5.0,2553.4500000000003,79.0,45.0,0.5882352941176471
player::dynquedo,team::kabumesports,dyNquedo,KaBuM! Esports,KaBuM! Esports,KaBuM! Orange | KaBuM! Esports,wildcard,CBLOL,2851.65,89,56.0,2018-01-20 00:00:00+00:00,2019-08-25 00:00:00+00:00,2018|2019,327.3333333333333,11.0,5.0,3178.9833333333336,100.0,61.0,0.6292134831460674
player::ranger,team::kabumesports,Ranger,KaBuM! Esports,KaBuM! Esports,KaBuM! Orange | KaBuM! Esports,wildcard,CBLOL,2851.65,89,56.0,2018-01-20 00:00:00+00:00,2019-08-25 00:00:00+00:00,2018|2019,327.3333333333333,11.0,5.0,3178.9833333333336,100.0,61.0,0.6292134831460674
player::wos,team::kabumesports,Wos,KaBuM! Esports,KaBuM! Esports,KaBuM! Orange | KaBuM! Esports,wildcard,CBLOL,240.31666666666663,7,3.0,2018-06-09 00:00:00+00:00,2018-06-24 00:00:00+00:00,2018,0.0,0.0,0.0,240.31666666666663,7.0,3.0,0.42857142857142855
player::ceos,team::kabumesports,Ceos,KaBuM! Esports,KaBuM! Esports,KaBuM! Orange | KaBuM! Esports,wildcard,CBLOL,748.5166666666667,25,17.0,2019-06-01 00:00:00+00:00,2019-08-25 00:00:00+00:00,2019,0.0,0.0,0.0,748.5166666666667,25.0,17.0,0.68
player::dudstheboy,team::kabumesports,DudsTheBoy,KaBuM! Esports,KaBuM! Esports,KaBuM! Orange | KaBuM! Esports,wildcard,CBLOL,663.2833333333333,22,15.0,2019-06-01 00:00:00+00:00,2019-08-25 00:00:00+00:00,2019,0.0,0.0,0.0,663.2833333333333,22.0,15.0,0.6818181818181818
player::wizer,team::kabumesports,Wizer,KaBuM! Esports,KaBuM! Esports,KaBuM! Orange | KaBuM! Esports,wildcard,CBLOL,748.5166666666667,25,17.0,2019-06-01 00:00:00+00:00,2019-08-25 00:00:00+00:00,2019,0.0,0.0,0.0,748.5166666666667,25.0,17.0,0.68
player::disave,team::kabumesports,Disave,KaBuM! Esports,KaBuM! Esports,KaBuM! Orange | KaBuM! Esports,wildcard,CBLOL,85.23333333333333,3,2.0,2019-06-15 00:00:00+00:00,2019-08-04 00:00:00+00:00,2019,0.0,0.0,0.0,85.23333333333333,3.0,2.0,0.6666666666666666
player::bak1ajan,team::kek,bak1ajan,KEK,KEK,KEK,wildcard,LCL,116.25,4,1.0,2019-06-29 00:00:00+00:00,2019-07-24 00:00:00+00:00,2019,0.0,0.0,0.0,116.25,4.0,1.0,0.25
player::moiadterpila,team::kek,MoiAdTerpila,KEK,KEK,KEK,wildcard,LCL,116.25,4,1.0,2019-06-29 00:00:00+00:00,2019-07-24 00:00:00+00:00,2019,0.0,0.0,0.0,116.25,4.0,1.0,0.25
player::panda1,team::kek,Panda1,KEK,KEK,KEK,wildcard,LCL,116.25,4,1.0,2019-06-29 00:00:00+00:00,2019-07-24 00:00:00+00:00,2019,0.0,0.0,0.0,116.25,4.0,1.0,0.25
player::shellkunchik,team::kek,Shellkunchik,KEK,KEK,KEK,wildcard,LCL,116.25,4,1.0,2019-06-29 00:00:00+00:00,2019-07-24 00:00:00+00:00,2019,0.0,0.0,0.0,116.25,4.0,1.0,0.25
player::shlyapojor,team::kek,Shlyapojor,KEK,KEK,KEK,wildcard,LCL,116.25,4,1.0,2019-06-29 00:00:00+00:00,2019-07-24 00:00:00+00:00,2019,0.0,0.0,0.0,116.25,4.0,1.0,0.25
player::daydream,team::keydstars,DayDream,Keyd Stars,Keyd Stars,Keyd Stars,wildcard,CBLOL,728.4666666666667,21,15.0,2015-01-17 00:00:00+00:00,2015-04-18 00:00:00+00:00,2015,0.0,0.0,0.0,728.4666666666667,21.0,15.0,0.7142857142857143
player::emperor-kim-jin-hyun,team::keydstars,Emperor (Kim Jin-hyun),Keyd Stars,Keyd Stars,Keyd Stars,wildcard,CBLOL,728.4666666666667,21,15.0,2015-01-17 00:00:00+00:00,2015-04-18 00:00:00+00:00,2015,0.0,0.0,0.0,728.4666666666667,21.0,15.0,0.7142857142857143
player::loop-caio-almeida,team::keydstars,Loop (Caio Almeida),Keyd Stars,Keyd Stars,Keyd Stars,wildcard,CBLOL,1476.45,41,29.0,2015-01-17 00:00:00+00:00,2015-07-25 00:00:00+00:00,2015,0.0,0.0,0.0,1476.45,41.0,29.0,0.7073170731707317
player::mylon,team::keydstars,Mylon,Keyd Stars,Keyd Stars,Keyd Stars,wildcard,CBLOL,728.4666666666667,21,15.0,2015-01-17 00:00:00+00:00,2015-04-18 00:00:00+00:00,2015,0.0,0.0,0.0,728.4666666666667,21.0,15.0,0.7142857142857143
player::takeshi,team::keydstars,takeshi,Keyd Stars,Keyd Stars,Keyd Stars,wildcard,CBLOL,4520.933333333333,119,72.0,2015-01-17 00:00:00+00:00,2017-07-23 00:00:00+00:00,2015|2016|2017,0.0,0.0,0.0,4520.933333333333,119.0,72.0,0.6050420168067226
player::esa,team::keydstars,esA,Keyd Stars,Keyd Stars,Keyd Stars,wildcard,CBLOL,3761.033333333333,97,57.0,2015-05-23 00:00:00+00:00,2017-07-23 00:00:00+00:00,2015|2016|2017,0.0,0.0,0.0,3761.033333333333,97.0,57.0,0.5876288659793815
player::leko,team::keydstars,Leko,Keyd Stars,Keyd Stars,Keyd Stars,wildcard,CBLOL,747.9833333333333,20,14.0,2015-05-23 00:00:00+00:00,2015-07-25 00:00:00+00:00,2015,0.0,0.0,0.0,747.9833333333333,20.0,14.0,0.7
player::revolta,team::keydstars,Revolta,Keyd Stars,Keyd Stars,Keyd Stars,wildcard,CBLOL,2165.6,55,32.0,2015-05-23 00:00:00+00:00,2017-07-23 00:00:00+00:00,2015|2017,0.0,0.0,0.0,2165.6,55.0,32.0,0.5818181818181818
player::baiano,team::keydstars,Baiano,Keyd Stars,Keyd Stars,Keyd Stars,wildcard,CBLOL,1334.1999999999998,35,20.0,2015-11-12 00:00:00+00:00,2016-06-25 00:00:00+00:00,2015|2016,0.0,0.0,0.0,1334.1999999999998,35.0,20.0,0.5714285714285714
player::robo,team::keydstars,Robo,Keyd Stars,Keyd Stars,Keyd Stars,wildcard,CBLOL,1626.8666666666668,43,25.0,2015-11-12 00:00:00+00:00,2016-06-25 00:00:00+00:00,2015|2016,0.0,0.0,0.0,1626.8666666666668,43.0,25.0,0.5813953488372093
player::turtle-gabriel-peixoto,team::keydstars,Turtle (Gabriel Peixoto),Keyd Stars,Keyd Stars,Keyd Stars,wildcard,CBLOL,950.2166666666668,25,16.0,2015-11-12 00:00:00+00:00,2016-04-02 00:00:00+00:00,2015|2016,0.0,0.0,0.0,950.2166666666668,25.0,16.0,0.64
player::verfix,team::keydstars,Verfix,Keyd Stars,Keyd Stars,Keyd Stars,wildcard,CBLOL,292.6666666666667,8,5.0,2016-02-14 00:00:00+00:00,2016-02-27 00:00:00+00:00,2016,0.0,0.0,0.0,292.6666666666667,8.0,5.0,0.625
player::nappon,team::keydstars,Nappon,Keyd Stars,Keyd Stars,Keyd Stars,wildcard,CBLOL,676.65,18,9.0,2016-05-19 00:00:00+00:00,2016-06-25 00:00:00+00:00,2016,0.0,0.0,0.0,676.65,18.0,9.0,0.5
player::yang-felipe-zhao,team::keydstars,Yang (Felipe Zhao),Keyd Stars,Keyd Stars,Keyd Stars,wildcard,CBLOL,1417.6166666666666,35,18.0,2017-01-21 00:00:00+00:00,2017-07-23 00:00:00+00:00,2017,0.0,0.0,0.0,1417.6166666666666,35.0,18.0,0.5142857142857142
player::ziriguidun,team::keydstars,Ziriguidun,Keyd Stars,Keyd Stars,Keyd Stars,wildcard,CBLOL,1069.3666666666668,26,11.0,2017-01-21 00:00:00+00:00,2017-07-23 00:00:00+00:00,2017,0.0,0.0,0.0,1069.3666666666668,26.0,11.0,0.4230769230769231
player::juzinho,team::keydstars,Juzinho,Keyd Stars,Keyd Stars,Keyd Stars,wildcard,CBLOL,379.6833333333333,10,7.0,2017-06-10 00:00:00+00:00,2017-07-15 00:00:00+00:00,2017,0.0,0.0,0.0,379.6833333333333,10.0,7.0,0.7
player::chaser,team::kingzonedragonx,Chaser,Kingzone DragonX,Longzhu Gaming,Longzhu Gaming | Kingzone DragonX,major,LCK,2210.0333333333333,55,20.0,2016-01-14 00:00:00+00:00,2016-07-08 00:00:00+00:00,2016,0.0,0.0,0.0,2210.0333333333333,55.0,20.0,0.36363636363636365
player::coco,team::kingzonedragonx,Coco,Kingzone DragonX,Longzhu Gaming,Longzhu Gaming | Kingzone DragonX,major,LCK,2311.233333333333,57,21.0,2016-01-14 00:00:00+00:00,2016-07-08 00:00:00+00:00,2016,0.0,0.0,0.0,2311.233333333333,57.0,21.0,0.3684210526315789
player::cpt-jack,team::kingzonedragonx,Cpt Jack,Kingzone DragonX,Longzhu Gaming,Longzhu Gaming | Kingzone DragonX,major,LCK,1076.6,28,17.0,2016-01-14 00:00:00+00:00,2016-04-09 00:00:00+00:00,2016,0.0,0.0,0.0,1076.6,28.0,17.0,0.6071428571428571
player::expession,team::kingzonedragonx,Expession,Kingzone DragonX,Longzhu Gaming,Longzhu Gaming | Kingzone DragonX,major,LCK,4344.733333333334,112,49.0,2016-01-14 00:00:00+00:00,2017-04-02 00:00:00+00:00,2016|2017,0.0,0.0,0.0,4344.733333333334,112.0,49.0,0.4375
player::pure,team::kingzonedragonx,Pure,Kingzone DragonX,Longzhu Gaming,Longzhu Gaming | Kingzone DragonX,major,LCK,3199.7666666666664,80,35.0,2016-01-14 00:00:00+00:00,2016-08-05 00:00:00+00:00,2016,0.0,0.0,0.0,3199.7666666666664,80.0,35.0,0.4375
player::flame,team::kingzonedragonx,Flame,Kingzone DragonX,Longzhu Gaming,Longzhu Gaming | Kingzone DragonX,major,LCK,668.5333333333333,17,8.0,2016-01-23 00:00:00+00:00,2016-03-24 00:00:00+00:00,2016,0.0,0.0,0.0,668.5333333333333,17.0,8.0,0.47058823529411764
player::crash,team::kingzonedragonx,Crash,Kingzone DragonX,Longzhu Gaming,Longzhu Gaming | Kingzone DragonX,major,LCK,2803.233333333333,74,37.0,2016-01-29 00:00:00+00:00,2017-04-02 00:00:00+00:00,2016|2017,0.0,0.0,0.0,2803.233333333333,74.0,37.0,0.5
player::frozen-kim-tae-il,team::kingzonedragonx,Frozen (Kim Tae-il),Kingzone DragonX,Longzhu Gaming,Longzhu Gaming | Kingzone DragonX,major,LCK,1017.3166666666666,27,16.0,2016-02-03 00:00:00+00:00,2016-08-05 00:00:00+00:00,2016,0.0,0.0,0.0,1017.3166666666666,27.0,16.0,0.5925925925925926
player::fury-lee-jin-yong,team::kingzonedragonx,Fury (Lee Jin-yong),Kingzone DragonX,Longzhu Gaming,Longzhu Gaming | Kingzone DragonX,major,LCK,1926.5333333333333,48,18.0,2016-03-03 00:00:00+00:00,2016-08-05 00:00:00+00:00,2016,0.0,0.0,0.0,1926.5333333333333,48.0,18.0,0.375
player::zzus,team::kingzonedragonx,Zzus,Kingzone DragonX,Longzhu Gaming,Longzhu Gaming | Kingzone DragonX,major,LCK,128.78333333333333,4,2.0,2016-03-09 00:00:00+00:00,2016-03-24 00:00:00+00:00,2016,0.0,0.0,0.0,128.78333333333333,4.0,2.0,0.5
player::emperor-kim-jin-hyun,team::kingzonedragonx,Emperor (Kim Jin-hyun),Kingzone DragonX,Longzhu Gaming,Longzhu Gaming | Kingzone DragonX,major,LCK,325.4166666666667,8,2.0,2016-05-28 00:00:00+00:00,2016-06-07 00:00:00+00:00,2016,0.0,0.0,0.0,325.4166666666667,8.0,2.0,0.25
player::fly-song-yong-jun,team::kingzonedragonx,Fly (Song Yong-jun),Kingzone DragonX,Longzhu Gaming,Longzhu Gaming | Kingzone DragonX,major,LCK,1684.7166666666667,45,20.0,2017-01-17 00:00:00+00:00,2017-04-02 00:00:00+00:00,2017,0.0,0.0,0.0,1684.7166666666667,45.0,20.0,0.4444444444444444
player::gorilla,team::kingzonedragonx,GorillA,Kingzone DragonX,Longzhu Gaming,Longzhu Gaming | Kingzone DragonX,major,LCK,3383.0666666666666,93,54.0,2017-01-17 00:00:00+00:00,2017-08-26 00:00:00+00:00,2017,313.96666666666664,9.0,6.0,3697.033333333333,102.0,60.0,0.5806451612903226
player::pray,team::kingzonedragonx,PraY,Kingzone DragonX,Longzhu Gaming,Longzhu Gaming | Kingzone DragonX,major,LCK,3383.0666666666666,93,54.0,2017-01-17 00:00:00+00:00,2017-08-26 00:00:00+00:00,2017,313.96666666666664,9.0,6.0,3697.033333333333,102.0,60.0,0.5806451612903226
player::bdd,team::kingzonedragonx,Bdd,Kingzone DragonX,Longzhu Gaming,Longzhu Gaming | Kingzone DragonX,major,LCK,1698.35,48,34.0,2017-05-30 00:00:00+00:00,2017-08-26 00:00:00+00:00,2017,313.96666666666664,9.0,6.0,2012.3166666666664,57.0,40.0,0.7083333333333334
player::cuzz,team::kingzonedragonx,Cuzz,Kingzone DragonX,Longzhu Gaming,Longzhu Gaming | Kingzone DragonX,major,LCK,1698.35,48,34.0,2017-05-30 00:00:00+00:00,2017-08-26 00:00:00+00:00,2017,313.96666666666664,9.0,6.0,2012.3166666666664,57.0,40.0,0.7083333333333334
player::khan,team::kingzonedragonx,Khan,Kingzone DragonX,Longzhu Gaming,Longzhu Gaming | Kingzone DragonX,major,LCK,1666.1166666666666,47,34.0,2017-05-30 00:00:00+00:00,2017-08-26 00:00:00+00:00,2017,262.9833333333333,8.0,5.0,1929.1,55.0,39.0,0.723404255319149
player::rascal,team::kingzonedragonx,Rascal,Kingzone DragonX,Longzhu Gaming,Longzhu Gaming | Kingzone DragonX,major,LCK,32.233333333333334,1,0.0,2017-06-10 00:00:00+00:00,2017-06-10 00:00:00+00:00,2017,50.98333333333333,1.0,1.0,83.21666666666667,2.0,1.0,0.0
player::bdd,team::kingzonedragonx,Bdd,Kingzone DragonX,Kingzone DragonX,Longzhu Gaming | Kingzone DragonX,major,LCK,3313.95,94,65.0,2018-01-16 00:00:00+00:00,2018-09-16 00:00:00+00:00,2018,602.65,18.0,10.0,3916.6,112.0,75.0,0.6914893617021277
player::gorilla,team::kingzonedragonx,GorillA,Kingzone DragonX,Kingzone DragonX,Longzhu Gaming | Kingzone DragonX,major,LCK,3313.95,94,65.0,2018-01-16 00:00:00+00:00,2018-09-16 00:00:00+00:00,2018,602.65,18.0,10.0,3916.6,112.0,75.0,0.6914893617021277
player::peanut,team::kingzonedragonx,Peanut,Kingzone DragonX,Kingzone DragonX,Longzhu Gaming | Kingzone DragonX,major,LCK,2681.733333333333,75,54.0,2018-01-16 00:00:00+00:00,2018-09-16 00:00:00+00:00,2018,515.0166666666667,15.0,8.0,3196.7499999999995,90.0,62.0,0.72
player::pray,team::kingzonedragonx,PraY,Kingzone DragonX,Kingzone DragonX,Longzhu Gaming | Kingzone DragonX,major,LCK,3313.95,94,65.0,2018-01-16 00:00:00+00:00,2018-09-16 00:00:00+00:00,2018,602.65,18.0,10.0,3916.6,112.0,75.0,0.6914893617021277
player::rascal,team::kingzonedragonx,Rascal,Kingzone DragonX,Kingzone DragonX,Longzhu Gaming | Kingzone DragonX,major,LCK,3896.249999999999,115,68.0,2018-01-16 00:00:00+00:00,2019-09-07 00:00:00+00:00,2018|2019,0.0,0.0,0.0,3896.249999999999,115.0,68.0,0.591304347826087
player::khan,team::kingzonedragonx,Khan,Kingzone DragonX,Kingzone DragonX,Longzhu Gaming | Kingzone DragonX,major,LCK,2904.083333333333,83,58.0,2018-01-22 00:00:00+00:00,2018-09-16 00:00:00+00:00,2018,602.65,18.0,10.0,3506.733333333333,101.0,68.0,0.6987951807228916
player::cuzz,team::kingzonedragonx,Cuzz,Kingzone DragonX,Kingzone DragonX,Longzhu Gaming | Kingzone DragonX,major,LCK,4118.599999999999,123,72.0,2018-01-23 00:00:00+00:00,2019-09-07 00:00:00+00:00,2018|2019,87.63333333333333,3.0,2.0,4206.233333333333,126.0,74.0,0.5853658536585366
player::deft,team::kingzonedragonx,Deft,Kingzone DragonX,Kingzone DragonX,Longzhu Gaming | Kingzone DragonX,major,LCK,3486.383333333333,104,61.0,2019-01-17 00:00:00+00:00,2019-09-07 00:00:00+00:00,2019,0.0,0.0,0.0,3486.383333333333,104.0,61.0,0.5865384615384616
player::pawn,team::kingzonedragonx,PawN,Kingzone DragonX,Kingzone DragonX,Longzhu Gaming | Kingzone DragonX,major,LCK,1419.25,42,29.0,2019-01-17 00:00:00+00:00,2019-04-07 00:00:00+00:00,2019,0.0,0.0,0.0,1419.25,42.0,29.0,0.6904761904761905
player::tusin,team::kingzonedragonx,TusiN,Kingzone DragonX,Kingzone DragonX,Longzhu Gaming | Kingzone DragonX,major,LCK,3486.383333333333,104,61.0,2019-01-17 00:00:00+00:00,2019-09-07 00:00:00+00:00,2019,0.0,0.0,0.0,3486.383333333333,104.0,61.0,0.5865384615384616
player::naehyun,team::kingzonedragonx,Naehyun,Kingzone DragonX,Kingzone DragonX,Longzhu Gaming | Kingzone DragonX,major,LCK,2067.133333333333,62,32.0,2019-01-20 00:00:00+00:00,2019-09-07 00:00:00+00:00,2019,0.0,0.0,0.0,2067.133333333333,62.0,32.0,0.5161290322580645
player::crush,team::kongdoomonster,Crush,Kongdoo Monster,Kongdoo Monster,Kongdoo Monster,major,LCK,1622.2166666666667,43,8.0,2016-01-14 00:00:00+00:00,2016-04-09 00:00:00+00:00,2016,0.0,0.0,0.0,1622.2166666666667,43.0,8.0,0.18604651162790697
player::edge,team::kongdoomonster,Edge,Kongdoo Monster,Kongdoo Monster,Kongdoo Monster,major,LCK,4830.066666666667,129,29.0,2016-01-14 00:00:00+00:00,2018-03-25 00:00:00+00:00,2016|2017|2018,0.0,0.0,0.0,4830.066666666667,129.0,29.0,0.2248062015503876
player::guger,team::kongdoomonster,GuGer,Kongdoo Monster,Kongdoo Monster,Kongdoo Monster,major,LCK,3188.166666666667,84,19.0,2016-01-14 00:00:00+00:00,2017-03-30 00:00:00+00:00,2016|2017,0.0,0.0,0.0,3188.166666666667,84.0,19.0,0.2261904761904762
player::hipo,team::kongdoomonster,Hipo,Kongdoo Monster,Kongdoo Monster,Kongdoo Monster,major,LCK,1392.8666666666666,36,7.0,2016-01-14 00:00:00+00:00,2016-04-09 00:00:00+00:00,2016,0.0,0.0,0.0,1392.8666666666666,36.0,7.0,0.19444444444444445
player::ssol,team::kongdoomonster,SSol,Kongdoo Monster,Kongdoo Monster,Kongdoo Monster,major,LCK,4830.066666666667,129,29.0,2016-01-14 00:00:00+00:00,2018-03-25 00:00:00+00:00,2016|2017|2018,0.0,0.0,0.0,4830.066666666667,129.0,29.0,0.2248062015503876
player::roach,team::kongdoomonster,Roach,Kongdoo Monster,Kongdoo Monster,Kongdoo Monster,major,LCK,3437.2,93,22.0,2016-02-05 00:00:00+00:00,2018-03-25 00:00:00+00:00,2016|2017|2018,0.0,0.0,0.0,3437.2,93.0,22.0,0.23655913978494625
player::punch,team::kongdoomonster,Punch,Kongdoo Monster,Kongdoo Monster,Kongdoo Monster,major,LCK,1698.2166666666667,45,12.0,2017-01-19 00:00:00+00:00,2017-03-30 00:00:00+00:00,2017,0.0,0.0,0.0,1698.2166666666667,45.0,12.0,0.26666666666666666
player::secret-park-ki-sun,team::kongdoomonster,Secret (Park Ki-sun),Kongdoo Monster,Kongdoo Monster,Kongdoo Monster,major,LCK,1641.8999999999996,45,10.0,2017-03-05 00:00:00+00:00,2018-03-25 00:00:00+00:00,2017|2018,0.0,0.0,0.0,1641.8999999999996,45.0,10.0,0.2222222222222222
player::raise,team::kongdoomonster,Raise,Kongdoo Monster,Kongdoo Monster,Kongdoo Monster,major,LCK,1223.8833333333332,33,9.0,2018-01-16 00:00:00+00:00,2018-03-25 00:00:00+00:00,2018,0.0,0.0,0.0,1223.8833333333332,33.0,9.0,0.2727272727272727
player::u-jun,team::kongdoomonster,U Jun,Kongdoo Monster,Kongdoo Monster,Kongdoo Monster,major,LCK,285.75,8,0.0,2018-01-24 00:00:00+00:00,2018-03-18 00:00:00+00:00,2018,0.0,0.0,0.0,285.75,8.0,0.0,0.0
player::arrow,team::kt,Arrow,KT,KT,KT,major,LCK,7393.016666666666,192,113.0,2015-01-10 00:00:00+00:00,2016-09-03 00:00:00+00:00,2015|2016,385.4333333333333,10.0,6.0,7778.45,202.0,119.0,0.5885416666666666
player::hachani,team::kt,Hachani,KT,KT,KT,major,LCK,4665.2,121,71.0,2015-01-10 00:00:00+00:00,2016-09-03 00:00:00+00:00,2015|2016,0.0,0.0,0.0,4665.2,121.0,71.0,0.5867768595041323
player::nagne,team::kt,Nagne,KT,KT,KT,major,LCK,2930.833333333333,76,41.0,2015-01-10 00:00:00+00:00,2015-08-29 00:00:00+00:00,2015,385.4333333333333,10.0,6.0,3316.266666666667,86.0,47.0,0.5394736842105263
player::score,team::kt,Score,KT,KT,KT,major,LCK,16701.15,450,260.0,2015-01-10 00:00:00+00:00,2019-08-17 00:00:00+00:00,2015|2016|2017|2018|2019,743.1999999999999,21.0,13.0,17444.350000000002,471.0,273.0,0.5777777777777777
player::ssumday,team::kt,Ssumday,KT,KT,KT,major,LCK,7393.016666666666,192,113.0,2015-01-10 00:00:00+00:00,2016-09-03 00:00:00+00:00,2015|2016,385.4333333333333,10.0,6.0,7778.45,202.0,119.0,0.5885416666666666
player::fixer,team::kt,Fixer,KT,KT,KT,major,LCK,1409.4666666666667,37,20.0,2015-02-28 00:00:00+00:00,2015-06-27 00:00:00+00:00,2015,0.0,0.0,0.0,1409.4666666666667,37.0,20.0,0.5405405405405406
player::edge,team::kt,Edge,KT,KT,KT,major,LCK,300.91666666666663,8,4.0,2015-06-19 00:00:00+00:00,2015-07-10 00:00:00+00:00,2015,0.0,0.0,0.0,300.91666666666663,8.0,4.0,0.5
player::piccaboo,team::kt,Piccaboo,KT,KT,KT,major,LCK,1201.95,31,20.0,2015-07-02 00:00:00+00:00,2015-08-29 00:00:00+00:00,2015,385.4333333333333,10.0,6.0,1587.3833333333334,41.0,26.0,0.6451612903225806
player::fly-song-yong-jun,team::kt,Fly (Song Yong-jun),KT,KT,KT,major,LCK,4161.266666666666,108,68.0,2016-01-13 00:00:00+00:00,2016-09-03 00:00:00+00:00,2016,0.0,0.0,0.0,4161.266666666666,108.0,68.0,0.6296296296296297
player::ignar,team::kt,IgNar,KT,KT,KT,major,LCK,116.4,3,2.0,2016-02-03 00:00:00+00:00,2016-02-17 00:00:00+00:00,2016,0.0,0.0,0.0,116.4,3.0,2.0,0.6666666666666666
player::deft,team::kt,Deft,KT,KT,KT,major,LCK,7538.733333333334,207,132.0,2017-01-17 00:00:00+00:00,2018-09-08 00:00:00+00:00,2017|2018,357.76666666666665,11.0,7.0,7896.5,218.0,139.0,0.6376811594202898
player::mata,team::kt,Mata,KT,KT,KT,major,LCK,7538.733333333334,207,132.0,2017-01-17 00:00:00+00:00,2018-09-08 00:00:00+00:00,2017|2018,357.76666666666665,11.0,7.0,7896.5,218.0,139.0,0.6376811594202898
player::pawn,team::kt,PawN,KT,KT,KT,major,LCK,5161.3,140,87.0,2017-01-17 00:00:00+00:00,2018-08-02 00:00:00+00:00,2017|2018,0.0,0.0,0.0,5161.3,140.0,87.0,0.6214285714285714
player::smeb,team::kt,Smeb,KT,KT,KT,major,LCK,9163.883333333331,255,144.0,2017-01-17 00:00:00+00:00,2019-07-27 00:00:00+00:00,2017|2018|2019,357.76666666666665,11.0,7.0,9521.65,266.0,151.0,0.5647058823529412
player::ucal,team::kt,Ucal,KT,KT,KT,major,LCK,2377.4333333333334,67,45.0,2018-03-01 00:00:00+00:00,2018-09-08 00:00:00+00:00,2018,357.76666666666665,11.0,7.0,2735.2,78.0,52.0,0.6716417910447762
player::rush,team::kt,Rush,KT,KT,KT,major,LCK,403.4333333333333,12,7.0,2018-03-25 00:00:00+00:00,2018-06-21 00:00:00+00:00,2018,0.0,0.0,0.0,403.4333333333333,12.0,7.0,0.5833333333333334
player::kingen,team::kt,Kingen,KT,KT,KT,major,LCK,1361.6666666666667,38,17.0,2018-07-19 00:00:00+00:00,2019-08-17 00:00:00+00:00,2018|2019,0.0,0.0,0.0,1361.6666666666667,38.0,17.0,0.4473684210526316
player::bdd,team::kt,Bdd,KT,KT,KT,major,LCK,2986.8166666666666,86,29.0,2019-01-17 00:00:00+00:00,2019-08-17 00:00:00+00:00,2019,0.0,0.0,0.0,2986.8166666666666,86.0,29.0,0.3372093023255814
player::snowflower,team::kt,SnowFlower,KT,KT,KT,major,LCK,2986.8166666666666,86,29.0,2019-01-17 00:00:00+00:00,2019-08-17 00:00:00+00:00,2019,0.0,0.0,0.0,2986.8166666666666,86.0,29.0,0.3372093023255814
player::zenit,team::kt,Zenit,KT,KT,KT,major,LCK,901.65,26,9.0,2019-01-17 00:00:00+00:00,2019-03-21 00:00:00+00:00,2019,0.0,0.0,0.0,901.65,26.0,9.0,0.34615384615384615
player::gango,team::kt,Gango,KT,KT,KT,major,LCK,567.0166666666667,16,4.0,2019-01-18 00:00:00+00:00,2019-03-31 00:00:00+00:00,2019,0.0,0.0,0.0,567.0166666666667,16.0,4.0,0.25
player::umti,team::kt,UmTi,KT,KT,KT,major,LCK,813.9833333333333,23,7.0,2019-01-31 00:00:00+00:00,2019-07-12 00:00:00+00:00,2019,0.0,0.0,0.0,813.9833333333333,23.0,7.0,0.30434782608695654
player::pray,team::kt,PraY,KT,KT,KT,major,LCK,1518.15,44,16.0,2019-06-05 00:00:00+00:00,2019-08-17 00:00:00+00:00,2019,0.0,0.0,0.0,1518.15,44.0,16.0,0.36363636363636365
player::carbon,team::legacyesports,Carbon,Legacy Esports,Legacy Esports,Legacy Esports,wildcard,OPL,5504.45,160,106.0,2015-02-05 00:00:00+00:00,2017-08-27 00:00:00+00:00,2015|2016|2017,0.0,0.0,0.0,5504.45,160.0,106.0,0.6625
player::cardrid,team::legacyesports,Cardrid,Legacy Esports,Legacy Esports,Legacy Esports,wildcard,OPL,546.1833333333333,15,8.0,2015-02-05 00:00:00+00:00,2016-04-05 00:00:00+00:00,2015|2016,0.0,0.0,0.0,546.1833333333333,15.0,8.0,0.5333333333333333
player::chuchuz,team::legacyesports,ChuChuZ,Legacy Esports,Legacy Esports,Legacy Esports,wildcard,OPL,3431.0333333333333,99,65.0,2015-02-05 00:00:00+00:00,2017-03-18 00:00:00+00:00,2015|2016|2017,0.0,0.0,0.0,3431.0333333333333,99.0,65.0,0.6565656565656566
player::egym,team::legacyesports,EGym,Legacy Esports,Legacy Esports,Legacy Esports,wildcard,OPL,662.3166666666666,18,10.0,2015-02-05 00:00:00+00:00,2015-04-01 00:00:00+00:00,2015,0.0,0.0,0.0,662.3166666666666,18.0,10.0,0.5555555555555556
player::tallywhacka,team::legacyesports,Tallywhacka,Legacy Esports,Legacy Esports,Legacy Esports,wildcard,OPL,1461.1166666666668,40,24.0,2015-02-05 00:00:00+00:00,2015-08-08 00:00:00+00:00,2015,0.0,0.0,0.0,1461.1166666666668,40.0,24.0,0.6
player::minkywhale,team::legacyesports,Minkywhale,Legacy Esports,Legacy Esports,Legacy Esports,wildcard,OPL,1382.7333333333331,38,24.0,2015-03-23 00:00:00+00:00,2016-06-21 00:00:00+00:00,2015|2016,0.0,0.0,0.0,1382.7333333333331,38.0,24.0,0.631578947368421
player::flyingjoo,team::legacyesports,flyingJoo,Legacy Esports,Legacy Esports,Legacy Esports,wildcard,OPL,658.2333333333332,18,13.0,2015-05-25 00:00:00+00:00,2015-07-23 00:00:00+00:00,2015,0.0,0.0,0.0,658.2333333333332,18.0,13.0,0.7222222222222222
player::claire,team::legacyesports,Claire,Legacy Esports,Legacy Esports,Legacy Esports,wildcard,OPL,4680.333333333333,138,80.0,2015-06-01 00:00:00+00:00,2018-08-26 00:00:00+00:00,2015|2017|2018,0.0,0.0,0.0,4680.333333333333,138.0,80.0,0.5797101449275363
player::impaired,team::legacyesports,Impaired,Legacy Esports,Legacy Esports,Legacy Esports,wildcard,OPL,29.566666666666663,1,1.0,2015-07-06 00:00:00+00:00,2015-07-06 00:00:00+00:00,2015,0.0,0.0,0.0,29.566666666666663,1.0,1.0,1.0
player::k1ng,team::legacyesports,k1ng,Legacy Esports,Legacy Esports,Legacy Esports,wildcard,OPL,1919.3833333333332,57,43.0,2016-01-19 00:00:00+00:00,2016-08-13 00:00:00+00:00,2016,0.0,0.0,0.0,1919.3833333333332,57.0,43.0,0.7543859649122807
player::straawbella,team::legacyesports,Straawbella,Legacy Esports,Legacy Esports,Legacy Esports,wildcard,OPL,74.4,2,2.0,2016-01-19 00:00:00+00:00,2016-01-19 00:00:00+00:00,2016,0.0,0.0,0.0,74.4,2.0,2.0,1.0
player::tally,team::legacyesports,Tally,Legacy Esports,Legacy Esports,Legacy Esports,wildcard,OPL,3727.1333333333328,112,78.0,2016-01-19 00:00:00+00:00,2017-08-27 00:00:00+00:00,2016|2017,0.0,0.0,0.0,3727.1333333333328,112.0,78.0,0.6964285714285714
player::regret9,team::legacyesports,Regret9,Legacy Esports,Legacy Esports,Legacy Esports,wildcard,OPL,880.2166666666666,28,22.0,2016-01-26 00:00:00+00:00,2016-04-05 00:00:00+00:00,2016,0.0,0.0,0.0,880.2166666666666,28.0,22.0,0.7857142857142857
player::cuden,team::legacyesports,Cuden,Legacy Esports,Legacy Esports,Legacy Esports,wildcard,OPL,1072.7666666666669,30,19.0,2016-05-30 00:00:00+00:00,2016-08-13 00:00:00+00:00,2016,0.0,0.0,0.0,1072.7666666666669,30.0,19.0,0.6333333333333333
player::kulo,team::legacyesports,Kulo,Legacy Esports,Legacy Esports,Legacy Esports,wildcard,OPL,115.2,3,1.0,2016-06-14 00:00:00+00:00,2016-06-14 00:00:00+00:00,2016,0.0,0.0,0.0,115.2,3.0,1.0,0.3333333333333333
player::cupcake,team::legacyesports,Cupcake,Legacy Esports,Legacy Esports,Legacy Esports,wildcard,OPL,1980.9,59,38.0,2017-01-22 00:00:00+00:00,2017-08-27 00:00:00+00:00,2017,0.0,0.0,0.0,1980.9,59.0,38.0,0.6440677966101694
player::lost-lawrence-hui,team::legacyesports,Lost (Lawrence Hui),Legacy Esports,Legacy Esports,Legacy Esports,wildcard,OPL,1980.9,59,38.0,2017-01-22 00:00:00+00:00,2017-08-27 00:00:00+00:00,2017,0.0,0.0,0.0,1980.9,59.0,38.0,0.6440677966101694
player::ceres,team::legacyesports,Ceres,Legacy Esports,Legacy Esports,Legacy Esports,wildcard,OPL,138.43333333333334,4,4.0,2018-01-20 00:00:00+00:00,2018-01-27 00:00:00+00:00,2018,0.0,0.0,0.0,138.43333333333334,4.0,4.0,1.0
player::decoy,team::legacyesports,Decoy,Legacy Esports,Legacy Esports,Legacy Esports,wildcard,OPL,2436.7833333333333,72,37.0,2018-01-20 00:00:00+00:00,2018-08-26 00:00:00+00:00,2018,0.0,0.0,0.0,2436.7833333333333,72.0,37.0,0.5138888888888888
player::raid,team::legacyesports,Raid,Legacy Esports,Legacy Esports,Legacy Esports,wildcard,OPL,2436.7833333333333,72,37.0,2018-01-20 00:00:00+00:00,2018-08-26 00:00:00+00:00,2018,0.0,0.0,0.0,2436.7833333333333,72.0,37.0,0.5138888888888888
player::sybol,team::legacyesports,Sybol,Legacy Esports,Legacy Esports,Legacy Esports,wildcard,OPL,1310.55,38,20.0,2018-01-20 00:00:00+00:00,2018-03-25 00:00:00+00:00,2018,0.0,0.0,0.0,1310.55,38.0,20.0,0.5263157894736842
player::mimic-min-ju-seong,team::legacyesports,Mimic (Min Ju-seong),Legacy Esports,Legacy Esports,Legacy Esports,wildcard,OPL,2298.35,68,33.0,2018-02-03 00:00:00+00:00,2018-08-26 00:00:00+00:00,2018,0.0,0.0,0.0,2298.35,68.0,33.0,0.4852941176470588
player::only-jordan-middleton,team::legacyesports,Only (Jordan Middleton),Legacy Esports,Legacy Esports,Legacy Esports,wildcard,OPL,1126.2333333333331,34,17.0,2018-06-08 00:00:00+00:00,2018-08-26 00:00:00+00:00,2018,0.0,0.0,0.0,1126.2333333333331,34.0,17.0,0.5
player::chazz,team::legacyesports,Chazz,Legacy Esports,Legacy Esports,Legacy Esports,wildcard,OPL,1285.35,42,6.0,2019-01-18 00:00:00+00:00,2019-08-17 00:00:00+00:00,2019,0.0,0.0,0.0,1285.35,42.0,6.0,0.14285714285714285
player::crayzee,team::legacyesports,Crayzee,Legacy Esports,Legacy Esports,Legacy Esports,wildcard,OPL,1148.5166666666669,37,6.0,2019-01-18 00:00:00+00:00,2019-08-03 00:00:00+00:00,2019,0.0,0.0,0.0,1148.5166666666669,37.0,6.0,0.16216216216216217
player::guts-eldin-skenderovic,team::legacyesports,Guts (Eldin Skenderović),Legacy Esports,Legacy Esports,Legacy Esports,wildcard,OPL,1285.35,42,6.0,2019-01-18 00:00:00+00:00,2019-08-17 00:00:00+00:00,2019,0.0,0.0,0.0,1285.35,42.0,6.0,0.14285714285714285
player::papryze,team::legacyesports,Papryze,Legacy Esports,Legacy Esports,Legacy Esports,wildcard,OPL,1285.35,42,6.0,2019-01-18 00:00:00+00:00,2019-08-17 00:00:00+00:00,2019,0.0,0.0,0.0,1285.35,42.0,6.0,0.14285714285714285
player::praedyth,team::legacyesports,Praedyth,Legacy Esports,Legacy Esports,Legacy Esports,wildcard,OPL,1285.35,42,6.0,2019-01-18 00:00:00+00:00,2019-08-17 00:00:00+00:00,2019,0.0,0.0,0.0,1285.35,42.0,6.0,0.14285714285714285
player::api,team::legacyesports,Api,Legacy Esports,Legacy Esports,Legacy Esports,wildcard,OPL,136.83333333333334,5,0.0,2019-08-09 00:00:00+00:00,2019-08-17 00:00:00+00:00,2019,0.0,0.0,0.0,136.83333333333334,5.0,0.0,0.0
player::acorn,team::lgdgaming,Acorn,LGD Gaming,LGD Gaming,LGD Gaming,major,LPL,2953.45,80,50.0,2015-01-16 00:00:00+00:00,2016-01-31 00:00:00+00:00,2015|2016,109.43333333333332,3.0,0.0,3062.883333333333,83.0,50.0,0.625
player::flame,team::lgdgaming,Flame,LGD Gaming,LGD Gaming,LGD Gaming,major,LPL,1256.2166666666667,36,19.0,2015-01-16 00:00:00+00:00,2015-08-13 00:00:00+00:00,2015,116.5,3.0,2.0,1372.7166666666667,39.0,21.0,0.5277777777777778
player::imp,team::lgdgaming,imp,LGD Gaming,LGD Gaming,LGD Gaming,major,LPL,10417.383333333331,292,143.0,2015-01-16 00:00:00+00:00,2018-03-03 00:00:00+00:00,2015|2016|2017|2018,225.9333333333333,6.0,2.0,10643.316666666668,298.0,145.0,0.4897260273972603
player::pyl-chen-bo,team::lgdgaming,Pyl (Chen Bo),LGD Gaming,LGD Gaming,LGD Gaming,major,LPL,13578.516666666666,389,187.0,2015-01-16 00:00:00+00:00,2019-08-18 00:00:00+00:00,2015|2016|2017|2018|2019,225.9333333333333,6.0,2.0,13804.45,395.0,189.0,0.480719794344473
player::tbq,team::lgdgaming,TBQ,LGD Gaming,LGD Gaming,LGD Gaming,major,LPL,3948.133333333333,109,62.0,2015-01-16 00:00:00+00:00,2015-08-23 00:00:00+00:00,2015,225.9333333333333,6.0,2.0,4174.066666666667,115.0,64.0,0.5688073394495413
player::we1less,team::lgdgaming,We1less,LGD Gaming,LGD Gaming,LGD Gaming,major,LPL,3749.4833333333336,104,58.0,2015-01-16 00:00:00+00:00,2016-08-06 00:00:00+00:00,2015|2016,0.0,0.0,0.0,3749.4833333333336,104.0,58.0,0.5576923076923077
player::fan-liu-yi-fan,team::lgdgaming,Fan (Liu Yi-Fan),LGD Gaming,LGD Gaming,LGD Gaming,major,LPL,131.36666666666667,4,1.0,2015-05-22 00:00:00+00:00,2015-05-24 00:00:00+00:00,2015,0.0,0.0,0.0,131.36666666666667,4.0,1.0,0.25
player::godv-wei-zhen,team::lgdgaming,GodV (Wei Zhen),LGD Gaming,LGD Gaming,LGD Gaming,major,LPL,3380.383333333333,96,50.0,2015-05-22 00:00:00+00:00,2017-04-15 00:00:00+00:00,2015|2017,225.9333333333333,6.0,2.0,3606.3166666666666,102.0,52.0,0.5208333333333334
player::xiaoxi,team::lgdgaming,xiaoxi,LGD Gaming,LGD Gaming,LGD Gaming,major,LPL,476.3,13,8.0,2015-07-03 00:00:00+00:00,2016-02-20 00:00:00+00:00,2015|2016,0.0,0.0,0.0,476.3,13.0,8.0,0.6153846153846154
player::eimy,team::lgdgaming,Eimy,LGD Gaming,LGD Gaming,LGD Gaming,major,LPL,6858.316666666667,199,85.0,2016-01-15 00:00:00+00:00,2019-06-30 00:00:00+00:00,2016|2017|2018|2019,0.0,0.0,0.0,6858.316666666667,199.0,85.0,0.4271356783919598
player::marin,team::lgdgaming,MaRin,LGD Gaming,LGD Gaming,LGD Gaming,major,LPL,2693.1,75,36.0,2016-01-15 00:00:00+00:00,2016-08-06 00:00:00+00:00,2016,0.0,0.0,0.0,2693.1,75.0,36.0,0.48
player::yu-li-xin-nan,team::lgdgaming,Yu (Li Xin-Nan),LGD Gaming,LGD Gaming,LGD Gaming,major,LPL,442.3,12,2.0,2016-02-28 00:00:00+00:00,2016-06-05 00:00:00+00:00,2016,0.0,0.0,0.0,442.3,12.0,2.0,0.16666666666666666
player::punished,team::lgdgaming,Punished,LGD Gaming,LGD Gaming,LGD Gaming,major,LPL,1047.95,28,11.0,2016-05-29 00:00:00+00:00,2016-07-23 00:00:00+00:00,2016,0.0,0.0,0.0,1047.95,28.0,11.0,0.39285714285714285
player::jinoo,team::lgdgaming,Jinoo,LGD Gaming,LGD Gaming,LGD Gaming,major,LPL,4733.7,141,59.0,2016-06-10 00:00:00+00:00,2018-08-26 00:00:00+00:00,2016|2017|2018,0.0,0.0,0.0,4733.7,141.0,59.0,0.41843971631205673
player::1ntruder,team::lgdgaming,1ntruder,LGD Gaming,LGD Gaming,LGD Gaming,major,LPL,1405.5833333333333,40,18.0,2016-07-10 00:00:00+00:00,2018-04-07 00:00:00+00:00,2016|2017|2018,0.0,0.0,0.0,1405.5833333333333,40.0,18.0,0.45
player::funny,team::lgdgaming,Funny,LGD Gaming,LGD Gaming,LGD Gaming,major,LPL,753.7666666666667,22,7.0,2017-01-21 00:00:00+00:00,2017-03-30 00:00:00+00:00,2017,0.0,0.0,0.0,753.7666666666667,22.0,7.0,0.3181818181818182
player::cool,team::lgdgaming,Cool,LGD Gaming,LGD Gaming,LGD Gaming,major,LPL,1398.1833333333334,39,16.0,2017-06-08 00:00:00+00:00,2017-08-20 00:00:00+00:00,2017,0.0,0.0,0.0,1398.1833333333334,39.0,16.0,0.41025641025641024
player::banana-guo-yu-tong,team::lgdgaming,Banana (Guo Yu-Tong),LGD Gaming,LGD Gaming,LGD Gaming,major,LPL,390.25,10,2.0,2017-07-27 00:00:00+00:00,2017-08-12 00:00:00+00:00,2017,0.0,0.0,0.0,390.25,10.0,2.0,0.2
player::yuuki-hu-hao-ming,team::lgdgaming,Yuuki (Hu Hao-Ming),LGD Gaming,LGD Gaming,LGD Gaming,major,LPL,4833.016666666666,148,55.0,2018-01-17 00:00:00+00:00,2019-08-18 00:00:00+00:00,2018|2019,0.0,0.0,0.0,4833.016666666666,148.0,55.0,0.3716216216216216
player::nanzhu,team::lgdgaming,Nanzhu,LGD Gaming,LGD Gaming,LGD Gaming,major,LPL,203.06666666666663,6,3.0,2018-01-23 00:00:00+00:00,2018-01-30 00:00:00+00:00,2018,0.0,0.0,0.0,203.06666666666663,6.0,3.0,0.5
player::fdy,team::lgdgaming,Fdy,LGD Gaming,LGD Gaming,LGD Gaming,major,LPL,1089.1166666666668,32,9.0,2018-02-04 00:00:00+00:00,2018-06-18 00:00:00+00:00,2018,0.0,0.0,0.0,1089.1166666666668,32.0,9.0,0.28125
player::newt,team::lgdgaming,Newt,LGD Gaming,LGD Gaming,LGD Gaming,major,LPL,51.78333333333333,2,0.0,2018-06-13 00:00:00+00:00,2018-06-13 00:00:00+00:00,2018,0.0,0.0,0.0,51.78333333333333,2.0,0.0,0.0
player::y4,team::lgdgaming,y4,LGD Gaming,LGD Gaming,LGD Gaming,major,LPL,1215.9333333333334,38,21.0,2018-06-23 00:00:00+00:00,2018-08-26 00:00:00+00:00,2018,0.0,0.0,0.0,1215.9333333333334,38.0,21.0,0.5526315789473685
player::regank,team::lgdgaming,ReGank,LGD Gaming,LGD Gaming,LGD Gaming,major,LPL,41.61666666666667,1,0.0,2018-07-16 00:00:00+00:00,2018-07-16 00:00:00+00:00,2018,0.0,0.0,0.0,41.61666666666667,1.0,0.0,0.0
player::condi,team::lgdgaming,Condi,LGD Gaming,LGD Gaming,LGD Gaming,major,LPL,1571.7333333333331,48,21.0,2019-01-15 00:00:00+00:00,2019-06-14 00:00:00+00:00,2019,0.0,0.0,0.0,1571.7333333333331,48.0,21.0,0.4375
player::kramer,team::lgdgaming,Kramer,LGD Gaming,LGD Gaming,LGD Gaming,major,LPL,2451.5166666666664,75,27.0,2019-01-15 00:00:00+00:00,2019-08-18 00:00:00+00:00,2019,0.0,0.0,0.0,2451.5166666666664,75.0,27.0,0.36
player::lies-guo-hao-tian,team::lgdgaming,Lies (Guo Hao-Tian),LGD Gaming,LGD Gaming,LGD Gaming,major,LPL,1912.15,58,23.0,2019-01-15 00:00:00+00:00,2019-07-30 00:00:00+00:00,2019,0.0,0.0,0.0,1912.15,58.0,23.0,0.39655172413793105
player::aris,team::lgdgaming,Aris,LGD Gaming,LGD Gaming,LGD Gaming,major,LPL,124.5,4,1.0,2019-01-26 00:00:00+00:00,2019-01-29 00:00:00+00:00,2019,0.0,0.0,0.0,124.5,4.0,1.0,0.25
player::rd,team::lgdgaming,RD,LGD Gaming,LGD Gaming,LGD Gaming,major,LPL,1162.55,36,11.0,2019-01-26 00:00:00+00:00,2019-07-30 00:00:00+00:00,2019,0.0,0.0,0.0,1162.55,36.0,11.0,0.3055555555555556
player::ian,team::lgdgaming,Ian,LGD Gaming,LGD Gaming,LGD Gaming,major,LPL,503.81666666666666,14,7.0,2019-03-02 00:00:00+00:00,2019-03-22 00:00:00+00:00,2019,0.0,0.0,0.0,503.81666666666666,14.0,7.0,0.5
player::kui,team::lgdgaming,Kui,LGD Gaming,LGD Gaming,LGD Gaming,major,LPL,140.2,4,1.0,2019-06-18 00:00:00+00:00,2019-07-19 00:00:00+00:00,2019,0.0,0.0,0.0,140.2,4.0,1.0,0.25
player::bademan,team::lgdgaming,badeMan,LGD Gaming,LGD Gaming,LGD Gaming,major,LPL,539.5,17,4.0,2019-07-23 00:00:00+00:00,2019-08-18 00:00:00+00:00,2019,0.0,0.0,0.0,539.5,17.0,4.0,0.23529411764705882
player::garvey,team::lgdgaming,Garvey,LGD Gaming,LGD Gaming,LGD Gaming,major,LPL,414.8666666666667,13,3.0,2019-07-30 00:00:00+00:00,2019-08-18 00:00:00+00:00,2019,0.0,0.0,0.0,414.8666666666667,13.0,3.0,0.23076923076923078
player::baka-lu-fan,team::lng,BAKA (Lu Fan),LNG Esports,Snake Esports,Snake Esports | LNG Esports,major,LPL,2062.4166666666665,56,34.0,2015-01-16 00:00:00+00:00,2015-04-25 00:00:00+00:00,2015,0.0,0.0,0.0,2062.4166666666665,56.0,34.0,0.6071428571428571
player::beast-kim-joo-hyun,team::lng,Beast (Kim Joo-hyun),LNG Esports,Snake Esports,Snake Esports | LNG Esports,major,LPL,3416.4,93,50.0,2015-01-16 00:00:00+00:00,2015-09-05 00:00:00+00:00,2015,0.0,0.0,0.0,3416.4,93.0,50.0,0.5376344086021505
player::ella,team::lng,Ella,LNG Esports,Snake Esports,Snake Esports | LNG Esports,major,LPL,5759.349999999999,156,84.0,2015-01-16 00:00:00+00:00,2016-05-28 00:00:00+00:00,2015|2016,0.0,0.0,0.0,5759.349999999999,156.0,84.0,0.5384615384615384
player::flandre,team::lng,Flandre,LNG Esports,Snake Esports,Snake Esports | LNG Esports,major,LPL,15247.666666666666,424,205.0,2015-01-16 00:00:00+00:00,2019-03-29 00:00:00+00:00,2015|2016|2017|2018|2019,0.0,0.0,0.0,15247.666666666666,424.0,205.0,0.4834905660377358
player::kryst4l,team::lng,kRYST4L,LNG Esports,Snake Esports,Snake Esports | LNG Esports,major,LPL,8813.166666666666,241,128.0,2015-01-16 00:00:00+00:00,2018-06-12 00:00:00+00:00,2015|2016|2017|2018,0.0,0.0,0.0,8813.166666666666,241.0,128.0,0.5311203319502075
player::u,team::lng,U,LNG Esports,Snake Esports,Snake Esports | LNG Esports,major,LPL,1897.2,53,25.0,2015-05-22 00:00:00+00:00,2015-09-05 00:00:00+00:00,2015,0.0,0.0,0.0,1897.2,53.0,25.0,0.4716981132075472
player::martin-tan-qi,team::lng,Martin (Tan Qi),LNG Esports,Snake Esports,Snake Esports | LNG Esports,major,LPL,2673.75,73,35.0,2015-05-29 00:00:00+00:00,2016-08-12 00:00:00+00:00,2015|2016,0.0,0.0,0.0,2673.75,73.0,35.0,0.4794520547945205
player::zzr,team::lng,Zzr,LNG Esports,Snake Esports,Snake Esports | LNG Esports,major,LPL,2540.85,68,35.0,2015-07-18 00:00:00+00:00,2017-02-17 00:00:00+00:00,2015|2016|2017,0.0,0.0,0.0,2540.85,68.0,35.0,0.5147058823529411
player::tank,team::lng,Tank,LNG Esports,Snake Esports,Snake Esports | LNG Esports,major,LPL,4245.383333333333,113,59.0,2016-01-17 00:00:00+00:00,2017-04-07 00:00:00+00:00,2016|2017,0.0,0.0,0.0,4245.383333333333,113.0,59.0,0.5221238938053098
player::jiezou,team::lng,Jiezou,LNG Esports,Snake Esports,Snake Esports | LNG Esports,major,LPL,1936.9166666666667,53,29.0,2016-05-26 00:00:00+00:00,2016-08-27 00:00:00+00:00,2016,0.0,0.0,0.0,1936.9166666666667,53.0,29.0,0.5471698113207547
player::sofm,team::lng,SofM,LNG Esports,Snake Esports,Snake Esports | LNG Esports,major,LPL,9290.416666666666,263,120.0,2016-06-05 00:00:00+00:00,2019-03-29 00:00:00+00:00,2016|2017|2018|2019,0.0,0.0,0.0,9290.416666666666,263.0,120.0,0.45627376425855515
player::mint,team::lng,Mint,LNG Esports,Snake Esports,Snake Esports | LNG Esports,major,LPL,593.4166666666666,16,5.0,2017-01-21 00:00:00+00:00,2017-04-07 00:00:00+00:00,2017,0.0,0.0,0.0,593.4166666666666,16.0,5.0,0.3125
player::mo,team::lng,Mo,LNG Esports,Snake Esports,Snake Esports | LNG Esports,major,LPL,434.81666666666666,11,4.0,2017-01-21 00:00:00+00:00,2017-02-19 00:00:00+00:00,2017,0.0,0.0,0.0,434.81666666666666,11.0,4.0,0.36363636363636365
player::ohq,team::lng,Ohq,LNG Esports,Snake Esports,Snake Esports | LNG Esports,major,LPL,1827.483333333333,49,20.0,2017-01-21 00:00:00+00:00,2017-08-05 00:00:00+00:00,2017,0.0,0.0,0.0,1827.483333333333,49.0,20.0,0.40816326530612246
player::zz1tai,team::lng,Zz1tai,LNG Esports,Snake Esports,Snake Esports | LNG Esports,major,LPL,2268.95,63,26.0,2017-01-21 00:00:00+00:00,2017-08-22 00:00:00+00:00,2017,0.0,0.0,0.0,2268.95,63.0,26.0,0.4126984126984127
player::guoguo,team::lng,Guoguo,LNG Esports,Snake Esports,Snake Esports | LNG Esports,major,LPL,3436.6833333333334,98,46.0,2017-07-16 00:00:00+00:00,2018-09-02 00:00:00+00:00,2017|2018,0.0,0.0,0.0,3436.6833333333334,98.0,46.0,0.46938775510204084
player::hudie,team::lng,Hudie,LNG Esports,Snake Esports,Snake Esports | LNG Esports,major,LPL,3304.516666666667,93,45.0,2017-07-16 00:00:00+00:00,2018-08-19 00:00:00+00:00,2017|2018,0.0,0.0,0.0,3304.516666666667,93.0,45.0,0.4838709677419355
player::light-wang-guang-yu,team::lng,Light (Wang Guang-Yu),LNG Esports,Snake Esports,Snake Esports | LNG Esports,major,LPL,1273.1,37,13.0,2018-03-18 00:00:00+00:00,2018-09-02 00:00:00+00:00,2018,0.0,0.0,0.0,1273.1,37.0,13.0,0.35135135135135137
player::maestro-hu-jian-xin,team::lng,Maestro (Hu Jian-Xin),LNG Esports,Snake Esports,Snake Esports | LNG Esports,major,LPL,2658.8500000000004,81,33.0,2018-06-12 00:00:00+00:00,2019-03-29 00:00:00+00:00,2018|2019,0.0,0.0,0.0,2658.8500000000004,81.0,33.0,0.4074074074074074
player::gyu,team::lng,Gyu,LNG Esports,Snake Esports,Snake Esports | LNG Esports,major,LPL,117.06666666666666,3,1.0,2018-08-25 00:00:00+00:00,2018-08-25 00:00:00+00:00,2018,0.0,0.0,0.0,117.06666666666666,3.0,1.0,0.3333333333333333
player::asura-lu-qi,team::lng,Asura (Lu Qi),LNG Esports,Snake Esports,Snake Esports | LNG Esports,major,LPL,1219.9666666666667,38,14.0,2019-01-18 00:00:00+00:00,2019-03-29 00:00:00+00:00,2019,0.0,0.0,0.0,1219.9666666666667,38.0,14.0,0.3684210526315789
player::mala,team::lng,Mala,LNG Esports,Snake Esports,Snake Esports | LNG Esports,major,LPL,683.4666666666667,21,8.0,2019-01-18 00:00:00+00:00,2019-03-04 00:00:00+00:00,2019,0.0,0.0,0.0,683.4666666666667,21.0,8.0,0.38095238095238093
player::andy-zhang-jie,team::lng,Andy (Zhang Jie),LNG Esports,Snake Esports,Snake Esports | LNG Esports,major,LPL,141.78333333333333,4,1.0,2019-02-18 00:00:00+00:00,2019-03-04 00:00:00+00:00,2019,0.0,0.0,0.0,141.78333333333333,4.0,1.0,0.25
player::fenfen,team::lng,fenfen,LNG Esports,Snake Esports,Snake Esports | LNG Esports,major,LPL,394.7166666666667,13,5.0,2019-03-10 00:00:00+00:00,2019-03-29 00:00:00+00:00,2019,0.0,0.0,0.0,394.7166666666667,13.0,5.0,0.38461538461538464
player::asura-lu-qi,team::lng,Asura (Lu Qi),LNG Esports,LNG Esports,Snake Esports | LNG Esports,major,LPL,1473.6166666666666,43,23.0,2019-06-05 00:00:00+00:00,2019-08-25 00:00:00+00:00,2019,0.0,0.0,0.0,1473.6166666666666,43.0,23.0,0.5348837209302325
player::duan,team::lng,Duan,LNG Esports,LNG Esports,Snake Esports | LNG Esports,major,LPL,1305.3833333333332,38,22.0,2019-06-05 00:00:00+00:00,2019-08-25 00:00:00+00:00,2019,0.0,0.0,0.0,1305.3833333333332,38.0,22.0,0.5789473684210527
player::flandre,team::lng,Flandre,LNG Esports,LNG Esports,Snake Esports | LNG Esports,major,LPL,1473.6166666666666,43,23.0,2019-06-05 00:00:00+00:00,2019-08-25 00:00:00+00:00,2019,0.0,0.0,0.0,1473.6166666666666,43.0,23.0,0.5348837209302325
player::plex-bae-ho-young,team::lng,Plex (Bae Ho-young),LNG Esports,LNG Esports,Snake Esports | LNG Esports,major,LPL,1079.7333333333331,31,15.0,2019-06-05 00:00:00+00:00,2019-08-05 00:00:00+00:00,2019,0.0,0.0,0.0,1079.7333333333331,31.0,15.0,0.4838709677419355
player::sofm,team::lng,SofM,LNG Esports,LNG Esports,Snake Esports | LNG Esports,major,LPL,1473.6166666666666,43,23.0,2019-06-05 00:00:00+00:00,2019-08-25 00:00:00+00:00,2019,0.0,0.0,0.0,1473.6166666666666,43.0,23.0,0.5348837209302325
player::maestro-hu-jian-xin,team::lng,Maestro (Hu Jian-Xin),LNG Esports,LNG Esports,Snake Esports | LNG Esports,major,LPL,168.23333333333332,5,1.0,2019-07-31 00:00:00+00:00,2019-08-05 00:00:00+00:00,2019,0.0,0.0,0.0,168.23333333333332,5.0,1.0,0.2
player::fenfen,team::lng,fenfen,LNG Esports,LNG Esports,Snake Esports | LNG Esports,major,LPL,393.8833333333333,12,8.0,2019-08-07 00:00:00+00:00,2019-08-25 00:00:00+00:00,2019,0.0,0.0,0.0,393.8833333333333,12.0,8.0,0.6666666666666666
player::ccb,team::logitechgsnipers,CCB,Logitech G Snipers,Logitech G Snipers,Logitech G Snipers,major,LMS,428.88333333333327,11,5.0,2015-01-08 00:00:00+00:00,2015-02-15 00:00:00+00:00,2015,0.0,0.0,0.0,428.88333333333327,11.0,5.0,0.45454545454545453
player::hohotdog,team::logitechgsnipers,HoHotDoG,Logitech G Snipers,Logitech G Snipers,Logitech G Snipers,major,LMS,768.5666666666667,21,8.0,2015-01-08 00:00:00+00:00,2015-03-20 00:00:00+00:00,2015,0.0,0.0,0.0,768.5666666666667,21.0,8.0,0.38095238095238093
player::jcain,team::logitechgsnipers,JCain,Logitech G Snipers,Logitech G Snipers,Logitech G Snipers,major,LMS,768.5666666666667,21,8.0,2015-01-08 00:00:00+00:00,2015-03-20 00:00:00+00:00,2015,0.0,0.0,0.0,768.5666666666667,21.0,8.0,0.38095238095238093
player::lat,team::logitechgsnipers,Lat,Logitech G Snipers,Logitech G Snipers,Logitech G Snipers,major,LMS,1152.4833333333331,32,8.0,2015-01-08 00:00:00+00:00,2015-07-09 00:00:00+00:00,2015,0.0,0.0,0.0,1152.4833333333331,32.0,8.0,0.25
player::ysera,team::logitechgsnipers,Ysera,Logitech G Snipers,Logitech G Snipers,Logitech G Snipers,major,LMS,1781.9,49,14.0,2015-01-08 00:00:00+00:00,2015-07-09 00:00:00+00:00,2015,0.0,0.0,0.0,1781.9,49.0,14.0,0.2857142857142857
player::rd,team::logitechgsnipers,RD,Logitech G Snipers,Logitech G Snipers,Logitech G Snipers,major,LMS,1607.7666666666669,44,11.0,2015-01-11 00:00:00+00:00,2015-07-09 00:00:00+00:00,2015,0.0,0.0,0.0,1607.7666666666669,44.0,11.0,0.25
player::achie,team::logitechgsnipers,Achie,Logitech G Snipers,Logitech G Snipers,Logitech G Snipers,major,LMS,339.6833333333333,10,3.0,2015-02-25 00:00:00+00:00,2015-03-20 00:00:00+00:00,2015,0.0,0.0,0.0,339.6833333333333,10.0,3.0,0.3
player::breaker,team::logitechgsnipers,Breaker,Logitech G Snipers,Logitech G Snipers,Logitech G Snipers,major,LMS,746.2333333333333,21,5.0,2015-05-20 00:00:00+00:00,2015-07-09 00:00:00+00:00,2015,0.0,0.0,0.0,746.2333333333333,21.0,5.0,0.23809523809523808
player::illusion-yeh-yen-ting,team::logitechgsnipers,ILLusion (Yeh Yen-Ting),Logitech G Snipers,Logitech G Snipers,Logitech G Snipers,major,LMS,145.71666666666667,4,1.0,2015-05-20 00:00:00+00:00,2015-06-18 00:00:00+00:00,2015,0.0,0.0,0.0,145.71666666666667,4.0,1.0,0.25
player::yo,team::logitechgsnipers,Yo,Logitech G Snipers,Logitech G Snipers,Logitech G Snipers,major,LMS,430.1833333333333,12,4.0,2015-05-22 00:00:00+00:00,2015-07-09 00:00:00+00:00,2015,0.0,0.0,0.0,430.1833333333333,12.0,4.0,0.3333333333333333
player::k,team::logitechgsnipers,K,Logitech G Snipers,Logitech G Snipers,Logitech G Snipers,major,LMS,342.0333333333333,9,1.0,2015-06-19 00:00:00+00:00,2015-07-09 00:00:00+00:00,2015,0.0,0.0,0.0,342.0333333333333,9.0,1.0,0.1111111111111111
player::breeze,team::logitechgsnipers,Breeze,Logitech G Snipers,Logitech G Snipers,Logitech G Snipers,major,LMS,397.4833333333333,11,2.0,2015-06-25 00:00:00+00:00,2015-07-09 00:00:00+00:00,2015,0.0,0.0,0.0,397.4833333333333,11.0,2.0,0.18181818181818182
player::ansva,team::m19,Ansva,M19,Hard Random,Hard Random | Albus NoX Luna | M19,wildcard,LCL,179.15,5,1.0,2015-02-14 00:00:00+00:00,2015-02-22 00:00:00+00:00,2015,0.0,0.0,0.0,179.15,5.0,1.0,0.2
player::dimonko,team::m19,Dimonko,M19,Hard Random,Hard Random | Albus NoX Luna | M19,wildcard,LCL,1586.4833333333331,44,30.0,2015-02-14 00:00:00+00:00,2015-07-26 00:00:00+00:00,2015,0.0,0.0,0.0,1586.4833333333331,44.0,30.0,0.6818181818181818
player::kira,team::m19,Kira,M19,Hard Random,Hard Random | Albus NoX Luna | M19,wildcard,LCL,1586.4833333333331,44,30.0,2015-02-14 00:00:00+00:00,2015-07-26 00:00:00+00:00,2015,0.0,0.0,0.0,1586.4833333333331,44.0,30.0,0.6818181818181818
player::lex,team::m19,LeX,M19,Hard Random,Hard Random | Albus NoX Luna | M19,wildcard,LCL,1586.4833333333331,44,30.0,2015-02-14 00:00:00+00:00,2015-07-26 00:00:00+00:00,2015,0.0,0.0,0.0,1586.4833333333331,44.0,30.0,0.6818181818181818
player::smurf-dmitri-ivanov,team::m19,Smurf (Dmitri Ivanov),M19,Hard Random,Hard Random | Albus NoX Luna | M19,wildcard,LCL,1586.4833333333331,44,30.0,2015-02-14 00:00:00+00:00,2015-07-26 00:00:00+00:00,2015,0.0,0.0,0.0,1586.4833333333331,44.0,30.0,0.6818181818181818
player::symphony,team::m19,Symphony,M19,Hard Random,Hard Random | Albus NoX Luna | M19,wildcard,LCL,1407.3333333333333,39,29.0,2015-02-28 00:00:00+00:00,2015-07-26 00:00:00+00:00,2015,0.0,0.0,0.0,1407.3333333333333,39.0,29.0,0.7435897435897436
player::amiracle,team::m19,aMiracle,M19,Albus NoX Luna,Hard Random | Albus NoX Luna | M19,wildcard,LCL,1435.7666666666669,42,36.0,2016-01-16 00:00:00+00:00,2016-08-14 00:00:00+00:00,2016,363.5833333333333,10.0,4.0,1799.35,52.0,40.0,0.8571428571428571
player::kira,team::m19,Kira,M19,Albus NoX Luna,Hard Random | Albus NoX Luna | M19,wildcard,LCL,1435.7666666666669,42,36.0,2016-01-16 00:00:00+00:00,2016-08-14 00:00:00+00:00,2016,363.5833333333333,10.0,4.0,1799.35,52.0,40.0,0.8571428571428571
player::likkrit,team::m19,Likkrit,M19,Albus NoX Luna,Hard Random | Albus NoX Luna | M19,wildcard,LCL,1435.7666666666669,42,36.0,2016-01-16 00:00:00+00:00,2016-08-14 00:00:00+00:00,2016,363.5833333333333,10.0,4.0,1799.35,52.0,40.0,0.8571428571428571
player::pvpstejos,team::m19,PvPStejos,M19,Albus NoX Luna,Hard Random | Albus NoX Luna | M19,wildcard,LCL,1435.7666666666669,42,36.0,2016-01-16 00:00:00+00:00,2016-08-14 00:00:00+00:00,2016,363.5833333333333,10.0,4.0,1799.35,52.0,40.0,0.8571428571428571
player::smurf-dmitri-ivanov,team::m19,Smurf (Dmitri Ivanov),M19,Albus NoX Luna,Hard Random | Albus NoX Luna | M19,wildcard,LCL,1435.7666666666669,42,36.0,2016-01-16 00:00:00+00:00,2016-08-14 00:00:00+00:00,2016,363.5833333333333,10.0,4.0,1799.35,52.0,40.0,0.8571428571428571
player::kira,team::m19,Kira,M19,M19,Hard Random | Albus NoX Luna | M19,wildcard,LCL,777.7666666666667,20,12.0,2017-01-28 00:00:00+00:00,2017-04-02 00:00:00+00:00,2017,0.0,0.0,0.0,777.7666666666667,20.0,12.0,0.6
player::likkrit,team::m19,Likkrit,M19,M19,Hard Random | Albus NoX Luna | M19,wildcard,LCL,1560.4166666666663,40,22.0,2017-01-28 00:00:00+00:00,2017-09-03 00:00:00+00:00,2017,0.0,0.0,0.0,1560.4166666666663,40.0,22.0,0.55
player::pvpstejos,team::m19,PvPStejos,M19,M19,Hard Random | Albus NoX Luna | M19,wildcard,LCL,777.7666666666667,20,12.0,2017-01-28 00:00:00+00:00,2017-04-02 00:00:00+00:00,2017,0.0,0.0,0.0,777.7666666666667,20.0,12.0,0.6
player::smurf-dmitri-ivanov,team::m19,Smurf (Dmitri Ivanov),M19,M19,Hard Random | Albus NoX Luna | M19,wildcard,LCL,4652.25,132,72.0,2017-01-28 00:00:00+00:00,2019-03-30 00:00:00+00:00,2017|2018|2019,0.0,0.0,0.0,4652.25,132.0,72.0,0.5454545454545454
player::vincentvega,team::m19,VincentVega,M19,M19,Hard Random | Albus NoX Luna | M19,wildcard,LCL,3765.3166666666666,104,57.0,2017-01-28 00:00:00+00:00,2018-08-25 00:00:00+00:00,2017|2018,0.0,0.0,0.0,3765.3166666666666,104.0,57.0,0.5480769230769231
player::lukezy,team::m19,Lukezy,M19,M19,Hard Random | Albus NoX Luna | M19,wildcard,LCL,882.4666666666667,23,11.0,2017-06-24 00:00:00+00:00,2017-09-03 00:00:00+00:00,2017,0.0,0.0,0.0,882.4666666666667,23.0,11.0,0.4782608695652174
player::reach-lee-joo-won,team::m19,Reach (Lee Joo-won),M19,M19,Hard Random | Albus NoX Luna | M19,wildcard,LCL,882.4666666666667,23,11.0,2017-06-24 00:00:00+00:00,2017-09-03 00:00:00+00:00,2017,0.0,0.0,0.0,882.4666666666667,23.0,11.0,0.4782608695652174
player::simsin,team::m19,SimSin,M19,M19,Hard Random | Albus NoX Luna | M19,wildcard,LCL,99.81666666666666,3,1.0,2017-06-24 00:00:00+00:00,2017-06-25 00:00:00+00:00,2017,0.0,0.0,0.0,99.81666666666666,3.0,1.0,0.3333333333333333
player::kreox,team::m19,Kreox,M19,M19,Hard Random | Albus NoX Luna | M19,wildcard,LCL,2992.0166666666664,89,49.0,2018-02-10 00:00:00+00:00,2019-03-30 00:00:00+00:00,2018|2019,0.0,0.0,0.0,2992.0166666666664,89.0,49.0,0.550561797752809
player::nomanz,team::m19,Nomanz,M19,M19,Hard Random | Albus NoX Luna | M19,wildcard,LCL,1990.5,58,32.0,2018-02-10 00:00:00+00:00,2018-08-25 00:00:00+00:00,2018,0.0,0.0,0.0,1990.5,58.0,32.0,0.5517241379310345
player::santas,team::m19,SaNTaS,M19,M19,Hard Random | Albus NoX Luna | M19,wildcard,LCL,2105.083333333333,61,34.0,2018-02-10 00:00:00+00:00,2018-08-25 00:00:00+00:00,2018,0.0,0.0,0.0,2105.083333333333,61.0,34.0,0.5573770491803278
player::deus-alexey-zatorski,team::m19,Deus (Alexey Zatorski),M19,M19,Hard Random | Albus NoX Luna | M19,wildcard,LCL,114.58333333333334,3,2.0,2018-07-29 00:00:00+00:00,2018-08-11 00:00:00+00:00,2018,0.0,0.0,0.0,114.58333333333334,3.0,2.0,0.6666666666666666
player::blasting,team::m19,Blasting,M19,M19,Hard Random | Albus NoX Luna | M19,wildcard,LCL,886.9333333333333,28,15.0,2019-02-03 00:00:00+00:00,2019-03-30 00:00:00+00:00,2019,0.0,0.0,0.0,886.9333333333333,28.0,15.0,0.5357142857142857
player::ekka,team::m19,Ekka,M19,M19,Hard Random | Albus NoX Luna | M19,wildcard,LCL,886.9333333333333,28,15.0,2019-02-03 00:00:00+00:00,2019-03-30 00:00:00+00:00,2019,0.0,0.0,0.0,886.9333333333333,28.0,15.0,0.5357142857142857
player::lekcycc,team::m19,Lekcycc,M19,M19,Hard Random | Albus NoX Luna | M19,wildcard,LCL,886.9333333333333,28,15.0,2019-02-03 00:00:00+00:00,2019-03-30 00:00:00+00:00,2019,0.0,0.0,0.0,886.9333333333333,28.0,15.0,0.5357142857142857
player::bardberry,team::m19,BardBerry,M19,M19,Hard Random | Albus NoX Luna | M19,wildcard,LCL,640.8166666666666,23,7.0,2019-06-29 00:00:00+00:00,2019-08-25 00:00:00+00:00,2019,0.0,0.0,0.0,640.8166666666666,23.0,7.0,0.30434782608695654
player::bearcute,team::m19,Bearcute,M19,M19,Hard Random | Albus NoX Luna | M19,wildcard,LCL,640.8166666666666,23,7.0,2019-06-29 00:00:00+00:00,2019-08-25 00:00:00+00:00,2019,0.0,0.0,0.0,640.8166666666666,23.0,7.0,0.30434782608695654
player::khomzar,team::m19,Khomzar,M19,M19,Hard Random | Albus NoX Luna | M19,wildcard,LCL,640.8166666666666,23,7.0,2019-06-29 00:00:00+00:00,2019-08-25 00:00:00+00:00,2019,0.0,0.0,0.0,640.8166666666666,23.0,7.0,0.30434782608695654
player::valhalla,team::m19,Valhalla,M19,M19,Hard Random | Albus NoX Luna | M19,wildcard,LCL,640.8166666666666,23,7.0,2019-06-29 00:00:00+00:00,2019-08-25 00:00:00+00:00,2019,0.0,0.0,0.0,640.8166666666666,23.0,7.0,0.30434782608695654
player::xonix,team::m19,XoNix,M19,M19,Hard Random | Albus NoX Luna | M19,wildcard,LCL,640.8166666666666,23,7.0,2019-06-29 00:00:00+00:00,2019-08-25 00:00:00+00:00,2019,0.0,0.0,0.0,640.8166666666666,23.0,7.0,0.30434782608695654
player::bobo-wang-you-lin,team::machiesports,BoBo (Wang You-Lin),Machi E-Sports,Machi E-Sports,Machi E-Sports,major,LMS,3414.2666666666664,92,42.0,2015-05-21 00:00:00+00:00,2018-07-29 00:00:00+00:00,2015|2016|2017|2018,0.0,0.0,0.0,3414.2666666666664,92.0,42.0,0.45652173913043476
player::dee,team::machiesports,Dee,Machi E-Sports,Machi E-Sports,Machi E-Sports,major,LMS,6536.783333333333,176,79.0,2015-05-21 00:00:00+00:00,2017-08-27 00:00:00+00:00,2015|2016|2017,0.0,0.0,0.0,6536.783333333333,176.0,79.0,0.44886363636363635
player::dreamer,team::machiesports,Dreamer,Machi E-Sports,Machi E-Sports,Machi E-Sports,major,LMS,9306.466666666667,251,115.0,2015-05-21 00:00:00+00:00,2018-09-21 00:00:00+00:00,2015|2016|2017|2018,0.0,0.0,0.0,9306.466666666667,251.0,115.0,0.4581673306772908
player::fiesta-lee-yun-sang,team::machiesports,Fiesta (Lee Yun-sang),Machi E-Sports,Machi E-Sports,Machi E-Sports,major,LMS,446.65,12,5.0,2015-05-21 00:00:00+00:00,2015-06-12 00:00:00+00:00,2015,0.0,0.0,0.0,446.65,12.0,5.0,0.4166666666666667
player::republic,team::machiesports,Republic,Machi E-Sports,Machi E-Sports,Machi E-Sports,major,LMS,446.65,12,5.0,2015-05-21 00:00:00+00:00,2015-06-12 00:00:00+00:00,2015,0.0,0.0,0.0,446.65,12.0,5.0,0.4166666666666667
player::apex-hsieh-chia-wei,team::machiesports,Apex (Hsieh Chia-Wei),Machi E-Sports,Machi E-Sports,Machi E-Sports,major,LMS,8044.8,216,101.0,2015-06-18 00:00:00+00:00,2018-08-03 00:00:00+00:00,2015|2016|2017|2018,0.0,0.0,0.0,8044.8,216.0,101.0,0.4675925925925926
player::thefeeling,team::machiesports,TheFeeling,Machi E-Sports,Machi E-Sports,Machi E-Sports,major,LMS,71.44999999999999,2,0.0,2015-06-18 00:00:00+00:00,2015-06-18 00:00:00+00:00,2015,0.0,0.0,0.0,71.44999999999999,2.0,0.0,0.0
player::hanji,team::machiesports,HanJi,Machi E-Sports,Machi E-Sports,Machi E-Sports,major,LMS,496.95,14,6.0,2015-06-24 00:00:00+00:00,2015-07-12 00:00:00+00:00,2015,0.0,0.0,0.0,496.95,14.0,6.0,0.42857142857142855
player::taizan,team::machiesports,Taizan,Machi E-Sports,Machi E-Sports,Machi E-Sports,major,LMS,5830.549999999999,157,71.0,2016-01-15 00:00:00+00:00,2018-04-14 00:00:00+00:00,2016|2017|2018,0.0,0.0,0.0,5830.549999999999,157.0,71.0,0.45222929936305734
player::breaker,team::machiesports,Breaker,Machi E-Sports,Machi E-Sports,Machi E-Sports,major,LMS,32.733333333333334,1,0.0,2016-06-09 00:00:00+00:00,2016-06-09 00:00:00+00:00,2016,0.0,0.0,0.0,32.733333333333334,1.0,0.0,0.0
player::vayn3z,team::machiesports,Vayn3z,Machi E-Sports,Machi E-Sports,Machi E-Sports,major,LMS,833.5333333333334,21,6.0,2016-06-09 00:00:00+00:00,2016-09-04 00:00:00+00:00,2016,0.0,0.0,0.0,833.5333333333334,21.0,6.0,0.2857142857142857
player::pasa,team::machiesports,PaSa,Machi E-Sports,Machi E-Sports,Machi E-Sports,major,LMS,363.95,10,0.0,2016-07-30 00:00:00+00:00,2018-07-19 00:00:00+00:00,2016|2017|2018,0.0,0.0,0.0,363.95,10.0,0.0,0.0
player::3z,team::machiesports,3z,Machi E-Sports,Machi E-Sports,Machi E-Sports,major,LMS,5171.866666666667,141,67.0,2017-01-22 00:00:00+00:00,2018-09-21 00:00:00+00:00,2017|2018,0.0,0.0,0.0,5171.866666666667,141.0,67.0,0.475177304964539
player::deul,team::machiesports,DeuL,Machi E-Sports,Machi E-Sports,Machi E-Sports,major,LMS,2805.083333333333,76,36.0,2018-01-24 00:00:00+00:00,2018-09-21 00:00:00+00:00,2018,0.0,0.0,0.0,2805.083333333333,76.0,36.0,0.47368421052631576
player::move,team::machiesports,Move,Machi E-Sports,Machi E-Sports,Machi E-Sports,major,LMS,1167.8333333333333,29,16.0,2018-01-24 00:00:00+00:00,2018-04-14 00:00:00+00:00,2018,0.0,0.0,0.0,1167.8333333333333,29.0,16.0,0.5517241379310345
player::crash,team::machiesports,Crash,Machi E-Sports,Machi E-Sports,Machi E-Sports,major,LMS,358.06666666666666,11,2.0,2018-06-23 00:00:00+00:00,2018-08-03 00:00:00+00:00,2018,0.0,0.0,0.0,358.06666666666666,11.0,2.0,0.18181818181818182
player::m1ssion,team::machiesports,M1ssion,Machi E-Sports,Machi E-Sports,Machi E-Sports,major,LMS,542.2666666666667,16,9.0,2018-06-28 00:00:00+00:00,2018-09-21 00:00:00+00:00,2018,0.0,0.0,0.0,542.2666666666667,16.0,9.0,0.5625
player::bugi,team::machiesports,Bugi,Machi E-Sports,Machi E-Sports,Machi E-Sports,major,LMS,1003.1,28,15.0,2018-07-12 00:00:00+00:00,2018-09-21 00:00:00+00:00,2018,0.0,0.0,0.0,1003.1,28.0,15.0,0.5357142857142857
player::breeze,team::madteam,Breeze,Mad Team,Mad Team,Mad Team,major,LMS,5437.05,157,82.0,2018-01-20 00:00:00+00:00,2019-09-06 00:00:00+00:00,2018|2019,203.6,6.0,0.0,5640.650000000001,163.0,82.0,0.5222929936305732
player::k,team::madteam,K,Mad Team,Mad Team,Mad Team,major,LMS,5594.933333333333,161,83.0,2018-01-20 00:00:00+00:00,2019-09-06 00:00:00+00:00,2018|2019,203.6,6.0,0.0,5798.533333333334,167.0,83.0,0.515527950310559
player::kongyue,team::madteam,Kongyue,Mad Team,Mad Team,Mad Team,major,LMS,4265.633333333333,127,66.0,2018-01-20 00:00:00+00:00,2019-09-06 00:00:00+00:00,2018|2019,145.35,4.0,0.0,4410.983333333334,131.0,66.0,0.5196850393700787
player::liang,team::madteam,Liang,Mad Team,Mad Team,Mad Team,major,LMS,4321.466666666667,123,57.0,2018-01-20 00:00:00+00:00,2019-09-06 00:00:00+00:00,2018|2019,203.6,6.0,0.0,4525.066666666667,129.0,57.0,0.4634146341463415
player::uniboy,team::madteam,Uniboy,Mad Team,Mad Team,Mad Team,major,LMS,5594.933333333333,161,83.0,2018-01-20 00:00:00+00:00,2019-09-06 00:00:00+00:00,2018|2019,203.6,6.0,0.0,5798.533333333334,167.0,83.0,0.515527950310559
player::benny-lien-hsiu-chi,team::madteam,Benny (Lien Hsiu-Chi),Mad Team,Mad Team,Mad Team,major,LMS,1329.3,34,17.0,2018-02-01 00:00:00+00:00,2019-03-27 00:00:00+00:00,2018|2019,58.25,2.0,0.0,1387.55,36.0,17.0,0.5
player::rock-tsai-chung-ting,team::madteam,Rock (Tsai Chung-Ting),Mad Team,Mad Team,Mad Team,major,LMS,1431.35,42,27.0,2018-07-14 00:00:00+00:00,2019-08-23 00:00:00+00:00,2018|2019,0.0,0.0,0.0,1431.35,42.0,27.0,0.6428571428571429
player::candy-tang-xin,team::masters3,Candy (Tang Xin),Masters 3,Masters 3,Masters 3,major,LPL,1339.6333333333332,36,15.0,2015-01-17 00:00:00+00:00,2015-03-21 00:00:00+00:00,2015,0.0,0.0,0.0,1339.6333333333332,36.0,15.0,0.4166666666666667
player::dade,team::masters3,dade,Masters 3,Masters 3,Masters 3,major,LPL,3297.2,91,35.0,2015-01-17 00:00:00+00:00,2015-08-11 00:00:00+00:00,2015,0.0,0.0,0.0,3297.2,91.0,35.0,0.38461538461538464
player::looper,team::masters3,Looper,Masters 3,Masters 3,Masters 3,major,LPL,3297.2,91,35.0,2015-01-17 00:00:00+00:00,2015-08-11 00:00:00+00:00,2015,0.0,0.0,0.0,3297.2,91.0,35.0,0.38461538461538464
player::lovecd,team::masters3,Lovecd,Masters 3,Masters 3,Masters 3,major,LPL,2933.7166666666662,81,33.0,2015-01-17 00:00:00+00:00,2015-08-11 00:00:00+00:00,2015,0.0,0.0,0.0,2933.7166666666662,81.0,33.0,0.4074074074074074
player::ruo-teng-yang-tian-xia,team::masters3,Ruo (Teng Yang-Tian-Xia),Masters 3,Masters 3,Masters 3,major,LPL,850.85,23,7.0,2015-01-17 00:00:00+00:00,2015-08-08 00:00:00+00:00,2015,0.0,0.0,0.0,850.85,23.0,7.0,0.30434782608695654
player::dreams-he-zhi-hong,team::masters3,DreamS (He Zhi-Hong),Masters 3,Masters 3,Masters 3,major,LPL,434.65,11,5.0,2015-02-06 00:00:00+00:00,2015-03-01 00:00:00+00:00,2015,0.0,0.0,0.0,434.65,11.0,5.0,0.45454545454545453
player::condi,team::masters3,Condi,Masters 3,Masters 3,Masters 3,major,LPL,2375.1833333333334,67,25.0,2015-03-06 00:00:00+00:00,2015-08-11 00:00:00+00:00,2015,0.0,0.0,0.0,2375.1833333333334,67.0,25.0,0.373134328358209
player::smlz,team::masters3,Smlz,Masters 3,Masters 3,Masters 3,major,LPL,1957.5666666666664,55,20.0,2015-04-04 00:00:00+00:00,2015-08-11 00:00:00+00:00,2015,0.0,0.0,0.0,1957.5666666666664,55.0,20.0,0.36363636363636365
player::pentaq,team::masters3,PentaQ,Masters 3,Masters 3,Masters 3,major,LPL,1270.45,36,9.0,2016-01-17 00:00:00+00:00,2016-04-10 00:00:00+00:00,2016,0.0,0.0,0.0,1270.45,36.0,9.0,0.25
player::raphael-ko-jae-hyun,team::masters3,Raphael (Ko Jae-hyun),Masters 3,Masters 3,Masters 3,major,LPL,1270.45,36,9.0,2016-01-17 00:00:00+00:00,2016-04-10 00:00:00+00:00,2016,0.0,0.0,0.0,1270.45,36.0,9.0,0.25
player::savoki,team::masters3,Savoki,Masters 3,Masters 3,Masters 3,major,LPL,1232.2666666666669,35,9.0,2016-01-17 00:00:00+00:00,2016-04-10 00:00:00+00:00,2016,0.0,0.0,0.0,1232.2666666666669,35.0,9.0,0.2571428571428571
player::xy,team::masters3,xy,Masters 3,Masters 3,Masters 3,major,LPL,946.5666666666666,27,7.0,2016-01-17 00:00:00+00:00,2016-04-10 00:00:00+00:00,2016,0.0,0.0,0.0,946.5666666666666,27.0,7.0,0.25925925925925924
player::yolo-jang-hyeon-su,team::masters3,yolo (Jang Hyeon-su),Masters 3,Masters 3,Masters 3,major,LPL,1018.5666666666666,29,7.0,2016-01-17 00:00:00+00:00,2016-04-10 00:00:00+00:00,2016,0.0,0.0,0.0,1018.5666666666666,29.0,7.0,0.2413793103448276
player::scenery,team::masters3,Scenery,Masters 3,Masters 3,Masters 3,major,LPL,534.15,15,4.0,2016-01-29 00:00:00+00:00,2016-03-19 00:00:00+00:00,2016,0.0,0.0,0.0,534.15,15.0,4.0,0.26666666666666666
player::city,team::masters3,City,Masters 3,Masters 3,Masters 3,major,LPL,38.18333333333333,1,0.0,2016-02-27 00:00:00+00:00,2016-02-27 00:00:00+00:00,2016,0.0,0.0,0.0,38.18333333333333,1.0,0.0,0.0
player::lazarus,team::masters3,Lazarus,Masters 3,Masters 3,Masters 3,major,LPL,41.61666666666667,1,0.0,2016-03-17 00:00:00+00:00,2016-03-17 00:00:00+00:00,2016,0.0,0.0,0.0,41.61666666666667,1.0,0.0,0.0
player::blizer300,team::meetyourmakers,Blizer300,MeetYourMakers,MeetYourMakers,MeetYourMakers,major,LEC,138.73333333333332,4,1.0,2015-01-22 00:00:00+00:00,2015-01-30 00:00:00+00:00,2015,0.0,0.0,0.0,138.73333333333332,4.0,1.0,0.25
player::h0r0,team::meetyourmakers,H0R0,MeetYourMakers,MeetYourMakers,MeetYourMakers,major,LEC,760.1833333333334,19,5.0,2015-01-22 00:00:00+00:00,2015-03-27 00:00:00+00:00,2015,0.0,0.0,0.0,760.1833333333334,19.0,5.0,0.2631578947368421
player::mimer,team::meetyourmakers,Mimer,MeetYourMakers,MeetYourMakers,MeetYourMakers,major,LEC,300.4833333333333,8,1.0,2015-01-22 00:00:00+00:00,2015-02-13 00:00:00+00:00,2015,0.0,0.0,0.0,300.4833333333333,8.0,1.0,0.125
player::mrrallez,team::meetyourmakers,MrRalleZ,MeetYourMakers,MeetYourMakers,MeetYourMakers,major,LEC,760.1833333333334,19,5.0,2015-01-22 00:00:00+00:00,2015-03-27 00:00:00+00:00,2015,0.0,0.0,0.0,760.1833333333334,19.0,5.0,0.2631578947368421
player::nisbeth,team::meetyourmakers,Nisbeth,MeetYourMakers,MeetYourMakers,MeetYourMakers,major,LEC,474.9333333333333,12,2.0,2015-01-22 00:00:00+00:00,2015-02-27 00:00:00+00:00,2015,0.0,0.0,0.0,474.9333333333333,12.0,2.0,0.16666666666666666
player::kori,team::meetyourmakers,kori,MeetYourMakers,MeetYourMakers,MeetYourMakers,major,LEC,621.45,15,4.0,2015-02-05 00:00:00+00:00,2015-03-27 00:00:00+00:00,2015,0.0,0.0,0.0,621.45,15.0,4.0,0.26666666666666666
player::jwaow,team::meetyourmakers,Jwaow,MeetYourMakers,MeetYourMakers,MeetYourMakers,major,LEC,459.7,11,4.0,2015-02-19 00:00:00+00:00,2015-03-27 00:00:00+00:00,2015,0.0,0.0,0.0,459.7,11.0,4.0,0.36363636363636365
player::noxiak,team::meetyourmakers,Noxiak,MeetYourMakers,MeetYourMakers,MeetYourMakers,major,LEC,285.25,7,3.0,2015-03-05 00:00:00+00:00,2015-03-27 00:00:00+00:00,2015,0.0,0.0,0.0,285.25,7.0,3.0,0.42857142857142855
player::abaria,team::meloncats,Abaria,Meloncats,Meloncats,Meloncats,major,LEC,82.58333333333333,3,2.0,2014-11-22 00:00:00+00:00,2014-11-28 00:00:00+00:00,2015,0.0,0.0,0.0,82.58333333333333,3.0,2.0,0.6666666666666666
player::crykee,team::meloncats,Crykee,Meloncats,Meloncats,Meloncats,major,LEC,82.58333333333333,3,2.0,2014-11-22 00:00:00+00:00,2014-11-28 00:00:00+00:00,2015,0.0,0.0,0.0,82.58333333333333,3.0,2.0,0.6666666666666666
player::dioud,team::meloncats,Dioud,Meloncats,Meloncats,Meloncats,major,LEC,82.58333333333333,3,2.0,2014-11-22 00:00:00+00:00,2014-11-28 00:00:00+00:00,2015,0.0,0.0,0.0,82.58333333333333,3.0,2.0,0.6666666666666666
player::gilius,team::meloncats,Gilius,Meloncats,Meloncats,Meloncats,major,LEC,82.58333333333333,3,2.0,2014-11-22 00:00:00+00:00,2014-11-28 00:00:00+00:00,2015,0.0,0.0,0.0,82.58333333333333,3.0,2.0,0.6666666666666666
player::zeclipse,team::meloncats,Zeclipse,Meloncats,Meloncats,Meloncats,major,LEC,82.58333333333333,3,2.0,2014-11-22 00:00:00+00:00,2014-11-28 00:00:00+00:00,2015,0.0,0.0,0.0,82.58333333333333,3.0,2.0,0.6666666666666666
player::hamelion,team::mfn,Hamelion,MFN,MFN,MFN,wildcard,LCL,160.91666666666666,6,1.0,2019-06-30 00:00:00+00:00,2019-07-25 00:00:00+00:00,2019,0.0,0.0,0.0,160.91666666666666,6.0,1.0,0.16666666666666666
player::madrid1st,team::mfn,Madrid1st,MFN,MFN,MFN,wildcard,LCL,160.91666666666666,6,1.0,2019-06-30 00:00:00+00:00,2019-07-25 00:00:00+00:00,2019,0.0,0.0,0.0,160.91666666666666,6.0,1.0,0.16666666666666666
player::radli,team::mfn,Radli,MFN,MFN,MFN,wildcard,LCL,160.91666666666666,6,1.0,2019-06-30 00:00:00+00:00,2019-07-25 00:00:00+00:00,2019,0.0,0.0,0.0,160.91666666666666,6.0,1.0,0.16666666666666666
player::selekt,team::mfn,Selekt,MFN,MFN,MFN,wildcard,LCL,160.91666666666666,6,1.0,2019-06-30 00:00:00+00:00,2019-07-25 00:00:00+00:00,2019,0.0,0.0,0.0,160.91666666666666,6.0,1.0,0.16666666666666666
player::wearen,team::mfn,Wearen,MFN,MFN,MFN,wildcard,LCL,84.46666666666667,3,0.0,2019-06-30 00:00:00+00:00,2019-07-07 00:00:00+00:00,2019,0.0,0.0,0.0,84.46666666666667,3.0,0.0,0.0
player::sweeet,team::mfn,Sweeet,MFN,MFN,MFN,wildcard,LCL,57.33333333333333,2,1.0,2019-07-11 00:00:00+00:00,2019-07-14 00:00:00+00:00,2019,0.0,0.0,0.0,57.33333333333333,2.0,1.0,0.5
player::unicode-ff1007661c73,team::mfn,Шалун,MFN,MFN,MFN,wildcard,LCL,19.116666666666667,1,0.0,2019-07-25 00:00:00+00:00,2019-07-25 00:00:00+00:00,2019,0.0,0.0,0.0,19.116666666666667,1.0,0.0,0.0
player::chunx,team::midnightsunesports,Chunx,Midnight Sun Esports,Midnight Sun Esports,Midnight Sun Esports,major,LMS,2032.85,56,20.0,2015-01-09 00:00:00+00:00,2015-08-15 00:00:00+00:00,2015,0.0,0.0,0.0,2032.85,56.0,20.0,0.35714285714285715
player::empt2,team::midnightsunesports,Empt2,Midnight Sun Esports,Midnight Sun Esports,Midnight Sun Esports,major,LMS,2032.85,56,20.0,2015-01-09 00:00:00+00:00,2015-08-15 00:00:00+00:00,2015,0.0,0.0,0.0,2032.85,56.0,20.0,0.35714285714285715
player::lofs,team::midnightsunesports,LOFS,Midnight Sun Esports,Midnight Sun Esports,Midnight Sun Esports,major,LMS,2032.85,56,20.0,2015-01-09 00:00:00+00:00,2015-08-15 00:00:00+00:00,2015,0.0,0.0,0.0,2032.85,56.0,20.0,0.35714285714285715
player::tour,team::midnightsunesports,Tour,Midnight Sun Esports,Midnight Sun Esports,Midnight Sun Esports,major,LMS,272.25,8,1.0,2015-01-09 00:00:00+00:00,2015-02-08 00:00:00+00:00,2015,0.0,0.0,0.0,272.25,8.0,1.0,0.125
player::wish-michael-lau,team::midnightsunesports,Wish (Michael Lau),Midnight Sun Esports,Midnight Sun Esports,Midnight Sun Esports,major,LMS,691.3,21,6.0,2015-01-09 00:00:00+00:00,2015-03-21 00:00:00+00:00,2015,0.0,0.0,0.0,691.3,21.0,6.0,0.2857142857142857
player::corgi,team::midnightsunesports,CorGi,Midnight Sun Esports,Midnight Sun Esports,Midnight Sun Esports,major,LMS,2834.0666666666666,77,30.0,2015-02-12 00:00:00+00:00,2016-08-06 00:00:00+00:00,2015|2016,0.0,0.0,0.0,2834.0666666666666,77.0,30.0,0.38961038961038963
player::m1ssion,team::midnightsunesports,M1ssion,Midnight Sun Esports,Midnight Sun Esports,Midnight Sun Esports,major,LMS,2645.65,71,27.0,2015-05-20 00:00:00+00:00,2016-08-06 00:00:00+00:00,2015|2016,0.0,0.0,0.0,2645.65,71.0,27.0,0.38028169014084506
player::candy-kim-seung-ju,team::midnightsunesports,Candy (Kim Seung-ju),Midnight Sun Esports,Midnight Sun Esports,Midnight Sun Esports,major,LMS,744.9166666666666,20,7.0,2015-06-19 00:00:00+00:00,2015-08-15 00:00:00+00:00,2015,0.0,0.0,0.0,744.9166666666666,20.0,7.0,0.35
player::stitch,team::midnightsunesports,Stitch,Midnight Sun Esports,Midnight Sun Esports,Midnight Sun Esports,major,LMS,784.8666666666667,21,8.0,2015-06-19 00:00:00+00:00,2015-08-15 00:00:00+00:00,2015,0.0,0.0,0.0,784.8666666666667,21.0,8.0,0.38095238095238093
player::julian,team::midnightsunesports,Julian,Midnight Sun Esports,Midnight Sun Esports,Midnight Sun Esports,major,LMS,131.68333333333334,4,1.0,2016-01-15 00:00:00+00:00,2016-01-16 00:00:00+00:00,2016,0.0,0.0,0.0,131.68333333333334,4.0,1.0,0.25
player::payne,team::midnightsunesports,Payne,Midnight Sun Esports,Midnight Sun Esports,Midnight Sun Esports,major,LMS,190.6833333333333,6,1.0,2016-01-15 00:00:00+00:00,2016-01-21 00:00:00+00:00,2016,0.0,0.0,0.0,190.6833333333333,6.0,1.0,0.16666666666666666
player::skull,team::midnightsunesports,SkuLL,Midnight Sun Esports,Midnight Sun Esports,Midnight Sun Esports,major,LMS,155.53333333333333,5,1.0,2016-01-15 00:00:00+00:00,2016-01-21 00:00:00+00:00,2016,0.0,0.0,0.0,155.53333333333333,5.0,1.0,0.2
player::wulala,team::midnightsunesports,Wulala,Midnight Sun Esports,Midnight Sun Esports,Midnight Sun Esports,major,LMS,2049.016666666667,56,20.0,2016-01-15 00:00:00+00:00,2016-08-06 00:00:00+00:00,2016,0.0,0.0,0.0,2049.016666666667,56.0,20.0,0.35714285714285715
player::kaiwing,team::midnightsunesports,Kaiwing,Midnight Sun Esports,Midnight Sun Esports,Midnight Sun Esports,major,LMS,1893.483333333333,51,19.0,2016-01-21 00:00:00+00:00,2016-08-06 00:00:00+00:00,2016,0.0,0.0,0.0,1893.483333333333,51.0,19.0,0.37254901960784315
player::ninuo,team::midnightsunesports,Ninuo,Midnight Sun Esports,Midnight Sun Esports,Midnight Sun Esports,major,LMS,1917.3333333333333,52,19.0,2016-01-21 00:00:00+00:00,2016-08-06 00:00:00+00:00,2016,0.0,0.0,0.0,1917.3333333333333,52.0,19.0,0.36538461538461536
player::creation,team::mil,Creation,MIL,MIL,MIL,major,LEC,111.55,3,1.0,2014-11-29 00:00:00+00:00,2014-11-29 00:00:00+00:00,2015,0.0,0.0,0.0,111.55,3.0,1.0,0.3333333333333333
player::h0r0,team::mil,H0R0,MIL,MIL,MIL,major,LEC,111.55,3,1.0,2014-11-29 00:00:00+00:00,2014-11-29 00:00:00+00:00,2015,0.0,0.0,0.0,111.55,3.0,1.0,0.3333333333333333
player::jree,team::mil,Jree,MIL,MIL,MIL,major,LEC,111.55,3,1.0,2014-11-29 00:00:00+00:00,2014-11-29 00:00:00+00:00,2015,0.0,0.0,0.0,111.55,3.0,1.0,0.3333333333333333
player::kev1n,team::mil,kev1n,MIL,MIL,MIL,major,LEC,111.55,3,1.0,2014-11-29 00:00:00+00:00,2014-11-29 00:00:00+00:00,2015,0.0,0.0,0.0,111.55,3.0,1.0,0.3333333333333333
player::ryu,team::mil,Ryu,MIL,MIL,MIL,major,LEC,111.55,3,1.0,2014-11-29 00:00:00+00:00,2014-11-29 00:00:00+00:00,2015,0.0,0.0,0.0,111.55,3.0,1.0,0.3333333333333333
player::alphari,team::misfits,Alphari,Misfits,Misfits,Misfits,major,LEC,4891.3,137,69.0,2017-01-20 00:00:00+00:00,2018-09-14 00:00:00+00:00,2017|2018,119.0,3.0,2.0,5010.3,140.0,71.0,0.5036496350364964
player::hans-sama,team::misfits,Hans Sama,Misfits,Misfits,Misfits,major,LEC,5855.533333333333,167,81.0,2017-01-20 00:00:00+00:00,2019-08-17 00:00:00+00:00,2017|2018|2019,119.0,3.0,2.0,5974.533333333333,170.0,83.0,0.48502994011976047
player::ignar,team::misfits,IgNar,Misfits,Misfits,Misfits,major,LEC,3074.5333333333333,85,43.0,2017-01-20 00:00:00+00:00,2017-09-03 00:00:00+00:00,2017,119.0,3.0,2.0,3193.5333333333333,88.0,45.0,0.5058823529411764
player::kakao,team::misfits,KaKAO,Misfits,Misfits,Misfits,major,LEC,1628.0666666666666,43,23.0,2017-01-20 00:00:00+00:00,2017-04-22 00:00:00+00:00,2017,0.0,0.0,0.0,1628.0666666666666,43.0,23.0,0.5348837209302325
player::powerofevil,team::misfits,PowerOfEvil,Misfits,Misfits,Misfits,major,LEC,3074.5333333333333,85,43.0,2017-01-20 00:00:00+00:00,2017-09-03 00:00:00+00:00,2017,119.0,3.0,2.0,3193.5333333333333,88.0,45.0,0.5058823529411764
player::maxlore,team::misfits,Maxlore,Misfits,Misfits,Misfits,major,LEC,4014.05,117,55.0,2017-06-01 00:00:00+00:00,2019-07-13 00:00:00+00:00,2017|2018|2019,119.0,3.0,2.0,4133.05,120.0,57.0,0.4700854700854701
player::mikyx,team::misfits,Mikyx,Misfits,Misfits,Misfits,major,LEC,1750.2666666666664,50,25.0,2018-01-19 00:00:00+00:00,2018-09-14 00:00:00+00:00,2018,0.0,0.0,0.0,1750.2666666666664,50.0,25.0,0.5
player::sencux,team::misfits,Sencux,Misfits,Misfits,Misfits,major,LEC,1816.7666666666664,52,26.0,2018-01-19 00:00:00+00:00,2018-09-14 00:00:00+00:00,2018,0.0,0.0,0.0,1816.7666666666664,52.0,26.0,0.5
player::jesiz,team::misfits,Jesiz,Misfits,Misfits,Misfits,major,LEC,66.5,2,1.0,2018-08-10 00:00:00+00:00,2018-08-11 00:00:00+00:00,2018,0.0,0.0,0.0,66.5,2.0,1.0,0.5
player::febiven,team::misfits,Febiven,Misfits,Misfits,Misfits,major,LEC,780.5666666666666,24,10.0,2019-01-18 00:00:00+00:00,2019-07-13 00:00:00+00:00,2019,0.0,0.0,0.0,780.5666666666666,24.0,10.0,0.4166666666666667
player::gorilla,team::misfits,GorillA,Misfits,Misfits,Misfits,major,LEC,834.8833333333333,26,10.0,2019-01-18 00:00:00+00:00,2019-07-13 00:00:00+00:00,2019,0.0,0.0,0.0,834.8833333333333,26.0,10.0,0.38461538461538464
player::soaz,team::misfits,sOAZ,Misfits,Misfits,Misfits,major,LEC,834.8833333333333,26,10.0,2019-01-18 00:00:00+00:00,2019-07-13 00:00:00+00:00,2019,0.0,0.0,0.0,834.8833333333333,26.0,10.0,0.38461538461538464
player::kirei,team::misfits,Kirei,Misfits,Misfits,Misfits,major,LEC,404.2,13,5.0,2019-06-14 00:00:00+00:00,2019-08-17 00:00:00+00:00,2019,0.0,0.0,0.0,404.2,13.0,5.0,0.38461538461538464
player::lider,team::misfits,LIDER,Misfits,Misfits,Misfits,major,LEC,374.45,12,4.0,2019-06-22 00:00:00+00:00,2019-08-17 00:00:00+00:00,2019,0.0,0.0,0.0,374.45,12.0,4.0,0.3333333333333333
player::dan-dan,team::misfits,Dan Dan,Misfits,Misfits,Misfits,major,LEC,320.1333333333333,10,4.0,2019-07-19 00:00:00+00:00,2019-08-17 00:00:00+00:00,2019,0.0,0.0,0.0,320.1333333333333,10.0,4.0,0.4
player::h1iva,team::misfits,H1IVA,Misfits,Misfits,Misfits,major,LEC,260.3,8,4.0,2019-07-19 00:00:00+00:00,2019-08-17 00:00:00+00:00,2019,0.0,0.0,0.0,260.3,8.0,4.0,0.5
player::neon-matus-jakubcik,team::misfits,Neon (Matúš Jakubčík),Misfits,Misfits,Misfits,major,LEC,190.78333333333333,6,2.0,2019-07-19 00:00:00+00:00,2019-08-03 00:00:00+00:00,2019,0.0,0.0,0.0,190.78333333333333,6.0,2.0,0.3333333333333333
player::doss,team::misfits,Doss,Misfits,Misfits,Misfits,major,LEC,59.83333333333333,2,0.0,2019-08-09 00:00:00+00:00,2019-08-10 00:00:00+00:00,2019,0.0,0.0,0.0,59.83333333333333,2.0,0.0,0.0
player::chippys,team::mmm,Chippys,MMM,MMM,MMM,wildcard,OPL,800.0666666666666,24,9.0,2018-06-07 00:00:00+00:00,2018-08-17 00:00:00+00:00,2018,0.0,0.0,0.0,800.0666666666666,24.0,9.0,0.375
player::cuden,team::mmm,Cuden,MMM,MMM,MMM,wildcard,OPL,800.0666666666666,24,9.0,2018-06-07 00:00:00+00:00,2018-08-17 00:00:00+00:00,2018,0.0,0.0,0.0,800.0666666666666,24.0,9.0,0.375
player::juves,team::mmm,Juves,MMM,MMM,MMM,wildcard,OPL,800.0666666666666,24,9.0,2018-06-07 00:00:00+00:00,2018-08-17 00:00:00+00:00,2018,0.0,0.0,0.0,800.0666666666666,24.0,9.0,0.375
player::mash,team::mmm,Mash,MMM,MMM,MMM,wildcard,OPL,800.0666666666666,24,9.0,2018-06-07 00:00:00+00:00,2018-08-17 00:00:00+00:00,2018,0.0,0.0,0.0,800.0666666666666,24.0,9.0,0.375
player::remind,team::mmm,REMIND,MMM,MMM,MMM,wildcard,OPL,800.0666666666666,24,9.0,2018-06-07 00:00:00+00:00,2018-08-17 00:00:00+00:00,2018,0.0,0.0,0.0,800.0666666666666,24.0,9.0,0.375
player::babip,team::mmm,Babip,MMM,MMM,MMM,wildcard,OPL,1674.7,52,34.0,2019-01-18 00:00:00+00:00,2019-08-31 00:00:00+00:00,2019,170.75,5.0,2.0,1845.45,57.0,36.0,0.6538461538461539
player::destiny-mitchell-shaw,team::mmm,Destiny (Mitchell Shaw),MMM,MMM,MMM,wildcard,OPL,1674.7,52,34.0,2019-01-18 00:00:00+00:00,2019-08-31 00:00:00+00:00,2019,170.75,5.0,2.0,1845.45,57.0,36.0,0.6538461538461539
player::k1ng,team::mmm,k1ng,MMM,MMM,MMM,wildcard,OPL,1674.7,52,34.0,2019-01-18 00:00:00+00:00,2019-08-31 00:00:00+00:00,2019,170.75,5.0,2.0,1845.45,57.0,36.0,0.6538461538461539
player::topoon,team::mmm,Topoon,MMM,MMM,MMM,wildcard,OPL,1114.4166666666663,34,18.0,2019-01-18 00:00:00+00:00,2019-08-17 00:00:00+00:00,2019,0.0,0.0,0.0,1114.4166666666663,34.0,18.0,0.5294117647058824
player::triple,team::mmm,Triple,MMM,MMM,MMM,wildcard,OPL,1674.7,52,34.0,2019-01-18 00:00:00+00:00,2019-08-31 00:00:00+00:00,2019,170.75,5.0,2.0,1845.45,57.0,36.0,0.6538461538461539
player::fudge,team::mmm,Fudge,MMM,MMM,MMM,wildcard,OPL,560.2833333333333,18,16.0,2019-06-07 00:00:00+00:00,2019-08-31 00:00:00+00:00,2019,170.75,5.0,2.0,731.0333333333333,23.0,18.0,0.8888888888888888
player::arcsecond,team::monsterkittens,Arcsecond,Monster Kittens,Monster Kittens,Monster Kittens,major,LCS,102.23333333333332,3,1.0,2014-11-15 00:00:00+00:00,2014-11-15 00:00:00+00:00,2015,0.0,0.0,0.0,102.23333333333332,3.0,1.0,0.3333333333333333
player::chumpjohn,team::monsterkittens,ChumpJohn,Monster Kittens,Monster Kittens,Monster Kittens,major,LCS,102.23333333333332,3,1.0,2014-11-15 00:00:00+00:00,2014-11-15 00:00:00+00:00,2015,0.0,0.0,0.0,102.23333333333332,3.0,1.0,0.3333333333333333
player::hanjaro,team::monsterkittens,Hanjaro,Monster Kittens,Monster Kittens,Monster Kittens,major,LCS,102.23333333333332,3,1.0,2014-11-15 00:00:00+00:00,2014-11-15 00:00:00+00:00,2015,0.0,0.0,0.0,102.23333333333332,3.0,1.0,0.3333333333333333
player::hoofspark,team::monsterkittens,Hoofspark,Monster Kittens,Monster Kittens,Monster Kittens,major,LCS,102.23333333333332,3,1.0,2014-11-15 00:00:00+00:00,2014-11-15 00:00:00+00:00,2015,0.0,0.0,0.0,102.23333333333332,3.0,1.0,0.3333333333333333
player::xsojin,team::monsterkittens,xSojin,Monster Kittens,Monster Kittens,Monster Kittens,major,LCS,102.23333333333332,3,1.0,2014-11-15 00:00:00+00:00,2014-11-15 00:00:00+00:00,2015,0.0,0.0,0.0,102.23333333333332,3.0,1.0,0.3333333333333333
player::articuna,team::moscowfivecis,Articuna,Moscow Five.CIS,Supra Esports,Supra Esports | Moscow Five.CIS,wildcard,LCL,161.63333333333333,5,1.0,2019-02-03 00:00:00+00:00,2019-02-21 00:00:00+00:00,2019,0.0,0.0,0.0,161.63333333333333,5.0,1.0,0.2
player::bazzilisks,team::moscowfivecis,bAZZILISKS,Moscow Five.CIS,Supra Esports,Supra Esports | Moscow Five.CIS,wildcard,LCL,101.41666666666666,3,1.0,2019-02-03 00:00:00+00:00,2019-02-21 00:00:00+00:00,2019,0.0,0.0,0.0,101.41666666666666,3.0,1.0,0.3333333333333333
player::boom-gg,team::moscowfivecis,boom gg,Moscow Five.CIS,Supra Esports,Supra Esports | Moscow Five.CIS,wildcard,LCL,94.98333333333332,3,0.0,2019-02-03 00:00:00+00:00,2019-02-07 00:00:00+00:00,2019,0.0,0.0,0.0,94.98333333333332,3.0,0.0,0.0
player::degh,team::moscowfivecis,Degh,Moscow Five.CIS,Supra Esports,Supra Esports | Moscow Five.CIS,wildcard,LCL,161.63333333333333,5,1.0,2019-02-03 00:00:00+00:00,2019-02-21 00:00:00+00:00,2019,0.0,0.0,0.0,161.63333333333333,5.0,1.0,0.2
player::l9-belarus,team::moscowfivecis,L9 Belarus,Moscow Five.CIS,Supra Esports,Supra Esports | Moscow Five.CIS,wildcard,LCL,34.766666666666666,1,0.0,2019-02-03 00:00:00+00:00,2019-02-03 00:00:00+00:00,2019,0.0,0.0,0.0,34.766666666666666,1.0,0.0,0.0
player::autofill,team::moscowfivecis,Autofill,Moscow Five.CIS,Supra Esports,Supra Esports | Moscow Five.CIS,wildcard,LCL,60.21666666666667,2,0.0,2019-02-07 00:00:00+00:00,2019-02-07 00:00:00+00:00,2019,0.0,0.0,0.0,60.21666666666667,2.0,0.0,0.0
player::lakeofsorrow,team::moscowfivecis,LakeOfSorrow,Moscow Five.CIS,Supra Esports,Supra Esports | Moscow Five.CIS,wildcard,LCL,60.21666666666667,2,0.0,2019-02-07 00:00:00+00:00,2019-02-07 00:00:00+00:00,2019,0.0,0.0,0.0,60.21666666666667,2.0,0.0,0.0
player::aloneakella,team::moscowfivecis,AloneAkella,Moscow Five.CIS,Supra Esports,Supra Esports | Moscow Five.CIS,wildcard,LCL,66.65,2,1.0,2019-02-14 00:00:00+00:00,2019-02-21 00:00:00+00:00,2019,0.0,0.0,0.0,66.65,2.0,1.0,0.5
player::saintarkain,team::moscowfivecis,SaintArkain,Moscow Five.CIS,Supra Esports,Supra Esports | Moscow Five.CIS,wildcard,LCL,22.28333333333333,1,0.0,2019-02-14 00:00:00+00:00,2019-02-14 00:00:00+00:00,2019,0.0,0.0,0.0,22.28333333333333,1.0,0.0,0.0
player::archerirl,team::moscowfivecis,ArcherIRL,Moscow Five.CIS,Supra Esports,Supra Esports | Moscow Five.CIS,wildcard,LCL,44.36666666666667,1,1.0,2019-02-21 00:00:00+00:00,2019-02-21 00:00:00+00:00,2019,0.0,0.0,0.0,44.36666666666667,1.0,1.0,1.0
player::articuna,team::moscowfivecis,Articuna,Moscow Five.CIS,Moscow Five.CIS,Supra Esports | Moscow Five.CIS,wildcard,LCL,194.1833333333333,6,2.0,2019-06-29 00:00:00+00:00,2019-07-24 00:00:00+00:00,2019,0.0,0.0,0.0,194.1833333333333,6.0,2.0,0.3333333333333333
player::balkane,team::moscowfivecis,Balkane,Moscow Five.CIS,Moscow Five.CIS,Supra Esports | Moscow Five.CIS,wildcard,LCL,194.1833333333333,6,2.0,2019-06-29 00:00:00+00:00,2019-07-24 00:00:00+00:00,2019,0.0,0.0,0.0,194.1833333333333,6.0,2.0,0.3333333333333333
player::degh,team::moscowfivecis,Degh,Moscow Five.CIS,Moscow Five.CIS,Supra Esports | Moscow Five.CIS,wildcard,LCL,194.1833333333333,6,2.0,2019-06-29 00:00:00+00:00,2019-07-24 00:00:00+00:00,2019,0.0,0.0,0.0,194.1833333333333,6.0,2.0,0.3333333333333333
player::lakeofsorrow,team::moscowfivecis,LakeOfSorrow,Moscow Five.CIS,Moscow Five.CIS,Supra Esports | Moscow Five.CIS,wildcard,LCL,194.1833333333333,6,2.0,2019-06-29 00:00:00+00:00,2019-07-24 00:00:00+00:00,2019,0.0,0.0,0.0,194.1833333333333,6.0,2.0,0.3333333333333333
player::mewtwo,team::moscowfivecis,MewTwo,Moscow Five.CIS,Moscow Five.CIS,Supra Esports | Moscow Five.CIS,wildcard,LCL,194.1833333333333,6,2.0,2019-06-29 00:00:00+00:00,2019-07-24 00:00:00+00:00,2019,0.0,0.0,0.0,194.1833333333333,6.0,2.0,0.3333333333333333
player::add,team::mvp,ADD,MVP,MVP,MVP,major,LCK,7738.883333333333,214,81.0,2016-05-27 00:00:00+00:00,2018-08-09 00:00:00+00:00,2016|2017|2018,0.0,0.0,0.0,7738.883333333333,214.0,81.0,0.37850467289719625
player::beyond-kim-kyu-seok,team::mvp,Beyond (Kim Kyu-seok),MVP,MVP,MVP,major,LCK,6509.033333333333,178,71.0,2016-05-27 00:00:00+00:00,2018-03-22 00:00:00+00:00,2016|2017|2018,0.0,0.0,0.0,6509.033333333333,178.0,71.0,0.398876404494382
player::ian,team::mvp,Ian,MVP,MVP,MVP,major,LCK,7888.583333333333,219,82.0,2016-05-27 00:00:00+00:00,2018-08-09 00:00:00+00:00,2016|2017|2018,0.0,0.0,0.0,7888.583333333333,219.0,82.0,0.3744292237442922
player::maha,team::mvp,MaHa,MVP,MVP,MVP,major,LCK,5671.0,157,59.0,2016-05-27 00:00:00+00:00,2018-07-22 00:00:00+00:00,2016|2017|2018,0.0,0.0,0.0,5671.0,157.0,59.0,0.37579617834394907
player::max-jeong-jong-bin,team::mvp,Max (Jeong Jong-bin),MVP,MVP,MVP,major,LCK,7725.633333333333,214,81.0,2016-05-27 00:00:00+00:00,2018-08-09 00:00:00+00:00,2016|2017|2018,0.0,0.0,0.0,7725.633333333333,214.0,81.0,0.37850467289719625
player::pilot-na-woo-hyung,team::mvp,Pilot (Na Woo-hyung),MVP,MVP,MVP,major,LCK,2276.3,64,23.0,2018-01-19 00:00:00+00:00,2018-08-09 00:00:00+00:00,2018,0.0,0.0,0.0,2276.3,64.0,23.0,0.359375
player::yondu,team::mvp,Yondu,MVP,MVP,MVP,major,LCK,1379.55,41,11.0,2018-06-12 00:00:00+00:00,2018-08-09 00:00:00+00:00,2018,0.0,0.0,0.0,1379.55,41.0,11.0,0.2682926829268293
player::motive,team::mvp,Motive,MVP,MVP,MVP,major,LCK,253.9333333333333,8,2.0,2018-06-14 00:00:00+00:00,2018-07-28 00:00:00+00:00,2018,0.0,0.0,0.0,253.9333333333333,8.0,2.0,0.25
player::cozq,team::mysteriousmonkeys,CozQ,Mysterious Monkeys,Mysterious Monkeys,Mysterious Monkeys,major,LEC,956.1166666666668,28,5.0,2017-06-03 00:00:00+00:00,2017-08-11 00:00:00+00:00,2017,0.0,0.0,0.0,956.1166666666668,28.0,5.0,0.17857142857142858
player::dreams-han-min-kook,team::mysteriousmonkeys,Dreams (Han Min-kook),Mysterious Monkeys,Mysterious Monkeys,Mysterious Monkeys,major,LEC,956.1166666666668,28,5.0,2017-06-03 00:00:00+00:00,2017-08-11 00:00:00+00:00,2017,0.0,0.0,0.0,956.1166666666668,28.0,5.0,0.17857142857142858
player::jisu,team::mysteriousmonkeys,Jisu,Mysterious Monkeys,Mysterious Monkeys,Mysterious Monkeys,major,LEC,256.1166666666667,8,0.0,2017-06-03 00:00:00+00:00,2017-06-15 00:00:00+00:00,2017,0.0,0.0,0.0,256.1166666666667,8.0,0.0,0.0
player::lamabear,team::mysteriousmonkeys,Lamabear,Mysterious Monkeys,Mysterious Monkeys,Mysterious Monkeys,major,LEC,256.1166666666667,8,0.0,2017-06-03 00:00:00+00:00,2017-06-15 00:00:00+00:00,2017,0.0,0.0,0.0,256.1166666666667,8.0,0.0,0.0
player::yuuki60,team::mysteriousmonkeys,Yuuki60,Mysterious Monkeys,Mysterious Monkeys,Mysterious Monkeys,major,LEC,956.1166666666668,28,5.0,2017-06-03 00:00:00+00:00,2017-08-11 00:00:00+00:00,2017,0.0,0.0,0.0,956.1166666666668,28.0,5.0,0.17857142857142858
player::amazing-maurice-stuckenschneider,team::mysteriousmonkeys,Amazing (Maurice Stückenschneider),Mysterious Monkeys,Mysterious Monkeys,Mysterious Monkeys,major,LEC,700.0,20,5.0,2017-06-24 00:00:00+00:00,2017-08-11 00:00:00+00:00,2017,0.0,0.0,0.0,700.0,20.0,5.0,0.25
player::kikis,team::mysteriousmonkeys,Kikis,Mysterious Monkeys,Mysterious Monkeys,Mysterious Monkeys,major,LEC,700.0,20,5.0,2017-06-24 00:00:00+00:00,2017-08-11 00:00:00+00:00,2017,0.0,0.0,0.0,700.0,20.0,5.0,0.25
player::cain,team::najinemfire,Cain,NaJin e-mFire,NaJin e-mFire,NaJin e-mFire,major,LCK,762.9,20,7.0,2015-01-07 00:00:00+00:00,2015-04-11 00:00:00+00:00,2015,0.0,0.0,0.0,762.9,20.0,7.0,0.35
player::duke-lee-ho-seong,team::najinemfire,Duke (Lee Ho-seong),NaJin e-mFire,NaJin e-mFire,NaJin e-mFire,major,LCK,3229.5333333333333,81,41.0,2015-01-07 00:00:00+00:00,2015-08-16 00:00:00+00:00,2015,0.0,0.0,0.0,3229.5333333333333,81.0,41.0,0.5061728395061729
player::ggoong,team::najinemfire,Ggoong,NaJin e-mFire,NaJin e-mFire,NaJin e-mFire,major,LCK,2674.0166666666664,67,34.0,2015-01-07 00:00:00+00:00,2015-08-16 00:00:00+00:00,2015,0.0,0.0,0.0,2674.0166666666664,67.0,34.0,0.5074626865671642
player::ohq,team::najinemfire,Ohq,NaJin e-mFire,NaJin e-mFire,NaJin e-mFire,major,LCK,2950.7833333333333,75,39.0,2015-01-07 00:00:00+00:00,2015-08-16 00:00:00+00:00,2015,0.0,0.0,0.0,2950.7833333333333,75.0,39.0,0.52
player::watch,team::najinemfire,Watch,NaJin e-mFire,NaJin e-mFire,NaJin e-mFire,major,LCK,2800.4333333333334,69,36.0,2015-01-07 00:00:00+00:00,2015-08-16 00:00:00+00:00,2015,0.0,0.0,0.0,2800.4333333333334,69.0,36.0,0.5217391304347826
player::pure,team::najinemfire,Pure,NaJin e-mFire,NaJin e-mFire,NaJin e-mFire,major,LCK,2466.633333333333,61,34.0,2015-01-16 00:00:00+00:00,2015-08-16 00:00:00+00:00,2015,0.0,0.0,0.0,2466.633333333333,61.0,34.0,0.5573770491803278
player::zefa,team::najinemfire,Zefa,NaJin e-mFire,NaJin e-mFire,NaJin e-mFire,major,LCK,278.75,6,2.0,2015-01-16 00:00:00+00:00,2015-02-06 00:00:00+00:00,2015,0.0,0.0,0.0,278.75,6.0,2.0,0.3333333333333333
player::peanut,team::najinemfire,Peanut,NaJin e-mFire,NaJin e-mFire,NaJin e-mFire,major,LCK,429.1,12,5.0,2015-02-25 00:00:00+00:00,2015-08-07 00:00:00+00:00,2015,0.0,0.0,0.0,429.1,12.0,5.0,0.4166666666666667
player::rain-park-dan-won,team::najinemfire,Rain (Park Dan-won),NaJin e-mFire,NaJin e-mFire,NaJin e-mFire,major,LCK,110.58333333333331,3,1.0,2015-02-25 00:00:00+00:00,2015-02-25 00:00:00+00:00,2015,0.0,0.0,0.0,110.58333333333331,3.0,1.0,0.3333333333333333
player::tank,team::najinemfire,Tank,NaJin e-mFire,NaJin e-mFire,NaJin e-mFire,major,LCK,444.9333333333333,11,6.0,2015-02-28 00:00:00+00:00,2015-08-07 00:00:00+00:00,2015,0.0,0.0,0.0,444.9333333333333,11.0,6.0,0.5454545454545454
player::fomko,team::natusvincerecis,Fomko,Natus Vincere.CIS,Dragon Wars,Dragon Wars | Natus Vincere.CIS,wildcard,LCL,928.4,24,16.0,2015-05-30 00:00:00+00:00,2015-07-26 00:00:00+00:00,2015,0.0,0.0,0.0,928.4,24.0,16.0,0.6666666666666666
player::lasagna,team::natusvincerecis,Lasagna,Natus Vincere.CIS,Dragon Wars,Dragon Wars | Natus Vincere.CIS,wildcard,LCL,928.4,24,16.0,2015-05-30 00:00:00+00:00,2015-07-26 00:00:00+00:00,2015,0.0,0.0,0.0,928.4,24.0,16.0,0.6666666666666666
player::skash,team::natusvincerecis,Skash,Natus Vincere.CIS,Dragon Wars,Dragon Wars | Natus Vincere.CIS,wildcard,LCL,348.75,9,6.0,2015-05-30 00:00:00+00:00,2015-06-28 00:00:00+00:00,2015,0.0,0.0,0.0,348.75,9.0,6.0,0.6666666666666666
player::vincentvega,team::natusvincerecis,VincentVega,Natus Vincere.CIS,Dragon Wars,Dragon Wars | Natus Vincere.CIS,wildcard,LCL,928.4,24,16.0,2015-05-30 00:00:00+00:00,2015-07-26 00:00:00+00:00,2015,0.0,0.0,0.0,928.4,24.0,16.0,0.6666666666666666
player::zvene,team::natusvincerecis,Zvene,Natus Vincere.CIS,Dragon Wars,Dragon Wars | Natus Vincere.CIS,wildcard,LCL,858.85,22,15.0,2015-05-30 00:00:00+00:00,2015-07-26 00:00:00+00:00,2015,0.0,0.0,0.0,858.85,22.0,15.0,0.6818181818181818
player::meziljie,team::natusvincerecis,Meziljie,Natus Vincere.CIS,Dragon Wars,Dragon Wars | Natus Vincere.CIS,wildcard,LCL,39.03333333333333,1,0.0,2015-05-31 00:00:00+00:00,2015-05-31 00:00:00+00:00,2015,0.0,0.0,0.0,39.03333333333333,1.0,0.0,0.0
player::aoi-haru,team::natusvincerecis,Aoi Haru,Natus Vincere.CIS,Dragon Wars,Dragon Wars | Natus Vincere.CIS,wildcard,LCL,30.516666666666666,1,1.0,2015-06-13 00:00:00+00:00,2015-06-13 00:00:00+00:00,2015,0.0,0.0,0.0,30.516666666666666,1.0,1.0,1.0
player::090,team::natusvincerecis,090,Natus Vincere.CIS,Dragon Wars,Dragon Wars | Natus Vincere.CIS,wildcard,LCL,107.31666666666666,3,2.0,2015-06-20 00:00:00+00:00,2015-06-21 00:00:00+00:00,2015,0.0,0.0,0.0,107.31666666666666,3.0,2.0,0.6666666666666666
player::likkrit,team::natusvincerecis,Likkrit,Natus Vincere.CIS,Dragon Wars,Dragon Wars | Natus Vincere.CIS,wildcard,LCL,472.3333333333333,12,8.0,2015-07-04 00:00:00+00:00,2015-07-26 00:00:00+00:00,2015,0.0,0.0,0.0,472.3333333333333,12.0,8.0,0.6666666666666666
player::lasagna,team::natusvincerecis,Lasagna,Natus Vincere.CIS,Natus Vincere.CIS,Dragon Wars | Natus Vincere.CIS,wildcard,LCL,1367.35,38,21.0,2016-01-16 00:00:00+00:00,2016-08-13 00:00:00+00:00,2016,0.0,0.0,0.0,1367.35,38.0,21.0,0.5526315789473685
player::saulius,team::natusvincerecis,Saulius,Natus Vincere.CIS,Natus Vincere.CIS,Dragon Wars | Natus Vincere.CIS,wildcard,LCL,1429.4666666666667,40,21.0,2016-01-16 00:00:00+00:00,2016-08-13 00:00:00+00:00,2016,0.0,0.0,0.0,1429.4666666666667,40.0,21.0,0.525
player::skash,team::natusvincerecis,Skash,Natus Vincere.CIS,Natus Vincere.CIS,Dragon Wars | Natus Vincere.CIS,wildcard,LCL,2504.85,69,29.0,2016-01-16 00:00:00+00:00,2017-08-06 00:00:00+00:00,2016|2017,0.0,0.0,0.0,2504.85,69.0,29.0,0.42028985507246375
player::vincentvega,team::natusvincerecis,VincentVega,Natus Vincere.CIS,Natus Vincere.CIS,Dragon Wars | Natus Vincere.CIS,wildcard,LCL,1429.4666666666667,40,21.0,2016-01-16 00:00:00+00:00,2016-08-13 00:00:00+00:00,2016,0.0,0.0,0.0,1429.4666666666667,40.0,21.0,0.525
player::zvene,team::natusvincerecis,Zvene,Natus Vincere.CIS,Natus Vincere.CIS,Dragon Wars | Natus Vincere.CIS,wildcard,LCL,1792.9166666666663,50,19.0,2016-01-16 00:00:00+00:00,2017-08-06 00:00:00+00:00,2016|2017,0.0,0.0,0.0,1792.9166666666663,50.0,19.0,0.38
player::aoi-haru,team::natusvincerecis,Aoi Haru,Natus Vincere.CIS,Natus Vincere.CIS,Dragon Wars | Natus Vincere.CIS,wildcard,LCL,62.11666666666666,2,0.0,2016-05-28 00:00:00+00:00,2016-05-29 00:00:00+00:00,2016,0.0,0.0,0.0,62.11666666666666,2.0,0.0,0.0
player::doxy,team::natusvincerecis,Doxy,Natus Vincere.CIS,Natus Vincere.CIS,Dragon Wars | Natus Vincere.CIS,wildcard,LCL,711.9333333333333,19,10.0,2016-05-28 00:00:00+00:00,2016-08-13 00:00:00+00:00,2016,0.0,0.0,0.0,711.9333333333333,19.0,10.0,0.5263157894736842
player::amiracle,team::natusvincerecis,aMiracle,Natus Vincere.CIS,Natus Vincere.CIS,Dragon Wars | Natus Vincere.CIS,wildcard,LCL,1075.3833333333332,29,8.0,2017-01-28 00:00:00+00:00,2017-08-06 00:00:00+00:00,2017,0.0,0.0,0.0,1075.3833333333332,29.0,8.0,0.27586206896551724
player::gumbeq,team::natusvincerecis,Gumbeq,Natus Vincere.CIS,Natus Vincere.CIS,Dragon Wars | Natus Vincere.CIS,wildcard,LCL,554.3666666666667,14,3.0,2017-01-28 00:00:00+00:00,2017-03-19 00:00:00+00:00,2017,0.0,0.0,0.0,554.3666666666667,14.0,3.0,0.21428571428571427
player::niq,team::natusvincerecis,niQ,Natus Vincere.CIS,Natus Vincere.CIS,Dragon Wars | Natus Vincere.CIS,wildcard,LCL,554.3666666666667,14,3.0,2017-01-28 00:00:00+00:00,2017-03-19 00:00:00+00:00,2017,0.0,0.0,0.0,554.3666666666667,14.0,3.0,0.21428571428571427
player::doubleaim,team::natusvincerecis,DoubleAiM,Natus Vincere.CIS,Natus Vincere.CIS,Dragon Wars | Natus Vincere.CIS,wildcard,LCL,521.0166666666667,15,5.0,2017-06-24 00:00:00+00:00,2017-08-06 00:00:00+00:00,2017,0.0,0.0,0.0,521.0166666666667,15.0,5.0,0.3333333333333333
player::piter-pokir,team::natusvincerecis,Piter Pokir,Natus Vincere.CIS,Natus Vincere.CIS,Dragon Wars | Natus Vincere.CIS,wildcard,LCL,521.0166666666667,15,5.0,2017-06-24 00:00:00+00:00,2017-08-06 00:00:00+00:00,2017,0.0,0.0,0.0,521.0166666666667,15.0,5.0,0.3333333333333333
player::dade,team::newbee,dade,Newbee,Newbee,Newbee,major,LPL,1555.2666666666669,39,13.0,2016-05-26 00:00:00+00:00,2016-08-07 00:00:00+00:00,2016,0.0,0.0,0.0,1555.2666666666669,39.0,13.0,0.3333333333333333
player::happyy,team::newbee,HappyY,Newbee,Newbee,Newbee,major,LPL,2037.5833333333335,53,19.0,2016-05-26 00:00:00+00:00,2017-08-06 00:00:00+00:00,2016|2017,0.0,0.0,0.0,2037.5833333333335,53.0,19.0,0.3584905660377358
player::morzb,team::newbee,MorZB,Newbee,Newbee,Newbee,major,LPL,1555.2666666666669,39,13.0,2016-05-26 00:00:00+00:00,2016-08-07 00:00:00+00:00,2016,0.0,0.0,0.0,1555.2666666666669,39.0,13.0,0.3333333333333333
player::swift,team::newbee,Swift,Newbee,Newbee,Newbee,major,LPL,4824.683333333333,129,57.0,2016-05-26 00:00:00+00:00,2017-08-23 00:00:00+00:00,2016|2017,0.0,0.0,0.0,4824.683333333333,129.0,57.0,0.4418604651162791
player::v,team::newbee,V,Newbee,Newbee,Newbee,major,LPL,3313.65,87,32.0,2016-05-26 00:00:00+00:00,2017-08-20 00:00:00+00:00,2016|2017,0.0,0.0,0.0,3313.65,87.0,32.0,0.367816091954023
player::cool,team::newbee,Cool,Newbee,Newbee,Newbee,major,LPL,786.95,22,8.0,2017-01-20 00:00:00+00:00,2017-04-14 00:00:00+00:00,2017,0.0,0.0,0.0,786.95,22.0,8.0,0.36363636363636365
player::lwx,team::newbee,Lwx,Newbee,Newbee,Newbee,major,LPL,2582.3,71,32.0,2017-01-20 00:00:00+00:00,2017-08-23 00:00:00+00:00,2017,0.0,0.0,0.0,2582.3,71.0,32.0,0.4507042253521127
player::pinus,team::newbee,Pinus,Newbee,Newbee,Newbee,major,LPL,319.71666666666664,9,2.0,2017-01-20 00:00:00+00:00,2017-04-14 00:00:00+00:00,2017,0.0,0.0,0.0,319.71666666666664,9.0,2.0,0.2222222222222222
player::mor,team::newbee,Mor,Newbee,Newbee,Newbee,major,LPL,1986.6,53,28.0,2017-01-22 00:00:00+00:00,2017-08-06 00:00:00+00:00,2017,0.0,0.0,0.0,1986.6,53.0,28.0,0.5283018867924528
player::coco,team::newbee,Coco,Newbee,Newbee,Newbee,major,LPL,1962.1,53,30.0,2017-02-12 00:00:00+00:00,2017-08-23 00:00:00+00:00,2017,0.0,0.0,0.0,1962.1,53.0,30.0,0.5660377358490566
player::skye,team::newbee,Skye,Newbee,Newbee,Newbee,major,LPL,1618.7166666666667,45,25.0,2017-03-17 00:00:00+00:00,2017-08-23 00:00:00+00:00,2017,0.0,0.0,0.0,1618.7166666666667,45.0,25.0,0.5555555555555556
player::corn-lei-wen,team::newbee,Corn (Lei Wen),Newbee,Newbee,Newbee,major,LPL,628.05,18,6.0,2017-06-10 00:00:00+00:00,2017-08-20 00:00:00+00:00,2017,0.0,0.0,0.0,628.05,18.0,6.0,0.3333333333333333
player::crisp,team::newbee,Crisp,Newbee,Newbee,Newbee,major,LPL,1070.7833333333333,31,14.0,2017-06-10 00:00:00+00:00,2017-08-23 00:00:00+00:00,2017,0.0,0.0,0.0,1070.7833333333333,31.0,14.0,0.45161290322580644
player::vasilii,team::newbee,Vasilii,Newbee,Newbee,Newbee,major,LPL,312.4833333333333,8,6.0,2017-06-30 00:00:00+00:00,2017-07-16 00:00:00+00:00,2017,0.0,0.0,0.0,312.4833333333333,8.0,6.0,0.75
player::quan,team::newbee,Quan,Newbee,Newbee,Newbee,major,LPL,70.1,2,0.0,2017-07-14 00:00:00+00:00,2017-07-14 00:00:00+00:00,2017,0.0,0.0,0.0,70.1,2.0,0.0,0.0
player::hanxuan,team::newbee,HanXuan,Newbee,Newbee,Newbee,major,LPL,37.583333333333336,1,0.0,2017-08-20 00:00:00+00:00,2017-08-20 00:00:00+00:00,2017,0.0,0.0,0.0,37.583333333333336,1.0,0.0,0.0
player::mountain-patrick-dasberg,team::nfaculty,MounTain (Patrick Dasberg),n!faculty,n!faculty,n!faculty,major,LEC,503.2166666666666,12,4.0,2014-11-22 00:00:00+00:00,2014-12-19 00:00:00+00:00,2015,0.0,0.0,0.0,503.2166666666666,12.0,4.0,0.3333333333333333
player::obvious,team::nfaculty,Obvious,n!faculty,n!faculty,n!faculty,major,LEC,503.2166666666666,12,4.0,2014-11-22 00:00:00+00:00,2014-12-19 00:00:00+00:00,2015,0.0,0.0,0.0,503.2166666666666,12.0,4.0,0.3333333333333333
player::sedrion,team::nfaculty,Sedrion,n!faculty,n!faculty,n!faculty,major,LEC,503.2166666666666,12,4.0,2014-11-22 00:00:00+00:00,2014-12-19 00:00:00+00:00,2015,0.0,0.0,0.0,503.2166666666666,12.0,4.0,0.3333333333333333
player::sozpurefect,team::nfaculty,SozPurefect,n!faculty,n!faculty,n!faculty,major,LEC,503.2166666666666,12,4.0,2014-11-22 00:00:00+00:00,2014-12-19 00:00:00+00:00,2015,0.0,0.0,0.0,503.2166666666666,12.0,4.0,0.3333333333333333
player::xaxus,team::nfaculty,Xaxus,n!faculty,n!faculty,n!faculty,major,LEC,503.2166666666666,12,4.0,2014-11-22 00:00:00+00:00,2014-12-19 00:00:00+00:00,2015,0.0,0.0,0.0,503.2166666666666,12.0,4.0,0.3333333333333333
player::heaq,team::nip,HeaQ,NIP,NIP,NIP,major,LEC,1036.6666666666667,29,7.0,2017-06-03 00:00:00+00:00,2017-08-10 00:00:00+00:00,2017,0.0,0.0,0.0,1036.6666666666667,29.0,7.0,0.2413793103448276
player::nagne,team::nip,Nagne,NIP,NIP,NIP,major,LEC,1036.6666666666667,29,7.0,2017-06-03 00:00:00+00:00,2017-08-10 00:00:00+00:00,2017,0.0,0.0,0.0,1036.6666666666667,29.0,7.0,0.2413793103448276
player::profit,team::nip,Profit,NIP,NIP,NIP,major,LEC,1036.6666666666667,29,7.0,2017-06-03 00:00:00+00:00,2017-08-10 00:00:00+00:00,2017,0.0,0.0,0.0,1036.6666666666667,29.0,7.0,0.2413793103448276
player::shook,team::nip,Shook,NIP,NIP,NIP,major,LEC,1036.6666666666667,29,7.0,2017-06-03 00:00:00+00:00,2017-08-10 00:00:00+00:00,2017,0.0,0.0,0.0,1036.6666666666667,29.0,7.0,0.2413793103448276
player::sprattel,team::nip,sprattel,NIP,NIP,NIP,major,LEC,1036.6666666666667,29,7.0,2017-06-03 00:00:00+00:00,2017-08-10 00:00:00+00:00,2017,0.0,0.0,0.0,1036.6666666666667,29.0,7.0,0.2413793103448276
player::bodydrop,team::nme,Bodydrop,NME,NME,NME,major,LCS,790.1166666666667,22,6.0,2014-11-15 00:00:00+00:00,2015-07-26 00:00:00+00:00,2015,0.0,0.0,0.0,790.1166666666667,22.0,6.0,0.2727272727272727
player::cackgod,team::nme,cackgod,NME,NME,NME,major,LCS,111.95,4,2.0,2014-11-15 00:00:00+00:00,2014-11-23 00:00:00+00:00,2015,0.0,0.0,0.0,111.95,4.0,2.0,0.5
player::inori,team::nme,Inori,NME,NME,NME,major,LCS,111.95,4,2.0,2014-11-15 00:00:00+00:00,2014-11-23 00:00:00+00:00,2015,0.0,0.0,0.0,111.95,4.0,2.0,0.5
player::otter-brian-thomas,team::nme,otter (Brian Thomas),NME,NME,NME,major,LCS,790.1166666666667,22,6.0,2014-11-15 00:00:00+00:00,2015-07-26 00:00:00+00:00,2015,0.0,0.0,0.0,790.1166666666667,22.0,6.0,0.2727272727272727
player::wolfe,team::nme,Wolfe,NME,NME,NME,major,LCS,111.95,4,2.0,2014-11-15 00:00:00+00:00,2014-11-23 00:00:00+00:00,2015,0.0,0.0,0.0,111.95,4.0,2.0,0.5
player::flaresz,team::nme,Flaresz,NME,NME,NME,major,LCS,678.1666666666666,18,4.0,2015-05-30 00:00:00+00:00,2015-07-26 00:00:00+00:00,2015,0.0,0.0,0.0,678.1666666666666,18.0,4.0,0.2222222222222222
player::innox,team::nme,Innox,NME,NME,NME,major,LCS,678.1666666666666,18,4.0,2015-05-30 00:00:00+00:00,2015-07-26 00:00:00+00:00,2015,0.0,0.0,0.0,678.1666666666666,18.0,4.0,0.2222222222222222
player::trashy,team::nme,Trashy,NME,NME,NME,major,LCS,678.1666666666666,18,4.0,2015-05-30 00:00:00+00:00,2015-07-26 00:00:00+00:00,2015,0.0,0.0,0.0,678.1666666666666,18.0,4.0,0.2222222222222222
player::altec,team::nrgesports,Altec,NRG Esports,NRG Esports,NRG Esports,major,LCS,625.3,18,7.0,2016-01-16 00:00:00+00:00,2016-04-03 00:00:00+00:00,2016,0.0,0.0,0.0,625.3,18.0,7.0,0.3888888888888889
player::cris,team::nrgesports,Cris,NRG Esports,NRG Esports,NRG Esports,major,LCS,40.583333333333336,1,1.0,2016-01-16 00:00:00+00:00,2016-01-16 00:00:00+00:00,2016,0.0,0.0,0.0,40.583333333333336,1.0,1.0,1.0
player::gbm,team::nrgesports,GBM,NRG Esports,NRG Esports,NRG Esports,major,LCS,2252.7666666666664,63,22.0,2016-01-16 00:00:00+00:00,2016-07-31 00:00:00+00:00,2016,0.0,0.0,0.0,2252.7666666666664,63.0,22.0,0.3492063492063492
player::konkwon,team::nrgesports,KonKwon,NRG Esports,NRG Esports,NRG Esports,major,LCS,694.2666666666667,20,8.0,2016-01-16 00:00:00+00:00,2016-04-03 00:00:00+00:00,2016,0.0,0.0,0.0,694.2666666666667,20.0,8.0,0.4
player::shrimp,team::nrgesports,Shrimp,NRG Esports,NRG Esports,NRG Esports,major,LCS,40.583333333333336,1,1.0,2016-01-16 00:00:00+00:00,2016-01-16 00:00:00+00:00,2016,0.0,0.0,0.0,40.583333333333336,1.0,1.0,1.0
player::impact,team::nrgesports,Impact,NRG Esports,NRG Esports,NRG Esports,major,LCS,653.6833333333333,19,7.0,2016-01-17 00:00:00+00:00,2016-04-03 00:00:00+00:00,2016,0.0,0.0,0.0,653.6833333333333,19.0,7.0,0.3684210526315789
player::moon-galen-holgate,team::nrgesports,Moon (Galen Holgate),NRG Esports,NRG Esports,NRG Esports,major,LCS,653.6833333333333,19,7.0,2016-01-17 00:00:00+00:00,2016-04-03 00:00:00+00:00,2016,0.0,0.0,0.0,653.6833333333333,19.0,7.0,0.3684210526315789
player::lod,team::nrgesports,LOD,NRG Esports,NRG Esports,NRG Esports,major,LCS,68.96666666666665,2,1.0,2016-02-27 00:00:00+00:00,2016-02-28 00:00:00+00:00,2016,0.0,0.0,0.0,68.96666666666665,2.0,1.0,0.5
player::kiwikid,team::nrgesports,KiWiKiD,NRG Esports,NRG Esports,NRG Esports,major,LCS,1558.5,43,14.0,2016-06-03 00:00:00+00:00,2016-07-31 00:00:00+00:00,2016,0.0,0.0,0.0,1558.5,43.0,14.0,0.32558139534883723
player::ohq,team::nrgesports,Ohq,NRG Esports,NRG Esports,NRG Esports,major,LCS,1558.5,43,14.0,2016-06-03 00:00:00+00:00,2016-07-31 00:00:00+00:00,2016,0.0,0.0,0.0,1558.5,43.0,14.0,0.32558139534883723
player::quas,team::nrgesports,Quas,NRG Esports,NRG Esports,NRG Esports,major,LCS,1558.5,43,14.0,2016-06-03 00:00:00+00:00,2016-07-31 00:00:00+00:00,2016,0.0,0.0,0.0,1558.5,43.0,14.0,0.32558139534883723
player::santorin,team::nrgesports,Santorin,NRG Esports,NRG Esports,NRG Esports,major,LCS,1558.5,43,14.0,2016-06-03 00:00:00+00:00,2016-07-31 00:00:00+00:00,2016,0.0,0.0,0.0,1558.5,43.0,14.0,0.32558139534883723
player::leonard,team::ntr,Leonard,NTR,NTR,NTR,major,LCS,46.766666666666666,2,0.0,2014-11-15 00:00:00+00:00,2014-11-16 00:00:00+00:00,2015,0.0,0.0,0.0,46.766666666666666,2.0,0.0,0.0
player::nocturnal,team::ntr,Nocturnal,NTR,NTR,NTR,major,LCS,46.766666666666666,2,0.0,2014-11-15 00:00:00+00:00,2014-11-16 00:00:00+00:00,2015,0.0,0.0,0.0,46.766666666666666,2.0,0.0,0.0
player::ralara,team::ntr,Ralara,NTR,NTR,NTR,major,LCS,46.766666666666666,2,0.0,2014-11-15 00:00:00+00:00,2014-11-16 00:00:00+00:00,2015,0.0,0.0,0.0,46.766666666666666,2.0,0.0,0.0
player::razelock,team::ntr,Razelock,NTR,NTR,NTR,major,LCS,46.766666666666666,2,0.0,2014-11-15 00:00:00+00:00,2014-11-16 00:00:00+00:00,2015,0.0,0.0,0.0,46.766666666666666,2.0,0.0,0.0
player::tonington,team::ntr,Tonington,NTR,NTR,NTR,major,LCS,46.766666666666666,2,0.0,2014-11-15 00:00:00+00:00,2014-11-16 00:00:00+00:00,2015,0.0,0.0,0.0,46.766666666666666,2.0,0.0,0.0
player::aprox,team::numberoneesports,âprox,NumberOne Esports,NumberOne Esports,NumberOne Esports,wildcard,TCL,635.9333333333332,18,2.0,2015-01-24 00:00:00+00:00,2016-02-28 00:00:00+00:00,2015|2016,0.0,0.0,0.0,635.9333333333332,18.0,2.0,0.1111111111111111
player::crisange,team::numberoneesports,Crisange,NumberOne Esports,NumberOne Esports,NumberOne Esports,wildcard,TCL,193.9,6,0.0,2015-01-24 00:00:00+00:00,2015-02-08 00:00:00+00:00,2015,0.0,0.0,0.0,193.9,6.0,0.0,0.0
player::decagon-moon,team::numberoneesports,Decagon Moon,NumberOne Esports,NumberOne Esports,NumberOne Esports,wildcard,TCL,857.6,24,8.0,2015-01-24 00:00:00+00:00,2015-05-24 00:00:00+00:00,2015,0.0,0.0,0.0,857.6,24.0,8.0,0.3333333333333333
player::padden,team::numberoneesports,Padden,NumberOne Esports,NumberOne Esports,NumberOne Esports,wildcard,TCL,193.9,6,0.0,2015-01-24 00:00:00+00:00,2015-02-08 00:00:00+00:00,2015,0.0,0.0,0.0,193.9,6.0,0.0,0.0
player::swanepoel,team::numberoneesports,Swanepoel,NumberOne Esports,NumberOne Esports,NumberOne Esports,wildcard,TCL,1746.65,49,15.0,2015-01-24 00:00:00+00:00,2016-02-14 00:00:00+00:00,2015|2016,0.0,0.0,0.0,1746.65,49.0,15.0,0.30612244897959184
player::leyl-u-nehar,team::numberoneesports,LEYL Ü NEHAR,NumberOne Esports,NumberOne Esports,NumberOne Esports,wildcard,TCL,577.9,16,6.0,2015-02-07 00:00:00+00:00,2015-03-29 00:00:00+00:00,2015,0.0,0.0,0.0,577.9,16.0,6.0,0.375
player::nasesuyno,team::numberoneesports,NasesUyno,NumberOne Esports,NumberOne Esports,NumberOne Esports,wildcard,TCL,1184.6999999999998,33,13.0,2015-02-14 00:00:00+00:00,2015-08-02 00:00:00+00:00,2015,0.0,0.0,0.0,1184.6999999999998,33.0,13.0,0.3939393939393939
player::stansfield,team::numberoneesports,Stansfield,NumberOne Esports,NumberOne Esports,NumberOne Esports,wildcard,TCL,283.3333333333333,8,4.0,2015-02-14 00:00:00+00:00,2015-05-31 00:00:00+00:00,2015,0.0,0.0,0.0,283.3333333333333,8.0,4.0,0.5
player::revanche,team::numberoneesports,Revanche,NumberOne Esports,NumberOne Esports,NumberOne Esports,wildcard,TCL,70.48333333333333,2,0.0,2015-02-21 00:00:00+00:00,2015-02-22 00:00:00+00:00,2015,0.0,0.0,0.0,70.48333333333333,2.0,0.0,0.0
player::zaek,team::numberoneesports,Zaek,NumberOne Esports,NumberOne Esports,NumberOne Esports,wildcard,TCL,374.35,10,4.0,2015-02-28 00:00:00+00:00,2015-03-29 00:00:00+00:00,2015,0.0,0.0,0.0,374.35,10.0,4.0,0.4
player::wtcn,team::numberoneesports,wtcN,NumberOne Esports,NumberOne Esports,NumberOne Esports,wildcard,TCL,671.1833333333333,19,7.0,2015-05-16 00:00:00+00:00,2015-08-02 00:00:00+00:00,2015,0.0,0.0,0.0,671.1833333333333,19.0,7.0,0.3684210526315789
player::trixucator,team::numberoneesports,Trixucator,NumberOne Esports,NumberOne Esports,NumberOne Esports,wildcard,TCL,324.26666666666665,10,3.0,2015-05-30 00:00:00+00:00,2015-07-12 00:00:00+00:00,2015,0.0,0.0,0.0,324.26666666666665,10.0,3.0,0.3
player::killeres,team::numberoneesports,KillerEs,NumberOne Esports,NumberOne Esports,NumberOne Esports,wildcard,TCL,962.95,27,7.0,2015-06-06 00:00:00+00:00,2016-02-28 00:00:00+00:00,2015|2016,0.0,0.0,0.0,962.95,27.0,7.0,0.25925925925925924
player::adaniel,team::numberoneesports,Adaniel,NumberOne Esports,NumberOne Esports,NumberOne Esports,wildcard,TCL,196.7333333333333,5,2.0,2015-07-26 00:00:00+00:00,2015-08-02 00:00:00+00:00,2015,0.0,0.0,0.0,196.7333333333333,5.0,2.0,0.4
player::elysion,team::numberoneesports,Elysion,NumberOne Esports,NumberOne Esports,NumberOne Esports,wildcard,TCL,506.4166666666666,14,2.0,2016-01-16 00:00:00+00:00,2016-02-28 00:00:00+00:00,2016,0.0,0.0,0.0,506.4166666666666,14.0,2.0,0.14285714285714285
player::muscle,team::numberoneesports,Muscle,NumberOne Esports,NumberOne Esports,NumberOne Esports,wildcard,TCL,73.85,2,1.0,2016-01-16 00:00:00+00:00,2016-01-17 00:00:00+00:00,2016,0.0,0.0,0.0,73.85,2.0,1.0,0.5
player::kondzisan,team::numberoneesports,KonDziSan,NumberOne Esports,NumberOne Esports,NumberOne Esports,wildcard,TCL,432.56666666666666,12,1.0,2016-01-23 00:00:00+00:00,2016-02-28 00:00:00+00:00,2016,0.0,0.0,0.0,432.56666666666666,12.0,1.0,0.08333333333333333
player::rydle,team::numberoneesports,Rydle,NumberOne Esports,NumberOne Esports,NumberOne Esports,wildcard,TCL,138.36666666666665,4,0.0,2016-02-20 00:00:00+00:00,2016-02-28 00:00:00+00:00,2016,0.0,0.0,0.0,138.36666666666665,4.0,0.0,0.0
player::cool,team::ohmygod,Cool,Oh My God,Oh My God,Oh My God,major,LPL,4506.383333333333,125,64.0,2015-01-17 00:00:00+00:00,2016-06-04 00:00:00+00:00,2015|2016,0.0,0.0,0.0,4506.383333333333,125.0,64.0,0.512
player::gogoing,team::ohmygod,Gogoing,Oh My God,Oh My God,Oh My God,major,LPL,1963.3166666666664,56,31.0,2015-01-17 00:00:00+00:00,2015-08-12 00:00:00+00:00,2015,0.0,0.0,0.0,1963.3166666666664,56.0,31.0,0.5535714285714286
player::loveling,team::ohmygod,LoveLing,Oh My God,Oh My God,Oh My God,major,LPL,2815.583333333333,79,41.0,2015-01-17 00:00:00+00:00,2015-08-12 00:00:00+00:00,2015,0.0,0.0,0.0,2815.583333333333,79.0,41.0,0.5189873417721519
player::luo-luo-ci-rui,team::ohmygod,Luo (Luo Ci-rui),Oh My God,Oh My God,Oh My God,major,LPL,927.6666666666669,26,16.0,2015-01-17 00:00:00+00:00,2016-06-12 00:00:00+00:00,2015|2016,0.0,0.0,0.0,927.6666666666669,26.0,16.0,0.6153846153846154
player::uzi-jian-zi-hao,team::ohmygod,Uzi (Jian Zi-Hao),Oh My God,Oh My God,Oh My God,major,LPL,2820.9666666666667,81,44.0,2015-01-17 00:00:00+00:00,2015-08-12 00:00:00+00:00,2015,0.0,0.0,0.0,2820.9666666666667,81.0,44.0,0.5432098765432098
player::cloud-hu-zhen-wei,team::ohmygod,Cloud (Hu Zhen-Wei),Oh My God,Oh My God,Oh My God,major,LPL,752.65,22,9.0,2015-02-27 00:00:00+00:00,2015-04-17 00:00:00+00:00,2015,0.0,0.0,0.0,752.65,22.0,9.0,0.4090909090909091
player::san-guo-jun-liang,team::ohmygod,san (Guo Jun-Liang),Oh My God,Oh My God,Oh My God,major,LPL,530.05,14,6.0,2015-02-27 00:00:00+00:00,2015-08-12 00:00:00+00:00,2015,0.0,0.0,0.0,530.05,14.0,6.0,0.42857142857142855
player::xiyang,team::ohmygod,Xiyang,Oh My God,Oh My God,Oh My God,major,LPL,10961.5,306,134.0,2015-02-27 00:00:00+00:00,2019-03-31 00:00:00+00:00,2015|2016|2017|2018|2019,0.0,0.0,0.0,10961.5,306.0,134.0,0.43790849673202614
player::amazing-liu-shi-yu,team::ohmygod,Amazing (Liu Shi-Yu),Oh My God,Oh My God,Oh My God,major,LPL,1463.4166666666667,42,21.0,2015-05-22 00:00:00+00:00,2015-08-09 00:00:00+00:00,2015,0.0,0.0,0.0,1463.4166666666667,42.0,21.0,0.5
player::juejue,team::ohmygod,JueJue,Oh My God,Oh My God,Oh My God,major,LPL,2398.6,64,27.0,2015-05-22 00:00:00+00:00,2017-03-16 00:00:00+00:00,2015|2016|2017,0.0,0.0,0.0,2398.6,64.0,27.0,0.421875
player::north-zhang-yu-ze,team::ohmygod,North (Zhang Yu-Ze),Oh My God,Oh My God,Oh My God,major,LPL,499.4,14,6.0,2015-07-05 00:00:00+00:00,2015-08-08 00:00:00+00:00,2015,0.0,0.0,0.0,499.4,14.0,6.0,0.42857142857142855
player::dark-yang-ju-bao,team::ohmygod,Dark (Yang Ju-Bao),Oh My God,Oh My God,Oh My God,major,LPL,168.1,5,0.0,2016-01-14 00:00:00+00:00,2016-02-19 00:00:00+00:00,2016,0.0,0.0,0.0,168.1,5.0,0.0,0.0
player::fishball,team::ohmygod,FishBall,Oh My God,Oh My God,Oh My God,major,LPL,178.35,5,2.0,2016-01-14 00:00:00+00:00,2016-01-16 00:00:00+00:00,2016,0.0,0.0,0.0,178.35,5.0,2.0,0.4
player::five,team::ohmygod,Five,Oh My God,Oh My God,Oh My God,major,LPL,10568.633333333331,296,120.0,2016-01-14 00:00:00+00:00,2019-08-16 00:00:00+00:00,2016|2017|2018|2019,0.0,0.0,0.0,10568.633333333331,296.0,120.0,0.40540540540540543
player::smlz,team::ohmygod,Smlz,Oh My God,Oh My God,Oh My God,major,LPL,6278.583333333333,168,78.0,2016-01-14 00:00:00+00:00,2017-09-02 00:00:00+00:00,2016|2017,0.0,0.0,0.0,6278.583333333333,168.0,78.0,0.4642857142857143
player::bei,team::ohmygod,bei,Oh My God,Oh My God,Oh My God,major,LPL,154.08333333333334,4,1.0,2016-01-22 00:00:00+00:00,2016-06-12 00:00:00+00:00,2016,0.0,0.0,0.0,154.08333333333334,4.0,1.0,0.25
player::icon,team::ohmygod,icon,Oh My God,Oh My God,Oh My God,major,LPL,10414.95,297,114.0,2016-01-22 00:00:00+00:00,2019-08-16 00:00:00+00:00,2016|2017|2018|2019,0.0,0.0,0.0,10414.95,297.0,114.0,0.3838383838383838
player::quan,team::ohmygod,Quan,Oh My God,Oh My God,Oh My God,major,LPL,1290.4666666666667,34,16.0,2016-01-22 00:00:00+00:00,2016-04-09 00:00:00+00:00,2016,0.0,0.0,0.0,1290.4666666666667,34.0,16.0,0.47058823529411764
player::world6,team::ohmygod,World6,Oh My God,Oh My God,Oh My God,major,LPL,3922.966666666666,112,42.0,2016-05-27 00:00:00+00:00,2019-08-16 00:00:00+00:00,2016|2017|2018|2019,0.0,0.0,0.0,3922.966666666666,112.0,42.0,0.375
player::memory,team::ohmygod,Memory,Oh My God,Oh My God,Oh My God,major,LPL,184.1833333333333,4,2.0,2016-07-08 00:00:00+00:00,2016-07-10 00:00:00+00:00,2016,0.0,0.0,0.0,184.1833333333333,4.0,2.0,0.5
player::jiekou,team::ohmygod,Jiekou,Oh My God,Oh My God,Oh My God,major,LPL,2149.8,62,29.0,2017-06-10 00:00:00+00:00,2018-08-22 00:00:00+00:00,2017|2018,0.0,0.0,0.0,2149.8,62.0,29.0,0.46774193548387094
player::chelly-li-yu-zhou,team::ohmygod,Chelly (Li Yu-Zhou),Oh My God,Oh My God,Oh My God,major,LPL,3718.716666666666,113,35.0,2018-01-19 00:00:00+00:00,2019-07-19 00:00:00+00:00,2018|2019,0.0,0.0,0.0,3718.716666666666,113.0,35.0,0.30973451327433627
player::fireloli,team::ohmygod,Fireloli,Oh My God,Oh My God,Oh My God,major,LPL,499.31666666666666,15,4.0,2018-01-28 00:00:00+00:00,2018-03-27 00:00:00+00:00,2018,0.0,0.0,0.0,499.31666666666666,15.0,4.0,0.26666666666666666
player::casual,team::ohmygod,Casual,Oh My God,Oh My God,Oh My God,major,LPL,54.23333333333333,2,0.0,2018-03-02 00:00:00+00:00,2018-03-18 00:00:00+00:00,2018,0.0,0.0,0.0,54.23333333333333,2.0,0.0,0.0
player::maestr0,team::ohmygod,Maestr0,Oh My God,Oh My God,Oh My God,major,LPL,183.45,6,1.0,2018-03-18 00:00:00+00:00,2018-03-27 00:00:00+00:00,2018,0.0,0.0,0.0,183.45,6.0,1.0,0.16666666666666666
player::mountain-xue-zhao-hong,team::ohmygod,Mountain (Xue Zhao-Hong),Oh My God,Oh My God,Oh My God,major,LPL,575.4666666666667,17,6.0,2018-06-12 00:00:00+00:00,2018-07-18 00:00:00+00:00,2018,0.0,0.0,0.0,575.4666666666667,17.0,6.0,0.35294117647058826
player::xuanxuanpi,team::ohmygod,XuanXuanPi,Oh My God,Oh My God,Oh My God,major,LPL,583.2,17,6.0,2018-06-24 00:00:00+00:00,2018-08-19 00:00:00+00:00,2018,0.0,0.0,0.0,583.2,17.0,6.0,0.35294117647058826
player::ale,team::ohmygod,Ale,Oh My God,Oh My God,Oh My God,major,LPL,850.1333333333333,27,8.0,2019-01-16 00:00:00+00:00,2019-03-31 00:00:00+00:00,2019,0.0,0.0,0.0,850.1333333333333,27.0,8.0,0.2962962962962963
player::l3est16,team::ohmygod,l3est16,Oh My God,Oh My God,Oh My God,major,LPL,558.7833333333333,18,5.0,2019-01-16 00:00:00+00:00,2019-03-11 00:00:00+00:00,2019,0.0,0.0,0.0,558.7833333333333,18.0,5.0,0.2777777777777778
player::penguin-zhao-shuai,team::ohmygod,Penguin (Zhao Shuai),Oh My God,Oh My God,Oh My God,major,LPL,777.9666666666667,24,10.0,2019-02-24 00:00:00+00:00,2019-06-10 00:00:00+00:00,2019,0.0,0.0,0.0,777.9666666666667,24.0,10.0,0.4166666666666667
player::bright,team::ohmygod,Bright,Oh My God,Oh My God,Oh My God,major,LPL,54.83333333333333,2,0.0,2019-02-26 00:00:00+00:00,2019-02-26 00:00:00+00:00,2019,0.0,0.0,0.0,54.83333333333333,2.0,0.0,0.0
player::xuan-wu-zheng-hang,team::ohmygod,Xuan (Wu Zheng-Hang),Oh My God,Oh My God,Oh My God,major,LPL,118.05,4,1.0,2019-03-17 00:00:00+00:00,2019-03-22 00:00:00+00:00,2019,0.0,0.0,0.0,118.05,4.0,1.0,0.25
player::curse-chen-chen,team::ohmygod,Curse (Chen Chen),Oh My God,Oh My God,Oh My God,major,LPL,1088.8833333333332,34,7.0,2019-06-06 00:00:00+00:00,2019-08-16 00:00:00+00:00,2019,0.0,0.0,0.0,1088.8833333333332,34.0,7.0,0.20588235294117646
player::hudie,team::ohmygod,Hudie,Oh My God,Oh My God,Oh My God,major,LPL,546.35,16,5.0,2019-06-06 00:00:00+00:00,2019-07-24 00:00:00+00:00,2019,0.0,0.0,0.0,546.35,16.0,5.0,0.3125
player::kryst4l,team::ohmygod,kRYST4L,Oh My God,Oh My God,Oh My God,major,LPL,395.0833333333333,12,3.0,2019-06-06 00:00:00+00:00,2019-07-31 00:00:00+00:00,2019,0.0,0.0,0.0,395.0833333333333,12.0,3.0,0.25
player::y1han,team::ohmygod,Y1HAN,Oh My God,Oh My God,Oh My God,major,LPL,259.9833333333333,8,2.0,2019-06-14 00:00:00+00:00,2019-07-17 00:00:00+00:00,2019,0.0,0.0,0.0,259.9833333333333,8.0,2.0,0.25
player::kane-chen-hao,team::ohmygod,Kane (Chen Hao),Oh My God,Oh My God,Oh My God,major,LPL,693.8,22,4.0,2019-06-19 00:00:00+00:00,2019-08-16 00:00:00+00:00,2019,0.0,0.0,0.0,693.8,22.0,4.0,0.18181818181818182
player::guoguo,team::ohmygod,Guoguo,Oh My God,Oh My God,Oh My God,major,LPL,53.85,2,0.0,2019-07-17 00:00:00+00:00,2019-07-17 00:00:00+00:00,2019,0.0,0.0,0.0,53.85,2.0,0.0,0.0
player::akaadian,team::opticgaming,Akaadian,OpTic Gaming,OpTic Gaming,OpTic Gaming,major,LCS,1345.6333333333334,34,14.0,2018-01-20 00:00:00+00:00,2018-08-19 00:00:00+00:00,2018,0.0,0.0,0.0,1345.6333333333334,34.0,14.0,0.4117647058823529
player::arrow,team::opticgaming,Arrow,OpTic Gaming,OpTic Gaming,OpTic Gaming,major,LCS,2700.033333333333,73,29.0,2018-01-20 00:00:00+00:00,2019-08-11 00:00:00+00:00,2018|2019,0.0,0.0,0.0,2700.033333333333,73.0,29.0,0.3972602739726027
player::lemonnation,team::opticgaming,LemonNation,OpTic Gaming,OpTic Gaming,OpTic Gaming,major,LCS,705.1500000000001,18,5.0,2018-01-20 00:00:00+00:00,2018-03-18 00:00:00+00:00,2018,0.0,0.0,0.0,705.1500000000001,18.0,5.0,0.2777777777777778
player::powerofevil,team::opticgaming,PowerOfEvil,OpTic Gaming,OpTic Gaming,OpTic Gaming,major,LCS,1410.95,36,14.0,2018-01-20 00:00:00+00:00,2018-08-19 00:00:00+00:00,2018,0.0,0.0,0.0,1410.95,36.0,14.0,0.3888888888888889
player::zig,team::opticgaming,zig,OpTic Gaming,OpTic Gaming,OpTic Gaming,major,LCS,504.13333333333327,12,3.0,2018-01-20 00:00:00+00:00,2018-03-11 00:00:00+00:00,2018,0.0,0.0,0.0,504.13333333333327,12.0,3.0,0.25
player::dhokla,team::opticgaming,Dhokla,OpTic Gaming,OpTic Gaming,OpTic Gaming,major,LCS,2119.833333333333,59,26.0,2018-02-24 00:00:00+00:00,2019-08-11 00:00:00+00:00,2018|2019,0.0,0.0,0.0,2119.833333333333,59.0,26.0,0.4406779661016949
player::big,team::opticgaming,Big,OpTic Gaming,OpTic Gaming,OpTic Gaming,major,LCS,1994.8833333333328,55,24.0,2018-06-16 00:00:00+00:00,2019-08-11 00:00:00+00:00,2018|2019,0.0,0.0,0.0,1994.8833333333328,55.0,24.0,0.43636363636363634
player::allorim,team::opticgaming,Allorim,OpTic Gaming,OpTic Gaming,OpTic Gaming,major,LCS,221.86666666666667,6,2.0,2018-06-23 00:00:00+00:00,2019-01-27 00:00:00+00:00,2018|2019,0.0,0.0,0.0,221.86666666666667,6.0,2.0,0.3333333333333333
player::gate,team::opticgaming,Gate,OpTic Gaming,OpTic Gaming,OpTic Gaming,major,LCS,211.11666666666665,6,2.0,2018-06-30 00:00:00+00:00,2019-02-03 00:00:00+00:00,2018|2019,0.0,0.0,0.0,211.11666666666665,6.0,2.0,0.3333333333333333
player::asta-toan-tran,team::opticgaming,Asta (Toàn Trần),OpTic Gaming,OpTic Gaming,OpTic Gaming,major,LCS,145.79999999999998,4,2.0,2019-01-27 00:00:00+00:00,2019-02-03 00:00:00+00:00,2019,0.0,0.0,0.0,145.79999999999998,4.0,2.0,0.5
player::crown,team::opticgaming,Crown,OpTic Gaming,OpTic Gaming,OpTic Gaming,major,LCS,1356.6,39,16.0,2019-01-27 00:00:00+00:00,2019-08-11 00:00:00+00:00,2019,0.0,0.0,0.0,1356.6,39.0,16.0,0.41025641025641024
player::dardoch,team::opticgaming,Dardoch,OpTic Gaming,OpTic Gaming,OpTic Gaming,major,LCS,228.63333333333333,6,3.0,2019-01-27 00:00:00+00:00,2019-03-10 00:00:00+00:00,2019,0.0,0.0,0.0,228.63333333333333,6.0,3.0,0.5
player::meteos,team::opticgaming,Meteos,OpTic Gaming,OpTic Gaming,OpTic Gaming,major,LCS,1206.25,35,14.0,2019-02-10 00:00:00+00:00,2019-08-11 00:00:00+00:00,2019,0.0,0.0,0.0,1206.25,35.0,14.0,0.4
player::scarlet-marcel-wiederhofer,team::opticgaming,Scarlet (Marcel Wiederhofer),OpTic Gaming,OpTic Gaming,OpTic Gaming,major,LCS,78.28333333333333,2,1.0,2019-06-22 00:00:00+00:00,2019-06-24 00:00:00+00:00,2019,0.0,0.0,0.0,78.28333333333333,2.0,1.0,0.5
player::fbi,team::ord,FBI,ORD,ORD,ORD,wildcard,OPL,1909.5333333333333,57,34.0,2018-01-19 00:00:00+00:00,2018-08-25 00:00:00+00:00,2018,0.0,0.0,0.0,1909.5333333333333,57.0,34.0,0.5964912280701754
player::rogue-jake-sharwood,team::ord,Rogue (Jake Sharwood),ORD,ORD,ORD,wildcard,OPL,1909.5333333333333,57,34.0,2018-01-19 00:00:00+00:00,2018-08-25 00:00:00+00:00,2018,0.0,0.0,0.0,1909.5333333333333,57.0,34.0,0.5964912280701754
player::spookz,team::ord,Spookz,ORD,ORD,ORD,wildcard,OPL,4072.283333333333,122,67.0,2018-01-19 00:00:00+00:00,2019-08-24 00:00:00+00:00,2018|2019,0.0,0.0,0.0,4072.283333333333,122.0,67.0,0.5491803278688525
player::swiffer,team::ord,Swiffer,ORD,ORD,ORD,wildcard,OPL,4108.4,123,67.0,2018-01-19 00:00:00+00:00,2019-08-24 00:00:00+00:00,2018|2019,0.0,0.0,0.0,4108.4,123.0,67.0,0.5447154471544715
player::tally,team::ord,Tally,ORD,ORD,ORD,wildcard,OPL,4108.4,123,67.0,2018-01-19 00:00:00+00:00,2019-08-24 00:00:00+00:00,2018|2019,0.0,0.0,0.0,4108.4,123.0,67.0,0.5447154471544715
player::dream-ronan-swingler,team::ord,Dream (Ronan Swingler),ORD,ORD,ORD,wildcard,OPL,2198.866666666667,66,33.0,2019-01-18 00:00:00+00:00,2019-08-24 00:00:00+00:00,2019,0.0,0.0,0.0,2198.866666666667,66.0,33.0,0.5
player::jayke,team::ord,Jayke,ORD,ORD,ORD,wildcard,OPL,2198.866666666667,66,33.0,2019-01-18 00:00:00+00:00,2019-08-24 00:00:00+00:00,2019,0.0,0.0,0.0,2198.866666666667,66.0,33.0,0.5
player::souli,team::ord,Souli,ORD,ORD,ORD,wildcard,OPL,36.11666666666667,1,0.0,2019-06-14 00:00:00+00:00,2019-06-14 00:00:00+00:00,2019,0.0,0.0,0.0,36.11666666666667,1.0,0.0,0.0
player::amazing-maurice-stuckenschneider,team::origen,Amazing (Maurice Stückenschneider),Origen,Origen,Origen,major,LEC,3884.55,101,53.0,2015-05-28 00:00:00+00:00,2016-07-31 00:00:00+00:00,2015|2016,135.46666666666667,3.0,1.0,4020.016666666667,104.0,54.0,0.5247524752475248
player::mithy,team::origen,Mithy,Origen,Origen,Origen,major,LEC,4094.9,116,65.0,2015-05-28 00:00:00+00:00,2019-09-13 00:00:00+00:00,2015|2016|2019,135.46666666666667,3.0,1.0,4230.366666666667,119.0,66.0,0.5603448275862069
player::niels,team::origen,Niels,Origen,Origen,Origen,major,LEC,1305.9666666666667,35,23.0,2015-05-28 00:00:00+00:00,2015-08-31 00:00:00+00:00,2015,135.46666666666667,3.0,1.0,1441.4333333333334,38.0,24.0,0.6571428571428571
player::soaz,team::origen,sOAZ,Origen,Origen,Origen,major,LEC,3884.55,101,53.0,2015-05-28 00:00:00+00:00,2016-07-31 00:00:00+00:00,2015|2016,135.46666666666667,3.0,1.0,4020.016666666667,104.0,54.0,0.5247524752475248
player::xpeke,team::origen,xPeke,Origen,Origen,Origen,major,LEC,3267.9666666666667,83,38.0,2015-05-28 00:00:00+00:00,2017-03-31 00:00:00+00:00,2015|2016|2017,135.46666666666667,3.0,1.0,3403.4333333333334,86.0,39.0,0.4578313253012048
player::powerofevil,team::origen,PowerOfEvil,Origen,Origen,Origen,major,LEC,2329.8166666666666,60,26.0,2016-01-14 00:00:00+00:00,2016-07-31 00:00:00+00:00,2016,0.0,0.0,0.0,2329.8166666666666,60.0,26.0,0.43333333333333335
player::zven,team::origen,Zven,Origen,Origen,Origen,major,LEC,1105.8,30,18.0,2016-01-14 00:00:00+00:00,2016-04-17 00:00:00+00:00,2016,0.0,0.0,0.0,1105.8,30.0,18.0,0.6
player::forg1vengre,team::origen,FORG1VENGRE,Origen,Origen,Origen,major,LEC,146.61666666666667,4,0.0,2016-06-02 00:00:00+00:00,2016-06-03 00:00:00+00:00,2016,0.0,0.0,0.0,146.61666666666667,4.0,0.0,0.0
player::hybrid-glenn-doornenbal,team::origen,Hybrid (Glenn Doornenbal),Origen,Origen,Origen,major,LEC,1472.7833333333333,36,12.0,2016-06-02 00:00:00+00:00,2016-07-31 00:00:00+00:00,2016,0.0,0.0,0.0,1472.7833333333333,36.0,12.0,0.3333333333333333
player::toaster,team::origen,Toaster,Origen,Origen,Origen,major,LEC,237.31666666666663,6,3.0,2016-07-14 00:00:00+00:00,2016-07-21 00:00:00+00:00,2016,0.0,0.0,0.0,237.31666666666663,6.0,3.0,0.5
player::hiiva,team::origen,Hiiva,Origen,Origen,Origen,major,LEC,405.55,12,0.0,2017-01-19 00:00:00+00:00,2017-02-18 00:00:00+00:00,2017,0.0,0.0,0.0,405.55,12.0,0.0,0.0
player::naehyun,team::origen,Naehyun,Origen,Origen,Origen,major,LEC,1029.9333333333334,28,2.0,2017-01-19 00:00:00+00:00,2017-03-31 00:00:00+00:00,2017,0.0,0.0,0.0,1029.9333333333334,28.0,2.0,0.07142857142857142
player::satorius,team::origen,Satorius,Origen,Origen,Origen,major,LEC,1029.9333333333334,28,2.0,2017-01-19 00:00:00+00:00,2017-03-31 00:00:00+00:00,2017,0.0,0.0,0.0,1029.9333333333334,28.0,2.0,0.07142857142857142
player::tabzz,team::origen,Tabzz,Origen,Origen,Origen,major,LEC,1029.9333333333334,28,2.0,2017-01-19 00:00:00+00:00,2017-03-31 00:00:00+00:00,2017,0.0,0.0,0.0,1029.9333333333334,28.0,2.0,0.07142857142857142
player::wisdom,team::origen,Wisdom,Origen,Origen,Origen,major,LEC,758.4166666666666,20,2.0,2017-01-19 00:00:00+00:00,2017-03-12 00:00:00+00:00,2017,0.0,0.0,0.0,758.4166666666666,20.0,2.0,0.1
player::cinkrof,team::origen,Cinkrof,Origen,Origen,Origen,major,LEC,271.51666666666665,8,0.0,2017-03-16 00:00:00+00:00,2017-03-31 00:00:00+00:00,2017,0.0,0.0,0.0,271.51666666666665,8.0,0.0,0.0
player::alphari,team::origen,Alphari,Origen,Origen,Origen,major,LEC,1683.1333333333332,51,24.0,2019-01-18 00:00:00+00:00,2019-09-13 00:00:00+00:00,2019,0.0,0.0,0.0,1683.1333333333332,51.0,24.0,0.47058823529411764
player::kold,team::origen,Kold,Origen,Origen,Origen,major,LEC,1497.3,46,22.0,2019-01-18 00:00:00+00:00,2019-08-17 00:00:00+00:00,2019,0.0,0.0,0.0,1497.3,46.0,22.0,0.4782608695652174
player::nukeduck,team::origen,Nukeduck,Origen,Origen,Origen,major,LEC,1683.1333333333332,51,24.0,2019-01-18 00:00:00+00:00,2019-09-13 00:00:00+00:00,2019,0.0,0.0,0.0,1683.1333333333332,51.0,24.0,0.47058823529411764
player::patrik,team::origen,Patrik,Origen,Origen,Origen,major,LEC,1683.1333333333332,51,24.0,2019-01-18 00:00:00+00:00,2019-09-13 00:00:00+00:00,2019,0.0,0.0,0.0,1683.1333333333332,51.0,24.0,0.47058823529411764
player::zanzarah,team::origen,Zanzarah,Origen,Origen,Origen,major,LEC,185.8333333333333,5,2.0,2019-09-13 00:00:00+00:00,2019-09-13 00:00:00+00:00,2019,0.0,0.0,0.0,185.8333333333333,5.0,2.0,0.4
player::a-m-u-s-e-4,team::ozonerampage,A M U S E 4,Ozone Rampage,Ozone Rampage,Ozone Rampage,wildcard,LJL,1133.4499999999998,29,19.0,2015-01-24 00:00:00+00:00,2015-08-07 00:00:00+00:00,2015,0.0,0.0,0.0,1133.4499999999998,29.0,19.0,0.6551724137931034
player::alk,team::ozonerampage,alk,Ozone Rampage,Ozone Rampage,Ozone Rampage,wildcard,LJL,401.5,10,5.0,2015-01-24 00:00:00+00:00,2015-03-14 00:00:00+00:00,2015,0.0,0.0,0.0,401.5,10.0,5.0,0.5
player::bakudanx,team::ozonerampage,Bakudanx,Ozone Rampage,Ozone Rampage,Ozone Rampage,wildcard,LJL,146.79999999999998,3,1.0,2015-01-24 00:00:00+00:00,2015-02-14 00:00:00+00:00,2015,0.0,0.0,0.0,146.79999999999998,3.0,1.0,0.3333333333333333
player::meron,team::ozonerampage,Meron,Ozone Rampage,Ozone Rampage,Ozone Rampage,wildcard,LJL,1133.4499999999998,29,19.0,2015-01-24 00:00:00+00:00,2015-08-07 00:00:00+00:00,2015,0.0,0.0,0.0,1133.4499999999998,29.0,19.0,0.6551724137931034
player::tei,team::ozonerampage,tei,Ozone Rampage,Ozone Rampage,Ozone Rampage,wildcard,LJL,1133.4499999999998,29,19.0,2015-01-24 00:00:00+00:00,2015-08-07 00:00:00+00:00,2015,0.0,0.0,0.0,1133.4499999999998,29.0,19.0,0.6551724137931034
player::envy-yoshikazu-tanaka,team::ozonerampage,Envy (Yoshikazu Tanaka),Ozone Rampage,Ozone Rampage,Ozone Rampage,wildcard,LJL,254.7,7,4.0,2015-01-31 00:00:00+00:00,2015-03-14 00:00:00+00:00,2015,0.0,0.0,0.0,254.7,7.0,4.0,0.5714285714285714
player::d0ad,team::ozonerampage,D0ad,Ozone Rampage,Ozone Rampage,Ozone Rampage,wildcard,LJL,625.1333333333333,16,12.0,2015-05-23 00:00:00+00:00,2015-08-07 00:00:00+00:00,2015,0.0,0.0,0.0,625.1333333333333,16.0,12.0,0.75
player::d4ra,team::ozonerampage,D4ra,Ozone Rampage,Ozone Rampage,Ozone Rampage,wildcard,LJL,731.9499999999999,19,14.0,2015-05-23 00:00:00+00:00,2015-08-07 00:00:00+00:00,2015,0.0,0.0,0.0,731.9499999999999,19.0,14.0,0.7368421052631579
player::shaft-park-yeong-jin,team::ozonerampage,Shaft (Park Yeong-jin),Ozone Rampage,Ozone Rampage,Ozone Rampage,wildcard,LJL,106.81666666666666,3,2.0,2015-07-25 00:00:00+00:00,2015-08-07 00:00:00+00:00,2015,0.0,0.0,0.0,106.81666666666666,3.0,2.0,0.6666666666666666
player::gate,team::p1,Gate,P1,P1,P1,major,LCS,1626.6833333333334,46,15.0,2016-06-04 00:00:00+00:00,2016-07-30 00:00:00+00:00,2016,0.0,0.0,0.0,1626.6833333333334,46.0,15.0,0.32608695652173914
player::mash,team::p1,Mash,P1,P1,P1,major,LCS,1439.4833333333331,41,14.0,2016-06-04 00:00:00+00:00,2016-07-30 00:00:00+00:00,2016,0.0,0.0,0.0,1439.4833333333331,41.0,14.0,0.34146341463414637
player::pirean,team::p1,Pirean,P1,P1,P1,major,LCS,1666.2333333333331,48,16.0,2016-06-04 00:00:00+00:00,2017-08-05 00:00:00+00:00,2016|2017,0.0,0.0,0.0,1666.2333333333331,48.0,16.0,0.3333333333333333
player::slooshi,team::p1,Slooshi,P1,P1,P1,major,LCS,356.1166666666667,10,1.0,2016-06-04 00:00:00+00:00,2016-06-18 00:00:00+00:00,2016,0.0,0.0,0.0,356.1166666666667,10.0,1.0,0.1
player::zentinel,team::p1,Zentinel,P1,P1,P1,major,LCS,498.3833333333333,14,2.0,2016-06-04 00:00:00+00:00,2016-06-18 00:00:00+00:00,2016,0.0,0.0,0.0,498.3833333333333,14.0,2.0,0.14285714285714285
player::zig,team::p1,zig,P1,P1,P1,major,LCS,4851.7,136,59.0,2016-06-04 00:00:00+00:00,2017-08-06 00:00:00+00:00,2016|2017,0.0,0.0,0.0,4851.7,136.0,59.0,0.4338235294117647
player::brandini,team::p1,Brandini,P1,P1,P1,major,LCS,257.75,7,3.0,2016-06-12 00:00:00+00:00,2016-07-30 00:00:00+00:00,2016,0.0,0.0,0.0,257.75,7.0,3.0,0.42857142857142855
player::inori,team::p1,Inori,P1,P1,P1,major,LCS,2619.4333333333334,71,33.0,2016-06-25 00:00:00+00:00,2017-06-09 00:00:00+00:00,2016|2017,0.0,0.0,0.0,2619.4333333333334,71.0,33.0,0.4647887323943662
player::adrian-adrian-ma,team::p1,Adrian (Adrian Ma),P1,P1,P1,major,LCS,1089.6166666666666,29,18.0,2017-01-20 00:00:00+00:00,2017-03-04 00:00:00+00:00,2017,0.0,0.0,0.0,1089.6166666666666,29.0,18.0,0.6206896551724138
player::arrow,team::p1,Arrow,P1,P1,P1,major,LCS,3511.4,98,47.0,2017-01-20 00:00:00+00:00,2017-08-06 00:00:00+00:00,2017,0.0,0.0,0.0,3511.4,98.0,47.0,0.47959183673469385
player::ryu,team::p1,Ryu,P1,P1,P1,major,LCS,3302.9333333333334,91,46.0,2017-01-20 00:00:00+00:00,2017-08-06 00:00:00+00:00,2017,0.0,0.0,0.0,3302.9333333333334,91.0,46.0,0.5054945054945055
player::meteos,team::p1,Meteos,P1,P1,P1,major,LCS,769.4833333333333,23,14.0,2017-02-17 00:00:00+00:00,2017-06-11 00:00:00+00:00,2017,0.0,0.0,0.0,769.4833333333333,23.0,14.0,0.6086956521739131
player::stunt,team::p1,Stunt,P1,P1,P1,major,LCS,466.5833333333333,13,11.0,2017-03-10 00:00:00+00:00,2017-04-15 00:00:00+00:00,2017,0.0,0.0,0.0,466.5833333333333,13.0,11.0,0.8461538461538461
player::shady-jordan-robison,team::p1,Shady (Jordan Robison),P1,P1,P1,major,LCS,810.6333333333333,23,6.0,2017-03-25 00:00:00+00:00,2017-06-17 00:00:00+00:00,2017,0.0,0.0,0.0,810.6333333333333,23.0,6.0,0.2608695652173913
player::mikeyeung,team::p1,MikeYeung,P1,P1,P1,major,LCS,1250.7833333333333,36,13.0,2017-06-17 00:00:00+00:00,2017-08-06 00:00:00+00:00,2017,0.0,0.0,0.0,1250.7833333333333,36.0,13.0,0.3611111111111111
player::xpecial,team::p1,Xpecial,P1,P1,P1,major,LCS,1144.5666666666666,33,12.0,2017-06-18 00:00:00+00:00,2017-08-06 00:00:00+00:00,2017,0.0,0.0,0.0,1144.5666666666666,33.0,12.0,0.36363636363636365
player::allorim,team::p1,Allorim,P1,P1,P1,major,LCS,28.633333333333333,1,0.0,2017-07-30 00:00:00+00:00,2017-07-30 00:00:00+00:00,2017,0.0,0.0,0.0,28.633333333333333,1.0,0.0,0.0
player::amades,team::p3p,Amades,P3P,P3P,P3P,wildcard,TCL,256.65,8,3.0,2017-06-03 00:00:00+00:00,2017-06-11 00:00:00+00:00,2017,0.0,0.0,0.0,256.65,8.0,3.0,0.375
player::cognac,team::p3p,Cognac,P3P,P3P,P3P,wildcard,TCL,1172.3666666666666,35,16.0,2017-06-03 00:00:00+00:00,2017-08-07 00:00:00+00:00,2017,0.0,0.0,0.0,1172.3666666666666,35.0,16.0,0.45714285714285713
player::hioss,team::p3p,Hioss,P3P,P3P,P3P,wildcard,TCL,1172.3666666666666,35,16.0,2017-06-03 00:00:00+00:00,2017-08-07 00:00:00+00:00,2017,0.0,0.0,0.0,1172.3666666666666,35.0,16.0,0.45714285714285713
player::rawbin-iv,team::p3p,Rawbin IV,P3P,P3P,P3P,wildcard,TCL,466.76666666666665,14,6.0,2017-06-03 00:00:00+00:00,2017-07-02 00:00:00+00:00,2017,0.0,0.0,0.0,466.76666666666665,14.0,6.0,0.42857142857142855
player::shoshin,team::p3p,Shoshin,P3P,P3P,P3P,wildcard,TCL,256.65,8,3.0,2017-06-03 00:00:00+00:00,2017-06-11 00:00:00+00:00,2017,0.0,0.0,0.0,256.65,8.0,3.0,0.375
player::crossman,team::p3p,Crossman,P3P,P3P,P3P,wildcard,TCL,915.7166666666666,27,13.0,2017-06-18 00:00:00+00:00,2017-08-07 00:00:00+00:00,2017,0.0,0.0,0.0,915.7166666666666,27.0,13.0,0.48148148148148145
player::reje,team::p3p,reje,P3P,P3P,P3P,wildcard,TCL,915.7166666666666,27,13.0,2017-06-18 00:00:00+00:00,2017-08-07 00:00:00+00:00,2017,0.0,0.0,0.0,915.7166666666666,27.0,13.0,0.48148148148148145
player::crystal,team::p3p,Crystal,P3P,P3P,P3P,wildcard,TCL,393.4,12,7.0,2017-07-03 00:00:00+00:00,2017-08-07 00:00:00+00:00,2017,0.0,0.0,0.0,393.4,12.0,7.0,0.5833333333333334
player::k0u,team::p3p,k0u,P3P,P3P,P3P,wildcard,TCL,312.2,9,3.0,2017-07-29 00:00:00+00:00,2017-08-07 00:00:00+00:00,2017,0.0,0.0,0.0,312.2,9.0,3.0,0.3333333333333333
player::brtt,team::paingaming,brTT,PaiN Gaming,PaiN Gaming,PaiN Gaming,wildcard,CBLOL,2684.0,65,40.0,2015-01-17 00:00:00+00:00,2016-03-13 00:00:00+00:00,2015|2016,217.11666666666667,6.0,2.0,2901.1166666666663,71.0,42.0,0.6153846153846154
player::dioud,team::paingaming,Dioud,PaiN Gaming,PaiN Gaming,PaiN Gaming,wildcard,CBLOL,1885.0666666666664,46,31.0,2015-01-17 00:00:00+00:00,2015-08-08 00:00:00+00:00,2015,0.0,0.0,0.0,1885.0666666666664,46.0,31.0,0.6739130434782609
player::kami-gabriel-bohm-santos,team::paingaming,Kami (Gabriel Bohm Santos),PaiN Gaming,PaiN Gaming,PaiN Gaming,wildcard,CBLOL,4916.45,122,72.0,2015-01-17 00:00:00+00:00,2017-09-02 00:00:00+00:00,2015|2016|2017,217.11666666666667,6.0,2.0,5133.566666666667,128.0,74.0,0.5901639344262295
player::leko,team::paingaming,Leko,PaiN Gaming,PaiN Gaming,PaiN Gaming,wildcard,CBLOL,1032.9666666666665,26,16.0,2015-01-17 00:00:00+00:00,2016-02-13 00:00:00+00:00,2015|2016,0.0,0.0,0.0,1032.9666666666665,26.0,16.0,0.6153846153846154
player::sirt,team::paingaming,SirT,PaiN Gaming,PaiN Gaming,PaiN Gaming,wildcard,CBLOL,4087.7,100,60.0,2015-01-17 00:00:00+00:00,2017-03-26 00:00:00+00:00,2015|2016|2017,217.11666666666667,6.0,2.0,4304.816666666667,106.0,62.0,0.6
player::mylon,team::paingaming,Mylon,PaiN Gaming,PaiN Gaming,PaiN Gaming,wildcard,CBLOL,3885.9666666666662,96,58.0,2015-05-24 00:00:00+00:00,2017-09-02 00:00:00+00:00,2015|2016|2017,217.11666666666667,6.0,2.0,4103.083333333333,102.0,60.0,0.6041666666666666
player::picoca,team::paingaming,Picoca,PaiN Gaming,PaiN Gaming,PaiN Gaming,wildcard,CBLOL,798.9333333333334,19,9.0,2016-01-16 00:00:00+00:00,2016-03-13 00:00:00+00:00,2016,0.0,0.0,0.0,798.9333333333334,19.0,9.0,0.47368421052631576
player::thefoxz,team::paingaming,TheFoxz,PaiN Gaming,PaiN Gaming,PaiN Gaming,wildcard,CBLOL,59.16666666666666,2,0.0,2016-01-30 00:00:00+00:00,2016-01-30 00:00:00+00:00,2016,0.0,0.0,0.0,59.16666666666666,2.0,0.0,0.0
player::taeyeon,team::paingaming,TaeYeon,PaiN Gaming,PaiN Gaming,PaiN Gaming,wildcard,CBLOL,743.8333333333334,19,11.0,2016-05-20 00:00:00+00:00,2016-06-26 00:00:00+00:00,2016,0.0,0.0,0.0,743.8333333333334,19.0,11.0,0.5789473684210527
player::ziriguidun,team::paingaming,Ziriguidun,PaiN Gaming,PaiN Gaming,PaiN Gaming,wildcard,CBLOL,743.8333333333334,19,11.0,2016-05-20 00:00:00+00:00,2016-06-26 00:00:00+00:00,2016,0.0,0.0,0.0,743.8333333333334,19.0,11.0,0.5789473684210527
player::loop-caio-almeida,team::paingaming,Loop (Caio Almeida),PaiN Gaming,PaiN Gaming,PaiN Gaming,wildcard,CBLOL,2276.516666666667,59,30.0,2017-01-21 00:00:00+00:00,2018-03-11 00:00:00+00:00,2017|2018,0.0,0.0,0.0,2276.516666666667,59.0,30.0,0.5084745762711864
player::matsukaze,team::paingaming,Matsukaze,PaiN Gaming,PaiN Gaming,PaiN Gaming,wildcard,CBLOL,3023.383333333333,80,40.0,2017-01-21 00:00:00+00:00,2019-08-10 00:00:00+00:00,2017|2018|2019,0.0,0.0,0.0,3023.383333333333,80.0,40.0,0.5
player::tay,team::paingaming,Tay,PaiN Gaming,PaiN Gaming,PaiN Gaming,wildcard,CBLOL,1616.65,43,21.0,2017-01-29 00:00:00+00:00,2018-03-11 00:00:00+00:00,2017|2018,0.0,0.0,0.0,1616.65,43.0,21.0,0.4883720930232558
player::rakin,team::paingaming,Rakin,PaiN Gaming,PaiN Gaming,PaiN Gaming,wildcard,CBLOL,61.65,2,2.0,2017-02-19 00:00:00+00:00,2017-03-12 00:00:00+00:00,2017,0.0,0.0,0.0,61.65,2.0,2.0,1.0
player::takeshi,team::paingaming,takeshi,PaiN Gaming,PaiN Gaming,PaiN Gaming,wildcard,CBLOL,726.25,19,7.0,2018-01-21 00:00:00+00:00,2018-03-11 00:00:00+00:00,2018,0.0,0.0,0.0,726.25,19.0,7.0,0.3684210526315789
player::tinowns,team::paingaming,tinowns,PaiN Gaming,PaiN Gaming,PaiN Gaming,wildcard,CBLOL,1473.1166666666668,40,17.0,2018-01-21 00:00:00+00:00,2019-08-10 00:00:00+00:00,2018|2019,0.0,0.0,0.0,1473.1166666666668,40.0,17.0,0.425
player::esa,team::paingaming,esA,PaiN Gaming,PaiN Gaming,PaiN Gaming,wildcard,CBLOL,746.8666666666667,21,10.0,2019-06-01 00:00:00+00:00,2019-08-10 00:00:00+00:00,2019,0.0,0.0,0.0,746.8666666666667,21.0,10.0,0.47619047619047616
player::minerva,team::paingaming,Minerva,PaiN Gaming,PaiN Gaming,PaiN Gaming,wildcard,CBLOL,746.8666666666667,21,10.0,2019-06-01 00:00:00+00:00,2019-08-10 00:00:00+00:00,2019,0.0,0.0,0.0,746.8666666666667,21.0,10.0,0.47619047619047616
player::yang-felipe-zhao,team::paingaming,Yang (Felipe Zhao),PaiN Gaming,PaiN Gaming,PaiN Gaming,wildcard,CBLOL,437.5,12,7.0,2019-06-01 00:00:00+00:00,2019-08-10 00:00:00+00:00,2019,0.0,0.0,0.0,437.5,12.0,7.0,0.5833333333333334
player::ayel,team::paingaming,Ayel,PaiN Gaming,PaiN Gaming,PaiN Gaming,wildcard,CBLOL,309.3666666666667,9,3.0,2019-06-08 00:00:00+00:00,2019-08-04 00:00:00+00:00,2019,0.0,0.0,0.0,309.3666666666667,9.0,3.0,0.3333333333333333
player::dara,team::pgm,Dara,PENTAGRAM,RPG,RPG | PENTAGRAM,wildcard,LJL,3823.433333333333,102,76.0,2016-01-17 00:00:00+00:00,2017-08-26 00:00:00+00:00,2016|2017,321.6166666666667,10.0,1.0,4145.05,112.0,77.0,0.7450980392156863
player::meron,team::pgm,Meron,PENTAGRAM,RPG,RPG | PENTAGRAM,wildcard,LJL,2178.25,57,37.0,2016-01-17 00:00:00+00:00,2016-08-07 00:00:00+00:00,2016,0.0,0.0,0.0,2178.25,57.0,37.0,0.6491228070175439
player::paz,team::pgm,Paz,PENTAGRAM,RPG,RPG | PENTAGRAM,wildcard,LJL,2178.25,57,37.0,2016-01-17 00:00:00+00:00,2016-08-07 00:00:00+00:00,2016,0.0,0.0,0.0,2178.25,57.0,37.0,0.6491228070175439
player::tei,team::pgm,tei,PENTAGRAM,RPG,RPG | PENTAGRAM,wildcard,LJL,534.4833333333333,15,5.0,2016-01-17 00:00:00+00:00,2016-04-10 00:00:00+00:00,2016,0.0,0.0,0.0,534.4833333333333,15.0,5.0,0.3333333333333333
player::tussle,team::pgm,Tussle,PENTAGRAM,RPG,RPG | PENTAGRAM,wildcard,LJL,3823.433333333333,102,76.0,2016-01-17 00:00:00+00:00,2017-08-26 00:00:00+00:00,2016|2017,321.6166666666667,10.0,1.0,4145.05,112.0,77.0,0.7450980392156863
player::roki,team::pgm,Roki,PENTAGRAM,RPG,RPG | PENTAGRAM,wildcard,LJL,2093.5333333333333,55,37.0,2016-01-20 00:00:00+00:00,2016-08-07 00:00:00+00:00,2016,0.0,0.0,0.0,2093.5333333333333,55.0,37.0,0.6727272727272727
player::aotaka,team::pgm,Aotaka,PENTAGRAM,RPG,RPG | PENTAGRAM,wildcard,LJL,449.76666666666665,13,5.0,2016-03-11 00:00:00+00:00,2016-04-10 00:00:00+00:00,2016,0.0,0.0,0.0,449.76666666666665,13.0,5.0,0.38461538461538464
player::evi,team::pgm,Evi,PENTAGRAM,RPG,RPG | PENTAGRAM,wildcard,LJL,2094.95,58,44.0,2017-01-20 00:00:00+00:00,2017-08-26 00:00:00+00:00,2017,321.6166666666667,10.0,1.0,2416.5666666666666,68.0,45.0,0.7586206896551724
player::ramune,team::pgm,Ramune,PENTAGRAM,RPG,RPG | PENTAGRAM,wildcard,LJL,2094.95,58,44.0,2017-01-20 00:00:00+00:00,2017-08-26 00:00:00+00:00,2017,321.6166666666667,10.0,1.0,2416.5666666666666,68.0,45.0,0.7586206896551724
player::yutorimoyasi,team::pgm,YutoriMoyasi,PENTAGRAM,RPG,RPG | PENTAGRAM,wildcard,LJL,2094.95,58,44.0,2017-01-20 00:00:00+00:00,2017-08-26 00:00:00+00:00,2017,321.6166666666667,10.0,1.0,2416.5666666666666,68.0,45.0,0.7586206896551724
player::gaeng,team::pgm,Gaeng,PENTAGRAM,PENTAGRAM,RPG | PENTAGRAM,wildcard,LJL,1945.8166666666664,55,33.0,2018-02-09 00:00:00+00:00,2018-09-08 00:00:00+00:00,2018,187.15,6.0,1.0,2132.9666666666667,61.0,34.0,0.6
player::once,team::pgm,Once,PENTAGRAM,PENTAGRAM,RPG | PENTAGRAM,wildcard,LJL,1945.8166666666664,55,33.0,2018-02-09 00:00:00+00:00,2018-09-08 00:00:00+00:00,2018,187.15,6.0,1.0,2132.9666666666667,61.0,34.0,0.6
player::paz,team::pgm,Paz,PENTAGRAM,PENTAGRAM,RPG | PENTAGRAM,wildcard,LJL,1945.8166666666664,55,33.0,2018-02-09 00:00:00+00:00,2018-09-08 00:00:00+00:00,2018,187.15,6.0,1.0,2132.9666666666667,61.0,34.0,0.6
player::ramune,team::pgm,Ramune,PENTAGRAM,PENTAGRAM,RPG | PENTAGRAM,wildcard,LJL,1945.8166666666664,55,33.0,2018-02-09 00:00:00+00:00,2018-09-08 00:00:00+00:00,2018,187.15,6.0,1.0,2132.9666666666667,61.0,34.0,0.6
player::yutorimoyasi,team::pgm,YutoriMoyasi,PENTAGRAM,PENTAGRAM,RPG | PENTAGRAM,wildcard,LJL,1945.8166666666664,55,33.0,2018-02-09 00:00:00+00:00,2018-09-08 00:00:00+00:00,2018,187.15,6.0,1.0,2132.9666666666667,61.0,34.0,0.6
player::goku,team::progamingesports,Goku,ProGaming Esports,OPK,OPK | ProGaming Esports,wildcard,CBLOL,1424.1166666666666,35,15.0,2016-01-16 00:00:00+00:00,2016-06-19 00:00:00+00:00,2016,0.0,0.0,0.0,1424.1166666666666,35.0,15.0,0.42857142857142855
player::professor,team::progamingesports,Professor,ProGaming Esports,OPK,OPK | ProGaming Esports,wildcard,CBLOL,1424.1166666666666,35,15.0,2016-01-16 00:00:00+00:00,2016-06-19 00:00:00+00:00,2016,0.0,0.0,0.0,1424.1166666666666,35.0,15.0,0.42857142857142855
player::skybart,team::progamingesports,SkyBart,ProGaming Esports,OPK,OPK | ProGaming Esports,wildcard,CBLOL,1424.1166666666666,35,15.0,2016-01-16 00:00:00+00:00,2016-06-19 00:00:00+00:00,2016,0.0,0.0,0.0,1424.1166666666666,35.0,15.0,0.42857142857142855
player::theusma,team::progamingesports,Theusma,ProGaming Esports,OPK,OPK | ProGaming Esports,wildcard,CBLOL,447.8833333333333,10,6.0,2016-01-16 00:00:00+00:00,2016-02-20 00:00:00+00:00,2016,0.0,0.0,0.0,447.8833333333333,10.0,6.0,0.6
player::zuao,team::progamingesports,Zuao,ProGaming Esports,OPK,OPK | ProGaming Esports,wildcard,CBLOL,885.4833333333333,21,10.0,2016-01-16 00:00:00+00:00,2016-03-20 00:00:00+00:00,2016,0.0,0.0,0.0,885.4833333333333,21.0,10.0,0.47619047619047616
player::ezprince,team::progamingesports,EzPrince,ProGaming Esports,OPK,OPK | ProGaming Esports,wildcard,CBLOL,437.6,11,4.0,2016-02-25 00:00:00+00:00,2016-03-20 00:00:00+00:00,2016,0.0,0.0,0.0,437.6,11.0,4.0,0.36363636363636365
player::skyer,team::progamingesports,Skyer,ProGaming Esports,OPK,OPK | ProGaming Esports,wildcard,CBLOL,538.6333333333333,14,5.0,2016-05-20 00:00:00+00:00,2016-06-19 00:00:00+00:00,2016,0.0,0.0,0.0,538.6333333333333,14.0,5.0,0.35714285714285715
player::turtle-gabriel-peixoto,team::progamingesports,Turtle (Gabriel Peixoto),ProGaming Esports,OPK,OPK | ProGaming Esports,wildcard,CBLOL,538.6333333333333,14,5.0,2016-05-20 00:00:00+00:00,2016-06-19 00:00:00+00:00,2016,0.0,0.0,0.0,538.6333333333333,14.0,5.0,0.35714285714285715
player::aoshi,team::progamingesports,Aoshi,ProGaming Esports,OPK,OPK | ProGaming Esports,wildcard,CBLOL,553.55,14,4.0,2017-01-22 00:00:00+00:00,2017-03-11 00:00:00+00:00,2017,0.0,0.0,0.0,553.55,14.0,4.0,0.2857142857142857
player::bocajr,team::progamingesports,BocaJR,ProGaming Esports,OPK,OPK | ProGaming Esports,wildcard,CBLOL,553.55,14,4.0,2017-01-22 00:00:00+00:00,2017-03-11 00:00:00+00:00,2017,0.0,0.0,0.0,553.55,14.0,4.0,0.2857142857142857
player::dynquedo,team::progamingesports,dyNquedo,ProGaming Esports,OPK,OPK | ProGaming Esports,wildcard,CBLOL,553.55,14,4.0,2017-01-22 00:00:00+00:00,2017-03-11 00:00:00+00:00,2017,0.0,0.0,0.0,553.55,14.0,4.0,0.2857142857142857
player::luskka,team::progamingesports,Luskka,ProGaming Esports,OPK,OPK | ProGaming Esports,wildcard,CBLOL,553.55,14,4.0,2017-01-22 00:00:00+00:00,2017-03-11 00:00:00+00:00,2017,0.0,0.0,0.0,553.55,14.0,4.0,0.2857142857142857
player::ranger,team::progamingesports,Ranger,ProGaming Esports,OPK,OPK | ProGaming Esports,wildcard,CBLOL,553.55,14,4.0,2017-01-22 00:00:00+00:00,2017-03-11 00:00:00+00:00,2017,0.0,0.0,0.0,553.55,14.0,4.0,0.2857142857142857
player::goku,team::progamingesports,Goku,ProGaming Esports,ProGaming Esports,OPK | ProGaming Esports,wildcard,CBLOL,1248.6833333333332,34,17.0,2017-06-03 00:00:00+00:00,2018-03-17 00:00:00+00:00,2017|2018,0.0,0.0,0.0,1248.6833333333332,34.0,17.0,0.5
player::luskka,team::progamingesports,Luskka,ProGaming Esports,ProGaming Esports,OPK | ProGaming Esports,wildcard,CBLOL,2633.6,73,28.0,2017-06-03 00:00:00+00:00,2019-03-23 00:00:00+00:00,2017|2018|2019,0.0,0.0,0.0,2633.6,73.0,28.0,0.3835616438356164
player::professor,team::progamingesports,Professor,ProGaming Esports,ProGaming Esports,OPK | ProGaming Esports,wildcard,CBLOL,1946.65,53,26.0,2017-06-03 00:00:00+00:00,2018-08-04 00:00:00+00:00,2017|2018,0.0,0.0,0.0,1946.65,53.0,26.0,0.49056603773584906
player::ranger,team::progamingesports,Ranger,ProGaming Esports,ProGaming Esports,OPK | ProGaming Esports,wildcard,CBLOL,306.1166666666666,8,5.0,2017-06-03 00:00:00+00:00,2017-07-22 00:00:00+00:00,2017,0.0,0.0,0.0,306.1166666666666,8.0,5.0,0.625
player::skybart,team::progamingesports,SkyBart,ProGaming Esports,ProGaming Esports,OPK | ProGaming Esports,wildcard,CBLOL,2034.7833333333333,55,26.0,2017-06-03 00:00:00+00:00,2018-08-04 00:00:00+00:00,2017|2018,0.0,0.0,0.0,2034.7833333333333,55.0,26.0,0.4727272727272727
player::zuao,team::progamingesports,Zuao,ProGaming Esports,ProGaming Esports,OPK | ProGaming Esports,wildcard,CBLOL,189.26666666666665,6,3.0,2017-06-03 00:00:00+00:00,2017-07-15 00:00:00+00:00,2017,0.0,0.0,0.0,189.26666666666665,6.0,3.0,0.5
player::minerva,team::progamingesports,Minerva,ProGaming Esports,ProGaming Esports,OPK | ProGaming Esports,wildcard,CBLOL,1539.4,41,18.0,2018-01-21 00:00:00+00:00,2018-08-04 00:00:00+00:00,2018,0.0,0.0,0.0,1539.4,41.0,18.0,0.43902439024390244
player::bocajr,team::progamingesports,BocaJR,ProGaming Esports,ProGaming Esports,OPK | ProGaming Esports,wildcard,CBLOL,88.13333333333333,2,0.0,2018-03-03 00:00:00+00:00,2018-03-10 00:00:00+00:00,2018,0.0,0.0,0.0,88.13333333333333,2.0,0.0,0.0
player::lynkez,team::progamingesports,Lynkez,ProGaming Esports,ProGaming Esports,OPK | ProGaming Esports,wildcard,CBLOL,405.6333333333333,11,4.0,2018-03-03 00:00:00+00:00,2018-08-04 00:00:00+00:00,2018,0.0,0.0,0.0,405.6333333333333,11.0,4.0,0.36363636363636365
player::vert,team::progamingesports,Vert,ProGaming Esports,ProGaming Esports,OPK | ProGaming Esports,wildcard,CBLOL,380.4666666666666,10,5.0,2018-06-09 00:00:00+00:00,2018-07-28 00:00:00+00:00,2018,0.0,0.0,0.0,380.4666666666666,10.0,5.0,0.5
player::fnb,team::progamingesports,fNb,ProGaming Esports,ProGaming Esports,OPK | ProGaming Esports,wildcard,CBLOL,709.1666666666666,21,2.0,2019-01-12 00:00:00+00:00,2019-03-24 00:00:00+00:00,2019,0.0,0.0,0.0,709.1666666666666,21.0,2.0,0.09523809523809523
player::lima,team::progamingesports,Lima,ProGaming Esports,ProGaming Esports,OPK | ProGaming Esports,wildcard,CBLOL,520.85,15,1.0,2019-01-12 00:00:00+00:00,2019-03-24 00:00:00+00:00,2019,0.0,0.0,0.0,520.85,15.0,1.0,0.06666666666666667
player::lynkotiko,team::progamingesports,Lynkotiko,ProGaming Esports,ProGaming Esports,OPK | ProGaming Esports,wildcard,CBLOL,668.5833333333334,20,2.0,2019-01-12 00:00:00+00:00,2019-03-24 00:00:00+00:00,2019,0.0,0.0,0.0,668.5833333333334,20.0,2.0,0.1
player::wos,team::progamingesports,Wos,ProGaming Esports,ProGaming Esports,OPK | ProGaming Esports,wildcard,CBLOL,709.1666666666666,21,2.0,2019-01-12 00:00:00+00:00,2019-03-24 00:00:00+00:00,2019,0.0,0.0,0.0,709.1666666666666,21.0,2.0,0.09523809523809523
player::leozuxo,team::progamingesports,Leozuxo,ProGaming Esports,ProGaming Esports,OPK | ProGaming Esports,wildcard,CBLOL,188.31666666666663,6,1.0,2019-01-20 00:00:00+00:00,2019-03-23 00:00:00+00:00,2019,0.0,0.0,0.0,188.31666666666663,6.0,1.0,0.16666666666666666
player::garo,team::progamingesports,Garo,ProGaming Esports,ProGaming Esports,OPK | ProGaming Esports,wildcard,CBLOL,150.93333333333334,4,0.0,2019-02-24 00:00:00+00:00,2019-03-24 00:00:00+00:00,2019,0.0,0.0,0.0,150.93333333333334,4.0,0.0,0.0
player::doinb,team::qg,Doinb,QG,QG,QG,major,LPL,3222.6,90,56.0,2015-05-22 00:00:00+00:00,2016-03-27 00:00:00+00:00,2015|2016,0.0,0.0,0.0,3222.6,90.0,56.0,0.6222222222222222
player::swift,team::qg,Swift,QG,QG,QG,major,LPL,3660.9166666666665,102,60.0,2015-05-22 00:00:00+00:00,2016-04-18 00:00:00+00:00,2015|2016,0.0,0.0,0.0,3660.9166666666665,102.0,60.0,0.5882352941176471
player::tct,team::qg,TcT,QG,QG,QG,major,LPL,2237.9,62,36.0,2015-05-22 00:00:00+00:00,2015-09-05 00:00:00+00:00,2015,0.0,0.0,0.0,2237.9,62.0,36.0,0.5806451612903226
player::tnt,team::qg,TnT,QG,QG,QG,major,LPL,2237.9,62,36.0,2015-05-22 00:00:00+00:00,2015-09-05 00:00:00+00:00,2015,0.0,0.0,0.0,2237.9,62.0,36.0,0.5806451612903226
player::v,team::qg,V,QG,QG,QG,major,LPL,3660.9166666666665,102,60.0,2015-05-22 00:00:00+00:00,2016-04-18 00:00:00+00:00,2015|2016,0.0,0.0,0.0,3660.9166666666665,102.0,60.0,0.5882352941176471
player::mor,team::qg,Mor,QG,QG,QG,major,LPL,1423.0166666666669,40,24.0,2016-01-15 00:00:00+00:00,2016-04-18 00:00:00+00:00,2016,0.0,0.0,0.0,1423.0166666666669,40.0,24.0,0.6
player::peco-yu-rui,team::qg,Peco (Yu Rui),QG,QG,QG,major,LPL,791.8166666666666,23,13.0,2016-01-15 00:00:00+00:00,2016-04-18 00:00:00+00:00,2016,0.0,0.0,0.0,791.8166666666666,23.0,13.0,0.5652173913043478
player::uzi-jian-zi-hao,team::qg,Uzi (Jian Zi-Hao),QG,QG,QG,major,LPL,733.6166666666667,20,11.0,2016-01-31 00:00:00+00:00,2016-04-18 00:00:00+00:00,2016,0.0,0.0,0.0,733.6166666666667,20.0,11.0,0.55
player::borisal,team::qg,BoriSal,QG,QG,QG,major,LPL,256.3333333333333,7,3.0,2016-03-31 00:00:00+00:00,2016-04-10 00:00:00+00:00,2016,0.0,0.0,0.0,256.3333333333333,7.0,3.0,0.42857142857142855
player::mortred,team::qg,Mortred,QG,QG,QG,major,LPL,79.56666666666666,2,1.0,2016-04-10 00:00:00+00:00,2016-04-10 00:00:00+00:00,2016,0.0,0.0,0.0,79.56666666666666,2.0,1.0,0.5
player::7kane,team::rabbitfive,7kane,RabbitFive,DetonatioN RabbitFive,DetonatioN RabbitFive | RabbitFive,wildcard,LJL,694.1833333333333,16,9.0,2015-01-24 00:00:00+00:00,2015-03-29 00:00:00+00:00,2015,0.0,0.0,0.0,694.1833333333333,16.0,9.0,0.5625
player::awaker-kentaro-hanaoka,team::rabbitfive,Awaker (Kentaro Hanaoka),RabbitFive,DetonatioN RabbitFive,DetonatioN RabbitFive | RabbitFive,wildcard,LJL,662.9499999999999,15,8.0,2015-01-24 00:00:00+00:00,2015-03-29 00:00:00+00:00,2015,0.0,0.0,0.0,662.9499999999999,15.0,8.0,0.5333333333333333
player::estel,team::rabbitfive,Estel,RabbitFive,DetonatioN RabbitFive,DetonatioN RabbitFive | RabbitFive,wildcard,LJL,694.1833333333333,16,9.0,2015-01-24 00:00:00+00:00,2015-03-29 00:00:00+00:00,2015,0.0,0.0,0.0,694.1833333333333,16.0,9.0,0.5625
player::moyashi,team::rabbitfive,Moyashi,RabbitFive,DetonatioN RabbitFive,DetonatioN RabbitFive | RabbitFive,wildcard,LJL,694.1833333333333,16,9.0,2015-01-24 00:00:00+00:00,2015-03-29 00:00:00+00:00,2015,0.0,0.0,0.0,694.1833333333333,16.0,9.0,0.5625
player::zerost,team::rabbitfive,Zerost,RabbitFive,DetonatioN RabbitFive,DetonatioN RabbitFive | RabbitFive,wildcard,LJL,694.1833333333333,16,9.0,2015-01-24 00:00:00+00:00,2015-03-29 00:00:00+00:00,2015,0.0,0.0,0.0,694.1833333333333,16.0,9.0,0.5625
player::evi,team::rabbitfive,Evi,RabbitFive,DetonatioN RabbitFive,DetonatioN RabbitFive | RabbitFive,wildcard,LJL,31.23333333333333,1,1.0,2015-01-31 00:00:00+00:00,2015-01-31 00:00:00+00:00,2015,0.0,0.0,0.0,31.23333333333333,1.0,1.0,1.0
player::awaker-kentaro-hanaoka,team::rabbitfive,Awaker (Kentaro Hanaoka),RabbitFive,RabbitFive,DetonatioN RabbitFive | RabbitFive,wildcard,LJL,400.85,10,5.0,2015-05-23 00:00:00+00:00,2015-07-11 00:00:00+00:00,2015,0.0,0.0,0.0,400.85,10.0,5.0,0.5
player::estel,team::rabbitfive,Estel,RabbitFive,RabbitFive,DetonatioN RabbitFive | RabbitFive,wildcard,LJL,400.85,10,5.0,2015-05-23 00:00:00+00:00,2015-07-11 00:00:00+00:00,2015,0.0,0.0,0.0,400.85,10.0,5.0,0.5
player::moyashi,team::rabbitfive,Moyashi,RabbitFive,RabbitFive,DetonatioN RabbitFive | RabbitFive,wildcard,LJL,400.85,10,5.0,2015-05-23 00:00:00+00:00,2015-07-11 00:00:00+00:00,2015,0.0,0.0,0.0,400.85,10.0,5.0,0.5
player::rainbrain,team::rabbitfive,Rainbrain,RabbitFive,RabbitFive,DetonatioN RabbitFive | RabbitFive,wildcard,LJL,400.85,10,5.0,2015-05-23 00:00:00+00:00,2015-07-11 00:00:00+00:00,2015,0.0,0.0,0.0,400.85,10.0,5.0,0.5
player::zerost,team::rabbitfive,Zerost,RabbitFive,RabbitFive,DetonatioN RabbitFive | RabbitFive,wildcard,LJL,115.18333333333334,3,2.0,2015-05-23 00:00:00+00:00,2015-07-11 00:00:00+00:00,2015,0.0,0.0,0.0,115.18333333333334,3.0,2.0,0.6666666666666666
player::shinmori,team::rabbitfive,Shinmori,RabbitFive,RabbitFive,DetonatioN RabbitFive | RabbitFive,wildcard,LJL,285.6666666666667,7,3.0,2015-05-30 00:00:00+00:00,2015-06-27 00:00:00+00:00,2015,0.0,0.0,0.0,285.6666666666667,7.0,3.0,0.42857142857142855
player::apamen,team::rascaljester,apaMen,Rascal Jester,Rascal Jester,Rascal Jester,wildcard,LJL,807.8333333333334,20,6.0,2015-01-24 00:00:00+00:00,2015-07-11 00:00:00+00:00,2015,0.0,0.0,0.0,807.8333333333334,20.0,6.0,0.3
player::cogcog,team::rascaljester,cogcog,Rascal Jester,Rascal Jester,Rascal Jester,wildcard,LJL,2257.8166666666666,63,17.0,2015-01-24 00:00:00+00:00,2019-08-18 00:00:00+00:00,2015|2016|2019,0.0,0.0,0.0,2257.8166666666666,63.0,17.0,0.2698412698412698
player::lillebelt,team::rascaljester,Lillebelt,Rascal Jester,Rascal Jester,Rascal Jester,wildcard,LJL,1187.1833333333334,31,9.0,2015-01-24 00:00:00+00:00,2016-03-23 00:00:00+00:00,2015|2016,0.0,0.0,0.0,1187.1833333333334,31.0,9.0,0.2903225806451613
player::rkp,team::rascaljester,Rkp,Rascal Jester,Rascal Jester,Rascal Jester,wildcard,LJL,1615.6666666666665,42,13.0,2015-01-24 00:00:00+00:00,2016-03-23 00:00:00+00:00,2015|2016,0.0,0.0,0.0,1615.6666666666665,42.0,13.0,0.30952380952380953
player::scottlyk,team::rascaljester,scottlyk,Rascal Jester,Rascal Jester,Rascal Jester,wildcard,LJL,1242.2,36,12.0,2015-01-24 00:00:00+00:00,2019-08-18 00:00:00+00:00,2015|2019,0.0,0.0,0.0,1242.2,36.0,12.0,0.3333333333333333
player::hiroki,team::rascaljester,Hiroki,Rascal Jester,Rascal Jester,Rascal Jester,wildcard,LJL,172.43333333333334,4,1.0,2015-05-23 00:00:00+00:00,2015-06-06 00:00:00+00:00,2015,0.0,0.0,0.0,172.43333333333334,4.0,1.0,0.25
player::inu,team::rascaljester,Inu,Rascal Jester,Rascal Jester,Rascal Jester,wildcard,LJL,475.86666666666656,13,2.0,2015-06-13 00:00:00+00:00,2016-03-23 00:00:00+00:00,2015|2016,0.0,0.0,0.0,475.86666666666656,13.0,2.0,0.15384615384615385
player::corn-hong-jae-hee,team::rascaljester,Corn (Hong Jae-hee),Rascal Jester,Rascal Jester,Rascal Jester,wildcard,LJL,563.0333333333333,15,6.0,2016-01-17 00:00:00+00:00,2016-03-02 00:00:00+00:00,2016,0.0,0.0,0.0,563.0333333333333,15.0,6.0,0.4
player::galb,team::rascaljester,GalB,Rascal Jester,Rascal Jester,Rascal Jester,wildcard,LJL,428.4833333333333,11,4.0,2016-01-17 00:00:00+00:00,2016-02-10 00:00:00+00:00,2016,0.0,0.0,0.0,428.4833333333333,11.0,4.0,0.36363636363636365
player::hw4ng,team::rascaljester,HW4NG,Rascal Jester,Rascal Jester,Rascal Jester,wildcard,LJL,428.4833333333333,11,4.0,2016-01-17 00:00:00+00:00,2016-02-10 00:00:00+00:00,2016,0.0,0.0,0.0,428.4833333333333,11.0,4.0,0.36363636363636365
player::aripo,team::rascaljester,aripo,Rascal Jester,Rascal Jester,Rascal Jester,wildcard,LJL,379.35,11,3.0,2016-02-26 00:00:00+00:00,2016-03-23 00:00:00+00:00,2016,0.0,0.0,0.0,379.35,11.0,3.0,0.2727272727272727
player::alleycat,team::rascaljester,alleycat,Rascal Jester,Rascal Jester,Rascal Jester,wildcard,LJL,3231.65,96,29.0,2017-01-21 00:00:00+00:00,2019-08-18 00:00:00+00:00,2017|2018|2019,0.0,0.0,0.0,3231.65,96.0,29.0,0.3020833333333333
player::atyamomo,team::rascaljester,Atyamomo,Rascal Jester,Rascal Jester,Rascal Jester,wildcard,LJL,1227.15,35,10.0,2017-01-21 00:00:00+00:00,2017-08-05 00:00:00+00:00,2017,0.0,0.0,0.0,1227.15,35.0,10.0,0.2857142857142857
player::isenn,team::rascaljester,iSeNN,Rascal Jester,Rascal Jester,Rascal Jester,wildcard,LJL,98.66666666666666,3,2.0,2017-01-21 00:00:00+00:00,2017-01-21 00:00:00+00:00,2017,0.0,0.0,0.0,98.66666666666666,3.0,2.0,0.6666666666666666
player::noa-shunya-honda,team::rascaljester,NoA (Shunya Honda),Rascal Jester,Rascal Jester,Rascal Jester,wildcard,LJL,2458.8166666666666,70,23.0,2017-01-21 00:00:00+00:00,2018-03-30 00:00:00+00:00,2017|2018,0.0,0.0,0.0,2458.8166666666666,70.0,23.0,0.32857142857142857
player::yuki-yuki-takahashi,team::rascaljester,Yuki (Yuki Takahashi),Rascal Jester,Rascal Jester,Rascal Jester,wildcard,LJL,3289.1,95,31.0,2017-01-21 00:00:00+00:00,2019-03-22 00:00:00+00:00,2017|2018|2019,0.0,0.0,0.0,3289.1,95.0,31.0,0.3263157894736842
player::wyvern,team::rascaljester,WyverN,Rascal Jester,Rascal Jester,Rascal Jester,wildcard,LJL,3832.583333333333,113,33.0,2017-01-28 00:00:00+00:00,2019-08-18 00:00:00+00:00,2017|2018|2019,0.0,0.0,0.0,3832.583333333333,113.0,33.0,0.2920353982300885
player::taki-kim-kwang-hee,team::rascaljester,Taki (Kim Kwang-hee),Rascal Jester,Rascal Jester,Rascal Jester,wildcard,LJL,303.15,8,3.0,2017-03-11 00:00:00+00:00,2017-03-24 00:00:00+00:00,2017,0.0,0.0,0.0,303.15,8.0,3.0,0.375
player::lavie,team::rascaljester,Lavie,Rascal Jester,Rascal Jester,Rascal Jester,wildcard,LJL,901.65,27,10.0,2017-06-03 00:00:00+00:00,2017-08-14 00:00:00+00:00,2017,0.0,0.0,0.0,901.65,27.0,10.0,0.37037037037037035
player::fanxy,team::rascaljester,Fanxy,Rascal Jester,Rascal Jester,Rascal Jester,wildcard,LJL,876.6833333333333,24,7.0,2018-02-09 00:00:00+00:00,2018-03-30 00:00:00+00:00,2018,0.0,0.0,0.0,876.6833333333333,24.0,7.0,0.2916666666666667
player::meron,team::rascaljester,Meron,Rascal Jester,Rascal Jester,Rascal Jester,wildcard,LJL,150.21666666666667,4,1.0,2018-02-10 00:00:00+00:00,2018-03-02 00:00:00+00:00,2018,0.0,0.0,0.0,150.21666666666667,4.0,1.0,0.25
player::hollis,team::rascaljester,Hollis,Rascal Jester,Rascal Jester,Rascal Jester,wildcard,LJL,680.0666666666666,21,7.0,2019-01-19 00:00:00+00:00,2019-03-22 00:00:00+00:00,2019,0.0,0.0,0.0,680.0666666666666,21.0,7.0,0.3333333333333333
player::ninja,team::rascaljester,Ninja,Rascal Jester,Rascal Jester,Rascal Jester,wildcard,LJL,642.15,21,4.0,2019-06-15 00:00:00+00:00,2019-08-18 00:00:00+00:00,2019,0.0,0.0,0.0,642.15,21.0,4.0,0.19047619047619047
player::zerost,team::rascaljester,Zerost,Rascal Jester,Rascal Jester,Rascal Jester,wildcard,LJL,484.35,16,3.0,2019-06-15 00:00:00+00:00,2019-08-18 00:00:00+00:00,2019,0.0,0.0,0.0,484.35,16.0,3.0,0.1875
player::anyyy,team::razerpichaugaming,Anyyy,Razer Pichau Gaming,IDM,IDM | Razer Pichau Gaming,wildcard,CBLOL,617.9,19,9.0,2018-06-10 00:00:00+00:00,2018-08-05 00:00:00+00:00,2018,0.0,0.0,0.0,617.9,19.0,9.0,0.47368421052631576
player::cabu,team::razerpichaugaming,Cabu,Razer Pichau Gaming,IDM,IDM | Razer Pichau Gaming,wildcard,CBLOL,617.9,19,9.0,2018-06-10 00:00:00+00:00,2018-08-05 00:00:00+00:00,2018,0.0,0.0,0.0,617.9,19.0,9.0,0.47368421052631576
player::cariok,team::razerpichaugaming,Cariok,Razer Pichau Gaming,IDM,IDM | Razer Pichau Gaming,wildcard,CBLOL,617.9,19,9.0,2018-06-10 00:00:00+00:00,2018-08-05 00:00:00+00:00,2018,0.0,0.0,0.0,617.9,19.0,9.0,0.47368421052631576
player::fitz,team::razerpichaugaming,Fitz,Razer Pichau Gaming,IDM,IDM | Razer Pichau Gaming,wildcard,CBLOL,617.9,19,9.0,2018-06-10 00:00:00+00:00,2018-08-05 00:00:00+00:00,2018,0.0,0.0,0.0,617.9,19.0,9.0,0.47368421052631576
player::sarkis,team::razerpichaugaming,Sarkis,Razer Pichau Gaming,IDM,IDM | Razer Pichau Gaming,wildcard,CBLOL,480.0833333333333,14,7.0,2018-06-10 00:00:00+00:00,2018-08-05 00:00:00+00:00,2018,0.0,0.0,0.0,480.0833333333333,14.0,7.0,0.5
player::damage,team::razerpichaugaming,Damage,Razer Pichau Gaming,IDM,IDM | Razer Pichau Gaming,wildcard,CBLOL,137.81666666666666,5,2.0,2018-06-24 00:00:00+00:00,2018-07-21 00:00:00+00:00,2018,0.0,0.0,0.0,137.81666666666666,5.0,2.0,0.4
player::anyyy,team::razerpichaugaming,Anyyy,Razer Pichau Gaming,Razer Pichau Gaming,IDM | Razer Pichau Gaming,wildcard,CBLOL,98.75,3,0.0,2018-08-11 00:00:00+00:00,2018-08-11 00:00:00+00:00,2018,0.0,0.0,0.0,98.75,3.0,0.0,0.0
player::cabu,team::razerpichaugaming,Cabu,Razer Pichau Gaming,Razer Pichau Gaming,IDM | Razer Pichau Gaming,wildcard,CBLOL,98.75,3,0.0,2018-08-11 00:00:00+00:00,2018-08-11 00:00:00+00:00,2018,0.0,0.0,0.0,98.75,3.0,0.0,0.0
player::cariok,team::razerpichaugaming,Cariok,Razer Pichau Gaming,Razer Pichau Gaming,IDM | Razer Pichau Gaming,wildcard,CBLOL,98.75,3,0.0,2018-08-11 00:00:00+00:00,2018-08-11 00:00:00+00:00,2018,0.0,0.0,0.0,98.75,3.0,0.0,0.0
player::fitz,team::razerpichaugaming,Fitz,Razer Pichau Gaming,Razer Pichau Gaming,IDM | Razer Pichau Gaming,wildcard,CBLOL,98.75,3,0.0,2018-08-11 00:00:00+00:00,2018-08-11 00:00:00+00:00,2018,0.0,0.0,0.0,98.75,3.0,0.0,0.0
player::sarkis,team::razerpichaugaming,Sarkis,Razer Pichau Gaming,Razer Pichau Gaming,IDM | Razer Pichau Gaming,wildcard,CBLOL,98.75,3,0.0,2018-08-11 00:00:00+00:00,2018-08-11 00:00:00+00:00,2018,0.0,0.0,0.0,98.75,3.0,0.0,0.0
player::ceos,team::rdp,Ceos,RDP,RDP,RDP,wildcard,CBLOL,925.1833333333332,26,14.0,2019-01-12 00:00:00+00:00,2019-04-07 00:00:00+00:00,2019,0.0,0.0,0.0,925.1833333333332,26.0,14.0,0.5384615384615384
player::dudstheboy,team::rdp,DudsTheBoy,RDP,RDP,RDP,wildcard,CBLOL,925.1833333333332,26,14.0,2019-01-12 00:00:00+00:00,2019-04-07 00:00:00+00:00,2019,0.0,0.0,0.0,925.1833333333332,26.0,14.0,0.5384615384615384
player::krastyel,team::rdp,Krastyel,RDP,RDP,RDP,wildcard,CBLOL,1578.1,45,21.0,2019-01-12 00:00:00+00:00,2019-08-10 00:00:00+00:00,2019,0.0,0.0,0.0,1578.1,45.0,21.0,0.4666666666666667
player::nyu,team::rdp,Nyu,RDP,RDP,RDP,wildcard,CBLOL,1505.0,43,20.0,2019-01-12 00:00:00+00:00,2019-08-10 00:00:00+00:00,2019,0.0,0.0,0.0,1505.0,43.0,20.0,0.46511627906976744
player::zuao,team::rdp,Zuao,RDP,RDP,RDP,wildcard,CBLOL,1507.7666666666669,43,20.0,2019-01-12 00:00:00+00:00,2019-07-28 00:00:00+00:00,2019,0.0,0.0,0.0,1507.7666666666669,43.0,20.0,0.46511627906976744
player::days4fun,team::rdp,Days4fun,RDP,RDP,RDP,wildcard,CBLOL,127.38333333333333,4,1.0,2019-03-24 00:00:00+00:00,2019-08-10 00:00:00+00:00,2019,0.0,0.0,0.0,127.38333333333333,4.0,1.0,0.25
player::jockster,team::rdp,Jockster,RDP,RDP,RDP,wildcard,CBLOL,677.6833333333333,20,7.0,2019-06-01 00:00:00+00:00,2019-08-04 00:00:00+00:00,2019,0.0,0.0,0.0,677.6833333333333,20.0,7.0,0.35
player::whitelotus,team::rdp,Whitelotus,RDP,RDP,RDP,wildcard,CBLOL,709.9666666666667,21,7.0,2019-06-01 00:00:00+00:00,2019-08-10 00:00:00+00:00,2019,0.0,0.0,0.0,709.9666666666667,21.0,7.0,0.3333333333333333
player::glowcore,team::rdp,Glowcore,RDP,RDP,RDP,wildcard,CBLOL,130.15,4,1.0,2019-07-13 00:00:00+00:00,2019-07-28 00:00:00+00:00,2019,0.0,0.0,0.0,130.15,4.0,1.0,0.25
player::riva,team::rdp,Riva,RDP,RDP,RDP,wildcard,CBLOL,57.05,2,0.0,2019-07-20 00:00:00+00:00,2019-07-21 00:00:00+00:00,2019,0.0,0.0,0.0,57.05,2.0,0.0,0.0
player::codpiece,team::rdp,Codpiece,RDP,RDP,RDP,wildcard,CBLOL,32.28333333333333,1,0.0,2019-08-10 00:00:00+00:00,2019-08-10 00:00:00+00:00,2019,0.0,0.0,0.0,32.28333333333333,1.0,0.0,0.0
player::brucer,team::redcanids,Brucer,Red Canids,INTZ Red,INTZ Red | Red Canids,wildcard,CBLOL,905.7166666666667,22,8.0,2015-05-23 00:00:00+00:00,2015-11-13 00:00:00+00:00,2015,0.0,0.0,0.0,905.7166666666667,22.0,8.0,0.36363636363636365
player::caos-jonas-vriesman,team::redcanids,Caos (Jonas Vriesman),Red Canids,INTZ Red,INTZ Red | Red Canids,wildcard,CBLOL,905.7166666666667,22,8.0,2015-05-23 00:00:00+00:00,2015-11-13 00:00:00+00:00,2015,0.0,0.0,0.0,905.7166666666667,22.0,8.0,0.36363636363636365
player::eryon,team::redcanids,Eryon,Red Canids,INTZ Red,INTZ Red | Red Canids,wildcard,CBLOL,905.7166666666667,22,8.0,2015-05-23 00:00:00+00:00,2015-11-13 00:00:00+00:00,2015,0.0,0.0,0.0,905.7166666666667,22.0,8.0,0.36363636363636365
player::leozuxo,team::redcanids,Leozuxo,Red Canids,INTZ Red,INTZ Red | Red Canids,wildcard,CBLOL,333.1,8,2.0,2015-05-23 00:00:00+00:00,2015-06-14 00:00:00+00:00,2015,0.0,0.0,0.0,333.1,8.0,2.0,0.25
player::sacyr,team::redcanids,SacyR,Red Canids,INTZ Red,INTZ Red | Red Canids,wildcard,CBLOL,905.7166666666667,22,8.0,2015-05-23 00:00:00+00:00,2015-11-13 00:00:00+00:00,2015,0.0,0.0,0.0,905.7166666666667,22.0,8.0,0.36363636363636365
player::robo,team::redcanids,Robo,Red Canids,INTZ Red,INTZ Red | Red Canids,wildcard,CBLOL,448.26666666666665,11,5.0,2015-06-21 00:00:00+00:00,2015-07-12 00:00:00+00:00,2015,0.0,0.0,0.0,448.26666666666665,11.0,5.0,0.45454545454545453
player::jockster,team::redcanids,Jockster,Red Canids,INTZ Red,INTZ Red | Red Canids,wildcard,CBLOL,124.35,3,1.0,2015-11-13 00:00:00+00:00,2015-11-13 00:00:00+00:00,2015,0.0,0.0,0.0,124.35,3.0,1.0,0.3333333333333333
player::ayel,team::redcanids,Ayel,Red Canids,Red Canids,INTZ Red | Red Canids,wildcard,CBLOL,1338.5833333333333,32,13.0,2016-01-17 00:00:00+00:00,2016-06-18 00:00:00+00:00,2016,0.0,0.0,0.0,1338.5833333333333,32.0,13.0,0.40625
player::brucer,team::redcanids,Brucer,Red Canids,Red Canids,INTZ Red | Red Canids,wildcard,CBLOL,1503.85,36,15.0,2016-01-17 00:00:00+00:00,2016-06-24 00:00:00+00:00,2016,0.0,0.0,0.0,1503.85,36.0,15.0,0.4166666666666667
player::caos-jonas-vriesman,team::redcanids,Caos (Jonas Vriesman),Red Canids,Red Canids,INTZ Red | Red Canids,wildcard,CBLOL,853.8499999999999,20,9.0,2016-01-17 00:00:00+00:00,2016-03-13 00:00:00+00:00,2016,0.0,0.0,0.0,853.8499999999999,20.0,9.0,0.45
player::eryon,team::redcanids,Eryon,Red Canids,Red Canids,INTZ Red | Red Canids,wildcard,CBLOL,913.9,22,9.0,2016-01-17 00:00:00+00:00,2016-05-19 00:00:00+00:00,2016,0.0,0.0,0.0,913.9,22.0,9.0,0.4090909090909091
player::sacyr,team::redcanids,SacyR,Red Canids,Red Canids,INTZ Red | Red Canids,wildcard,CBLOL,3160.35,81,39.0,2016-01-17 00:00:00+00:00,2018-08-05 00:00:00+00:00,2016|2017|2018,0.0,0.0,0.0,3160.35,81.0,39.0,0.48148148148148145
player::dioud,team::redcanids,Dioud,Red Canids,Red Canids,INTZ Red | Red Canids,wildcard,CBLOL,1727.4666666666667,44,28.0,2016-05-19 00:00:00+00:00,2017-07-22 00:00:00+00:00,2016|2017,225.2333333333333,6.0,4.0,1952.7,50.0,32.0,0.6363636363636364
player::yoda-felipe-noronha,team::redcanids,YoDa (Felipe Noronha),Red Canids,Red Canids,INTZ Red | Red Canids,wildcard,CBLOL,821.25,21,10.0,2016-05-19 00:00:00+00:00,2017-04-08 00:00:00+00:00,2016|2017,41.11666666666667,1.0,1.0,862.3666666666667,22.0,11.0,0.47619047619047616
player::beansu,team::redcanids,Beansu,Red Canids,Red Canids,INTZ Red | Red Canids,wildcard,CBLOL,105.21666666666668,2,2.0,2016-06-24 00:00:00+00:00,2016-06-24 00:00:00+00:00,2016,0.0,0.0,0.0,105.21666666666668,2.0,2.0,1.0
player::brtt,team::redcanids,brTT,Red Canids,Red Canids,INTZ Red | Red Canids,wildcard,CBLOL,1229.2833333333333,32,24.0,2017-01-22 00:00:00+00:00,2017-08-20 00:00:00+00:00,2017,225.2333333333333,6.0,4.0,1454.5166666666669,38.0,28.0,0.75
player::nappon,team::redcanids,Nappon,Red Canids,Red Canids,INTZ Red | Red Canids,wildcard,CBLOL,1551.1666666666667,41,29.0,2017-01-22 00:00:00+00:00,2018-02-04 00:00:00+00:00,2017|2018,225.2333333333333,6.0,4.0,1776.4,47.0,33.0,0.7073170731707317
player::robo,team::redcanids,Robo,Red Canids,Red Canids,INTZ Red | Red Canids,wildcard,CBLOL,1523.1666666666667,40,29.0,2017-01-22 00:00:00+00:00,2017-08-20 00:00:00+00:00,2017,225.2333333333333,6.0,4.0,1748.4,46.0,33.0,0.725
player::tockers,team::redcanids,tockers,Red Canids,Red Canids,INTZ Red | Red Canids,wildcard,CBLOL,1351.9166666666667,35,25.0,2017-01-22 00:00:00+00:00,2017-08-20 00:00:00+00:00,2017,184.11666666666667,5.0,3.0,1536.0333333333333,40.0,28.0,0.7142857142857143
player::rhuckz,team::redcanids,rhuckz,Red Canids,Red Canids,INTZ Red | Red Canids,wildcard,CBLOL,445.7,12,7.0,2017-06-11 00:00:00+00:00,2017-08-20 00:00:00+00:00,2017,0.0,0.0,0.0,445.7,12.0,7.0,0.5833333333333334
player::cabu,team::redcanids,Cabu,Red Canids,Red Canids,INTZ Red | Red Canids,wildcard,CBLOL,806.8166666666666,21,14.0,2018-01-21 00:00:00+00:00,2018-03-24 00:00:00+00:00,2018,0.0,0.0,0.0,806.8166666666666,21.0,14.0,0.6666666666666666
player::lep,team::redcanids,LEP,Red Canids,Red Canids,INTZ Red | Red Canids,wildcard,CBLOL,1362.6166666666668,37,19.0,2018-01-21 00:00:00+00:00,2018-08-05 00:00:00+00:00,2018,0.0,0.0,0.0,1362.6166666666668,37.0,19.0,0.5135135135135135
player::sky-kim-ha-neul,team::redcanids,Sky (Kim Ha-neul),Red Canids,Red Canids,INTZ Red | Red Canids,wildcard,CBLOL,1362.6166666666668,37,19.0,2018-01-21 00:00:00+00:00,2018-08-05 00:00:00+00:00,2018,0.0,0.0,0.0,1362.6166666666668,37.0,19.0,0.5135135135135135
player::winged,team::redcanids,Winged,Red Canids,Red Canids,INTZ Red | Red Canids,wildcard,CBLOL,778.8166666666666,20,14.0,2018-01-21 00:00:00+00:00,2018-03-24 00:00:00+00:00,2018,0.0,0.0,0.0,778.8166666666666,20.0,14.0,0.7
player::chaser,team::redcanids,Chaser,Red Canids,Red Canids,INTZ Red | Red Canids,wildcard,CBLOL,555.8,16,5.0,2018-06-10 00:00:00+00:00,2018-08-05 00:00:00+00:00,2018,0.0,0.0,0.0,555.8,16.0,5.0,0.3125
player::loop-caio-almeida,team::redcanids,Loop (Caio Almeida),Red Canids,Red Canids,INTZ Red | Red Canids,wildcard,CBLOL,555.8,16,5.0,2018-06-10 00:00:00+00:00,2018-08-05 00:00:00+00:00,2018,0.0,0.0,0.0,555.8,16.0,5.0,0.3125
player::4lan,team::remobrave,4LaN,Remo Brave,Remo Brave,Remo Brave,wildcard,CBLOL,549.1166666666667,14,3.0,2017-01-22 00:00:00+00:00,2017-03-12 00:00:00+00:00,2017,0.0,0.0,0.0,549.1166666666667,14.0,3.0,0.21428571428571427
player::cabuloso,team::remobrave,Cabuloso,Remo Brave,Remo Brave,Remo Brave,wildcard,CBLOL,549.1166666666667,14,3.0,2017-01-22 00:00:00+00:00,2017-03-12 00:00:00+00:00,2017,0.0,0.0,0.0,549.1166666666667,14.0,3.0,0.21428571428571427
player::evrot,team::remobrave,Evrot,Remo Brave,Remo Brave,Remo Brave,wildcard,CBLOL,549.1166666666667,14,3.0,2017-01-22 00:00:00+00:00,2017-03-12 00:00:00+00:00,2017,0.0,0.0,0.0,549.1166666666667,14.0,3.0,0.21428571428571427
player::sarkis,team::remobrave,Sarkis,Remo Brave,Remo Brave,Remo Brave,wildcard,CBLOL,549.1166666666667,14,3.0,2017-01-22 00:00:00+00:00,2017-03-12 00:00:00+00:00,2017,0.0,0.0,0.0,549.1166666666667,14.0,3.0,0.21428571428571427
player::thulz,team::remobrave,Thulz,Remo Brave,Remo Brave,Remo Brave,wildcard,CBLOL,549.1166666666667,14,3.0,2017-01-22 00:00:00+00:00,2017-03-12 00:00:00+00:00,2017,0.0,0.0,0.0,549.1166666666667,14.0,3.0,0.21428571428571427
player::celaver,team::rg,Celaver,RG,RG,RG,major,LEC,536.6166666666667,14,7.0,2014-11-21 00:00:00+00:00,2014-12-21 00:00:00+00:00,2015,0.0,0.0,0.0,536.6166666666667,14.0,7.0,0.5
player::kubon,team::rg,Kubon,RG,RG,RG,major,LEC,536.6166666666667,14,7.0,2014-11-21 00:00:00+00:00,2014-12-21 00:00:00+00:00,2015,0.0,0.0,0.0,536.6166666666667,14.0,7.0,0.5
player::libik,team::rg,Libik,RG,RG,RG,major,LEC,536.6166666666667,14,7.0,2014-11-21 00:00:00+00:00,2014-12-21 00:00:00+00:00,2015,0.0,0.0,0.0,536.6166666666667,14.0,7.0,0.5
player::takefun,team::rg,Takefun,RG,RG,RG,major,LEC,536.6166666666667,14,7.0,2014-11-21 00:00:00+00:00,2014-12-21 00:00:00+00:00,2015,0.0,0.0,0.0,536.6166666666667,14.0,7.0,0.5
player::xayoo,team::rg,Xayoo,RG,RG,RG,major,LEC,536.6166666666667,14,7.0,2014-11-21 00:00:00+00:00,2014-12-21 00:00:00+00:00,2015,0.0,0.0,0.0,536.6166666666667,14.0,7.0,0.5
player::chenyboy,team::rgc,Chenyboy,RGC,RGC,RGC,wildcard,OPL,411.35,13,3.0,2017-06-10 00:00:00+00:00,2017-07-23 00:00:00+00:00,2017,0.0,0.0,0.0,411.35,13.0,3.0,0.23076923076923078
player::fade-johnson-yan,team::rgc,Fade (Johnson Yan),RGC,RGC,RGC,wildcard,OPL,573.0833333333334,19,3.0,2017-06-10 00:00:00+00:00,2017-08-13 00:00:00+00:00,2017,0.0,0.0,0.0,573.0833333333334,19.0,3.0,0.15789473684210525
player::kpop,team::rgc,Kpop,RGC,RGC,RGC,wildcard,OPL,165.58333333333334,5,1.0,2017-06-10 00:00:00+00:00,2017-06-17 00:00:00+00:00,2017,0.0,0.0,0.0,165.58333333333334,5.0,1.0,0.2
player::siuman,team::rgc,Siuman,RGC,RGC,RGC,wildcard,OPL,673.15,22,5.0,2017-06-10 00:00:00+00:00,2017-08-19 00:00:00+00:00,2017,0.0,0.0,0.0,673.15,22.0,5.0,0.22727272727272727
player::zzz-xiao-zhi,team::rgc,ZZZ (Xiao Zhi),RGC,RGC,RGC,wildcard,OPL,673.15,22,5.0,2017-06-10 00:00:00+00:00,2017-08-19 00:00:00+00:00,2017,0.0,0.0,0.0,673.15,22.0,5.0,0.22727272727272727
player::yaelay,team::rgc,Yaelay,RGC,RGC,RGC,wildcard,OPL,129.21666666666664,4,2.0,2017-06-17 00:00:00+00:00,2017-08-19 00:00:00+00:00,2017,0.0,0.0,0.0,129.21666666666664,4.0,2.0,0.5
player::decoy,team::rgc,Decoy,RGC,RGC,RGC,wildcard,OPL,186.5833333333333,6,1.0,2017-06-24 00:00:00+00:00,2017-07-23 00:00:00+00:00,2017,0.0,0.0,0.0,186.5833333333333,6.0,1.0,0.16666666666666666
player::chenxuan,team::rgc,Chenxuan,RGC,RGC,RGC,wildcard,OPL,320.9833333333333,11,3.0,2017-07-22 00:00:00+00:00,2017-08-19 00:00:00+00:00,2017,0.0,0.0,0.0,320.9833333333333,11.0,3.0,0.2727272727272727
player::kedu,team::rgc,Kedu,RGC,RGC,RGC,wildcard,OPL,232.65,8,2.0,2017-07-28 00:00:00+00:00,2017-08-19 00:00:00+00:00,2017,0.0,0.0,0.0,232.65,8.0,2.0,0.25
player::heaq,team::rge,HeaQ,RGE,RGE,RGE,major,LEC,631.2,20,3.0,2019-01-18 00:00:00+00:00,2019-07-13 00:00:00+00:00,2019,0.0,0.0,0.0,631.2,20.0,3.0,0.15
player::kikis,team::rge,Kikis,RGE,RGE,RGE,major,LEC,567.45,18,2.0,2019-01-18 00:00:00+00:00,2019-03-16 00:00:00+00:00,2019,0.0,0.0,0.0,567.45,18.0,2.0,0.1111111111111111
player::profit,team::rge,Profit,RGE,RGE,RGE,major,LEC,753.3333333333334,24,4.0,2019-01-18 00:00:00+00:00,2019-07-27 00:00:00+00:00,2019,0.0,0.0,0.0,753.3333333333334,24.0,4.0,0.16666666666666666
player::sencux,team::rge,Sencux,RGE,RGE,RGE,major,LEC,567.45,18,2.0,2019-01-18 00:00:00+00:00,2019-03-16 00:00:00+00:00,2019,0.0,0.0,0.0,567.45,18.0,2.0,0.1111111111111111
player::wadid,team::rge,Wadid,RGE,RGE,RGE,major,LEC,365.6,12,0.0,2019-01-18 00:00:00+00:00,2019-03-16 00:00:00+00:00,2019,0.0,0.0,0.0,365.6,12.0,0.0,0.0
player::finn,team::rge,Finn,RGE,RGE,RGE,major,LEC,623.4833333333333,19,9.0,2019-02-15 00:00:00+00:00,2019-08-30 00:00:00+00:00,2019,0.0,0.0,0.0,623.4833333333333,19.0,9.0,0.47368421052631576
player::vander,team::rge,Vander,RGE,RGE,RGE,major,LEC,1011.2166666666668,31,13.0,2019-02-15 00:00:00+00:00,2019-08-30 00:00:00+00:00,2019,0.0,0.0,0.0,1011.2166666666668,31.0,13.0,0.41935483870967744
player::inspired,team::rge,Inspired,RGE,RGE,RGE,major,LEC,809.3666666666667,25,11.0,2019-06-07 00:00:00+00:00,2019-08-30 00:00:00+00:00,2019,0.0,0.0,0.0,809.3666666666667,25.0,11.0,0.44
player::larssen,team::rge,Larssen,RGE,RGE,RGE,major,LEC,809.3666666666667,25,11.0,2019-06-07 00:00:00+00:00,2019-08-30 00:00:00+00:00,2019,0.0,0.0,0.0,809.3666666666667,25.0,11.0,0.44
player::woolite,team::rge,Woolite,RGE,RGE,RGE,major,LEC,745.6166666666667,23,10.0,2019-06-07 00:00:00+00:00,2019-08-30 00:00:00+00:00,2019,0.0,0.0,0.0,745.6166666666667,23.0,10.0,0.43478260869565216
player::chenyboy,team::richgang,Chenyboy,Rich Gang,Rich Gang,Rich Gang,wildcard,OPL,355.45,9,2.0,2015-02-09 00:00:00+00:00,2015-03-05 00:00:00+00:00,2015,0.0,0.0,0.0,355.45,9.0,2.0,0.2222222222222222
player::dayshifted,team::richgang,dayshifted,Rich Gang,Rich Gang,Rich Gang,wildcard,OPL,249.01666666666665,6,2.0,2015-02-09 00:00:00+00:00,2015-02-23 00:00:00+00:00,2015,0.0,0.0,0.0,249.01666666666665,6.0,2.0,0.3333333333333333
player::destiny-mitchell-shaw,team::richgang,Destiny (Mitchell Shaw),Rich Gang,Rich Gang,Rich Gang,wildcard,OPL,286.8833333333333,7,2.0,2015-02-09 00:00:00+00:00,2015-03-02 00:00:00+00:00,2015,0.0,0.0,0.0,286.8833333333333,7.0,2.0,0.2857142857142857
player::huey,team::richgang,Huey,Rich Gang,Rich Gang,Rich Gang,wildcard,OPL,355.45,9,2.0,2015-02-09 00:00:00+00:00,2015-03-05 00:00:00+00:00,2015,0.0,0.0,0.0,355.45,9.0,2.0,0.2222222222222222
player::rich-homie,team::richgang,Rich Homie,Rich Gang,Rich Gang,Rich Gang,wildcard,OPL,274.3833333333333,7,2.0,2015-02-09 00:00:00+00:00,2015-03-05 00:00:00+00:00,2015,0.0,0.0,0.0,274.3833333333333,7.0,2.0,0.2857142857142857
player::skwiggle,team::richgang,Skwiggle,Rich Gang,Rich Gang,Rich Gang,wildcard,OPL,149.63333333333333,4,0.0,2015-02-23 00:00:00+00:00,2015-03-05 00:00:00+00:00,2015,0.0,0.0,0.0,149.63333333333333,4.0,0.0,0.0
player::fenceboy,team::richgang,fenceboy,Rich Gang,Rich Gang,Rich Gang,wildcard,OPL,106.43333333333334,3,0.0,2015-03-02 00:00:00+00:00,2015-03-05 00:00:00+00:00,2015,0.0,0.0,0.0,106.43333333333334,3.0,0.0,0.0
player::jankos,team::roccat,Jankos,ROCCAT,ROCCAT,ROCCAT,major,LEC,1978.5166666666669,48,22.0,2015-01-22 00:00:00+00:00,2015-08-30 00:00:00+00:00,2015,0.0,0.0,0.0,1978.5166666666669,48.0,22.0,0.4583333333333333
player::nukeduck,team::roccat,Nukeduck,ROCCAT,ROCCAT,ROCCAT,major,LEC,1978.5166666666669,48,22.0,2015-01-22 00:00:00+00:00,2015-08-30 00:00:00+00:00,2015,0.0,0.0,0.0,1978.5166666666669,48.0,22.0,0.4583333333333333
player::overpow,team::roccat,Overpow,ROCCAT,ROCCAT,ROCCAT,major,LEC,736.6666666666667,18,6.0,2015-01-22 00:00:00+00:00,2015-03-27 00:00:00+00:00,2015,0.0,0.0,0.0,736.6666666666667,18.0,6.0,0.3333333333333333
player::vander,team::roccat,Vander,ROCCAT,ROCCAT,ROCCAT,major,LEC,1978.5166666666669,48,22.0,2015-01-22 00:00:00+00:00,2015-08-30 00:00:00+00:00,2015,0.0,0.0,0.0,1978.5166666666669,48.0,22.0,0.4583333333333333
player::woolite,team::roccat,Woolite,ROCCAT,ROCCAT,ROCCAT,major,LEC,936.4333333333332,23,8.0,2015-01-22 00:00:00+00:00,2015-06-12 00:00:00+00:00,2015,0.0,0.0,0.0,936.4333333333332,23.0,8.0,0.34782608695652173
player::steve-etienne-michels,team::roccat,Steve (Etienne Michels),ROCCAT,ROCCAT,ROCCAT,major,LEC,1241.85,30,16.0,2015-05-28 00:00:00+00:00,2015-08-30 00:00:00+00:00,2015,0.0,0.0,0.0,1241.85,30.0,16.0,0.5333333333333333
player::mrrallez,team::roccat,MrRalleZ,ROCCAT,ROCCAT,ROCCAT,major,LEC,1042.0833333333333,25,14.0,2015-06-18 00:00:00+00:00,2015-08-30 00:00:00+00:00,2015,0.0,0.0,0.0,1042.0833333333333,25.0,14.0,0.56
player::airwaks,team::roccat,Airwaks,ROCCAT,ROCCAT,ROCCAT,major,LEC,1529.5166666666669,42,11.0,2016-01-14 00:00:00+00:00,2016-07-09 00:00:00+00:00,2016,0.0,0.0,0.0,1529.5166666666669,42.0,11.0,0.2619047619047619
player::betsy,team::roccat,Betsy,ROCCAT,ROCCAT,ROCCAT,major,LEC,4340.083333333333,118,42.0,2016-01-14 00:00:00+00:00,2017-08-12 00:00:00+00:00,2016|2017,0.0,0.0,0.0,4340.083333333333,118.0,42.0,0.3559322033898305
player::edward,team::roccat,Edward,ROCCAT,ROCCAT,ROCCAT,major,LEC,143.58333333333331,4,1.0,2016-01-14 00:00:00+00:00,2016-01-22 00:00:00+00:00,2016,0.0,0.0,0.0,143.58333333333331,4.0,1.0,0.25
player::fredy122,team::roccat,fredy122,ROCCAT,ROCCAT,ROCCAT,major,LEC,639.75,18,4.0,2016-01-14 00:00:00+00:00,2016-03-18 00:00:00+00:00,2016,0.0,0.0,0.0,639.75,18.0,4.0,0.2222222222222222
player::safir,team::roccat,Safir,ROCCAT,ROCCAT,ROCCAT,major,LEC,216.76666666666665,6,1.0,2016-01-14 00:00:00+00:00,2016-01-29 00:00:00+00:00,2016,0.0,0.0,0.0,216.76666666666665,6.0,1.0,0.16666666666666666
player::extinkt,team::roccat,extinkt,ROCCAT,ROCCAT,ROCCAT,major,LEC,275.1166666666667,8,1.0,2016-01-28 00:00:00+00:00,2016-02-19 00:00:00+00:00,2016,0.0,0.0,0.0,275.1166666666667,8.0,1.0,0.125
player::tabzz,team::roccat,Tabzz,ROCCAT,ROCCAT,ROCCAT,major,LEC,422.98333333333335,12,3.0,2016-02-04 00:00:00+00:00,2016-03-18 00:00:00+00:00,2016,0.0,0.0,0.0,422.98333333333335,12.0,3.0,0.25
player::noxiak,team::roccat,Noxiak,ROCCAT,ROCCAT,ROCCAT,major,LEC,221.05,6,2.0,2016-02-25 00:00:00+00:00,2016-03-18 00:00:00+00:00,2016,0.0,0.0,0.0,221.05,6.0,2.0,0.3333333333333333
player::parang,team::roccat,Parang,ROCCAT,ROCCAT,ROCCAT,major,LEC,1343.25,36,10.0,2016-06-02 00:00:00+00:00,2016-07-31 00:00:00+00:00,2016,0.0,0.0,0.0,1343.25,36.0,10.0,0.2777777777777778
player::raise,team::roccat,Raise,ROCCAT,ROCCAT,ROCCAT,major,LEC,1343.25,36,10.0,2016-06-02 00:00:00+00:00,2016-07-31 00:00:00+00:00,2016,0.0,0.0,0.0,1343.25,36.0,10.0,0.2777777777777778
player::steeelback,team::roccat,Steeelback,ROCCAT,ROCCAT,ROCCAT,major,LEC,1343.25,36,10.0,2016-06-02 00:00:00+00:00,2016-07-31 00:00:00+00:00,2016,0.0,0.0,0.0,1343.25,36.0,10.0,0.2777777777777778
player::memento,team::roccat,Memento,ROCCAT,ROCCAT,ROCCAT,major,LEC,1917.1166666666668,51,18.0,2016-07-14 00:00:00+00:00,2018-08-18 00:00:00+00:00,2016|2018,0.0,0.0,0.0,1917.1166666666668,51.0,18.0,0.35294117647058826
player::hjarnan,team::roccat,Hjarnan,ROCCAT,ROCCAT,ROCCAT,major,LEC,2357.083333333333,64,28.0,2017-01-21 00:00:00+00:00,2017-08-12 00:00:00+00:00,2017,0.0,0.0,0.0,2357.083333333333,64.0,28.0,0.4375
player::maxlore,team::roccat,Maxlore,ROCCAT,ROCCAT,ROCCAT,major,LEC,1227.0666666666666,31,14.0,2017-01-21 00:00:00+00:00,2017-04-01 00:00:00+00:00,2017,0.0,0.0,0.0,1227.0666666666666,31.0,14.0,0.45161290322580644
player::phaxi,team::roccat,Phaxi,ROCCAT,ROCCAT,ROCCAT,major,LEC,2357.083333333333,64,28.0,2017-01-21 00:00:00+00:00,2017-08-12 00:00:00+00:00,2017,0.0,0.0,0.0,2357.083333333333,64.0,28.0,0.4375
player::wadid,team::roccat,Wadid,ROCCAT,ROCCAT,ROCCAT,major,LEC,2357.083333333333,64,28.0,2017-01-21 00:00:00+00:00,2017-08-12 00:00:00+00:00,2017,0.0,0.0,0.0,2357.083333333333,64.0,28.0,0.4375
player::pridestalker,team::roccat,Pridestalker,ROCCAT,ROCCAT,ROCCAT,major,LEC,1130.0166666666669,33,14.0,2017-06-02 00:00:00+00:00,2017-08-12 00:00:00+00:00,2017,0.0,0.0,0.0,1130.0166666666669,33.0,14.0,0.42424242424242425
player::blanc-jin-seong-min,team::roccat,Blanc (Jin Seong-min),ROCCAT,ROCCAT,ROCCAT,major,LEC,1463.6333333333337,39,15.0,2018-01-19 00:00:00+00:00,2018-08-18 00:00:00+00:00,2018,0.0,0.0,0.0,1463.6333333333337,39.0,15.0,0.38461538461538464
player::heaq,team::roccat,HeaQ,ROCCAT,ROCCAT,ROCCAT,major,LEC,1463.6333333333337,39,15.0,2018-01-19 00:00:00+00:00,2018-08-18 00:00:00+00:00,2018,0.0,0.0,0.0,1463.6333333333337,39.0,15.0,0.38461538461538464
player::norskeren,team::roccat,Norskeren,ROCCAT,ROCCAT,ROCCAT,major,LEC,1463.6333333333337,39,15.0,2018-01-19 00:00:00+00:00,2018-08-18 00:00:00+00:00,2018,0.0,0.0,0.0,1463.6333333333337,39.0,15.0,0.38461538461538464
player::profit,team::roccat,Profit,ROCCAT,ROCCAT,ROCCAT,major,LEC,1463.6333333333337,39,15.0,2018-01-19 00:00:00+00:00,2018-08-18 00:00:00+00:00,2018,0.0,0.0,0.0,1463.6333333333337,39.0,15.0,0.38461538461538464
player::doinb,team::roguewarriors,Doinb,Rogue Warriors,Rogue Warriors,Rogue Warriors,major,LPL,3597.733333333333,112,69.0,2018-01-17 00:00:00+00:00,2018-09-16 00:00:00+00:00,2018,0.0,0.0,0.0,3597.733333333333,112.0,69.0,0.6160714285714286
player::flawless,team::roguewarriors,Flawless,Rogue Warriors,Rogue Warriors,Rogue Warriors,major,LPL,3230.4333333333334,100,63.0,2018-01-17 00:00:00+00:00,2018-09-16 00:00:00+00:00,2018,0.0,0.0,0.0,3230.4333333333334,100.0,63.0,0.63
player::killua,team::roguewarriors,Killua,Rogue Warriors,Rogue Warriors,Rogue Warriors,major,LPL,4899.433333333333,152,82.0,2018-01-17 00:00:00+00:00,2019-08-09 00:00:00+00:00,2018|2019,0.0,0.0,0.0,4899.433333333333,152.0,82.0,0.5394736842105263
player::mouse,team::roguewarriors,Mouse,Rogue Warriors,Rogue Warriors,Rogue Warriors,major,LPL,3230.4333333333334,100,63.0,2018-01-17 00:00:00+00:00,2018-09-16 00:00:00+00:00,2018,0.0,0.0,0.0,3230.4333333333334,100.0,63.0,0.63
player::smlz,team::roguewarriors,Smlz,Rogue Warriors,Rogue Warriors,Rogue Warriors,major,LPL,3597.733333333333,112,69.0,2018-01-17 00:00:00+00:00,2018-09-16 00:00:00+00:00,2018,0.0,0.0,0.0,3597.733333333333,112.0,69.0,0.6160714285714286
player::holder,team::roguewarriors,Holder,Rogue Warriors,Rogue Warriors,Rogue Warriors,major,LPL,1578.6,49,19.0,2018-08-15 00:00:00+00:00,2019-08-17 00:00:00+00:00,2018|2019,0.0,0.0,0.0,1578.6,49.0,19.0,0.3877551020408163
player::kiwi,team::roguewarriors,Kiwi,Rogue Warriors,Rogue Warriors,Rogue Warriors,major,LPL,367.3,12,6.0,2018-08-15 00:00:00+00:00,2018-09-12 00:00:00+00:00,2018,0.0,0.0,0.0,367.3,12.0,6.0,0.5
player::huatian,team::roguewarriors,HuaTian,Rogue Warriors,Rogue Warriors,Rogue Warriors,major,LPL,1960.2666666666669,61,19.0,2019-01-14 00:00:00+00:00,2019-08-17 00:00:00+00:00,2019,0.0,0.0,0.0,1960.2666666666669,61.0,19.0,0.3114754098360656
player::jiangqiao,team::roguewarriors,Jiangqiao,Rogue Warriors,Rogue Warriors,Rogue Warriors,major,LPL,407.76666666666665,13,2.0,2019-01-14 00:00:00+00:00,2019-03-29 00:00:00+00:00,2019,0.0,0.0,0.0,407.76666666666665,13.0,2.0,0.15384615384615385
player::xuzhu,team::roguewarriors,Xuzhu,Rogue Warriors,Rogue Warriors,Rogue Warriors,major,LPL,696.4333333333333,22,5.0,2019-01-14 00:00:00+00:00,2019-03-16 00:00:00+00:00,2019,0.0,0.0,0.0,696.4333333333333,22.0,5.0,0.22727272727272727
player::zwuji,team::roguewarriors,ZWuJi,Rogue Warriors,Rogue Warriors,Rogue Warriors,major,LPL,2196.4333333333334,68,22.0,2019-01-14 00:00:00+00:00,2019-08-17 00:00:00+00:00,2019,0.0,0.0,0.0,2196.4333333333334,68.0,22.0,0.3235294117647059
player::kongming,team::roguewarriors,Kongming,Rogue Warriors,Rogue Warriors,Rogue Warriors,major,LPL,307.18333333333334,10,3.0,2019-01-20 00:00:00+00:00,2019-03-29 00:00:00+00:00,2019,0.0,0.0,0.0,307.18333333333334,10.0,3.0,0.3
player::zhaoyun,team::roguewarriors,ZhaoYun,Rogue Warriors,Rogue Warriors,Rogue Warriors,major,LPL,630.3,20,7.0,2019-01-20 00:00:00+00:00,2019-03-29 00:00:00+00:00,2019,0.0,0.0,0.0,630.3,20.0,7.0,0.35
player::xiaoyao,team::roguewarriors,XiaoYao,Rogue Warriors,Rogue Warriors,Rogue Warriors,major,LPL,341.6333333333333,11,4.0,2019-01-26 00:00:00+00:00,2019-03-29 00:00:00+00:00,2019,0.0,0.0,0.0,341.6333333333333,11.0,4.0,0.36363636363636365
player::huanggai,team::roguewarriors,Huanggai,Rogue Warriors,Rogue Warriors,Rogue Warriors,major,LPL,947.6666666666666,30,9.0,2019-03-13 00:00:00+00:00,2019-08-17 00:00:00+00:00,2019,0.0,0.0,0.0,947.6666666666666,30.0,9.0,0.3
player::haro,team::roguewarriors,Haro,Rogue Warriors,Rogue Warriors,Rogue Warriors,major,LPL,827.3666666666667,25,8.0,2019-06-08 00:00:00+00:00,2019-08-17 00:00:00+00:00,2019,0.0,0.0,0.0,827.3666666666667,25.0,8.0,0.32
player::weiyan,team::roguewarriors,WeiYan,Rogue Warriors,Rogue Warriors,Rogue Warriors,major,LPL,383.9333333333333,12,5.0,2019-06-18 00:00:00+00:00,2019-08-17 00:00:00+00:00,2019,0.0,0.0,0.0,383.9333333333333,12.0,5.0,0.4166666666666667
player::hwq,team::roguewarriors,HwQ,Rogue Warriors,Rogue Warriors,Rogue Warriors,major,LPL,34.85,1,0.0,2019-06-19 00:00:00+00:00,2019-06-19 00:00:00+00:00,2019,0.0,0.0,0.0,34.85,1.0,0.0,0.0
player::dimajke,team::rox2014cisteam,DimaJke,RoX (2014 CIS Team),RoX (2014 CIS Team),RoX (2014 CIS Team),wildcard,LCL,2972.083333333333,82,39.0,2015-02-14 00:00:00+00:00,2017-08-06 00:00:00+00:00,2015|2016|2017,0.0,0.0,0.0,2972.083333333333,82.0,39.0,0.47560975609756095
player::firees,team::rox2014cisteam,FIRees,RoX (2014 CIS Team),RoX (2014 CIS Team),RoX (2014 CIS Team),wildcard,LCL,2445.116666666667,67,33.0,2015-02-14 00:00:00+00:00,2016-08-13 00:00:00+00:00,2015|2016,0.0,0.0,0.0,2445.116666666667,67.0,33.0,0.4925373134328358
player::niksar,team::rox2014cisteam,NikSar,RoX (2014 CIS Team),RoX (2014 CIS Team),RoX (2014 CIS Team),wildcard,LCL,1176.2666666666664,33,16.0,2015-02-14 00:00:00+00:00,2016-08-13 00:00:00+00:00,2015|2016,0.0,0.0,0.0,1176.2666666666664,33.0,16.0,0.48484848484848486
player::paranoia,team::rox2014cisteam,Paranoia,RoX (2014 CIS Team),RoX (2014 CIS Team),RoX (2014 CIS Team),wildcard,LCL,555.4833333333333,16,8.0,2015-02-14 00:00:00+00:00,2015-03-29 00:00:00+00:00,2015,0.0,0.0,0.0,555.4833333333333,16.0,8.0,0.5
player::raxxo,team::rox2014cisteam,Raxxo,RoX (2014 CIS Team),RoX (2014 CIS Team),RoX (2014 CIS Team),wildcard,LCL,2527.5,69,31.0,2015-02-14 00:00:00+00:00,2017-03-19 00:00:00+00:00,2015|2016|2017,0.0,0.0,0.0,2527.5,69.0,31.0,0.4492753623188406
player::owen-daniel-durzynski,team::rox2014cisteam,Owen (Daniel Durzyński),RoX (2014 CIS Team),RoX (2014 CIS Team),RoX (2014 CIS Team),wildcard,LCL,674.4666666666667,18,10.0,2015-05-30 00:00:00+00:00,2015-07-25 00:00:00+00:00,2015,0.0,0.0,0.0,674.4666666666667,18.0,10.0,0.5555555555555556
player::tauren,team::rox2014cisteam,Tauren,RoX (2014 CIS Team),RoX (2014 CIS Team),RoX (2014 CIS Team),wildcard,LCL,284.93333333333334,8,5.0,2015-05-30 00:00:00+00:00,2015-07-05 00:00:00+00:00,2015,0.0,0.0,0.0,284.93333333333334,8.0,5.0,0.625
player::amiracle,team::rox2014cisteam,aMiracle,RoX (2014 CIS Team),RoX (2014 CIS Team),RoX (2014 CIS Team),wildcard,LCL,541.15,14,8.0,2015-06-07 00:00:00+00:00,2015-07-26 00:00:00+00:00,2015,0.0,0.0,0.0,541.15,14.0,8.0,0.5714285714285714
player::dxalchemist,team::rox2014cisteam,DxAlchemist,RoX (2014 CIS Team),RoX (2014 CIS Team),RoX (2014 CIS Team),wildcard,LCL,151.61666666666667,4,3.0,2015-07-25 00:00:00+00:00,2015-07-26 00:00:00+00:00,2015,0.0,0.0,0.0,151.61666666666667,4.0,3.0,0.75
player::arphan,team::rox2014cisteam,Arphan,RoX (2014 CIS Team),RoX (2014 CIS Team),RoX (2014 CIS Team),wildcard,LCL,224.18333333333334,6,3.0,2016-01-17 00:00:00+00:00,2016-02-07 00:00:00+00:00,2016,0.0,0.0,0.0,224.18333333333334,6.0,3.0,0.5
player::bebe-friedrich-knaub,team::rox2014cisteam,bebe (Friedrich Knaub),RoX (2014 CIS Team),RoX (2014 CIS Team),RoX (2014 CIS Team),wildcard,LCL,298.7,8,3.0,2016-01-17 00:00:00+00:00,2016-02-13 00:00:00+00:00,2016,0.0,0.0,0.0,298.7,8.0,3.0,0.375
player::starscream,team::rox2014cisteam,Starscream,RoX (2014 CIS Team),RoX (2014 CIS Team),RoX (2014 CIS Team),wildcard,LCL,442.76666666666665,12,4.0,2016-01-17 00:00:00+00:00,2016-02-28 00:00:00+00:00,2016,0.0,0.0,0.0,442.76666666666665,12.0,4.0,0.3333333333333333
player::sazed,team::rox2014cisteam,SaZeD,RoX (2014 CIS Team),RoX (2014 CIS Team),RoX (2014 CIS Team),wildcard,LCL,218.5833333333333,6,1.0,2016-01-23 00:00:00+00:00,2016-02-28 00:00:00+00:00,2016,0.0,0.0,0.0,218.5833333333333,6.0,1.0,0.16666666666666666
player::ekka,team::rox2014cisteam,Ekka,RoX (2014 CIS Team),RoX (2014 CIS Team),RoX (2014 CIS Team),wildcard,LCL,2046.5833333333335,58,26.0,2016-02-20 00:00:00+00:00,2018-04-01 00:00:00+00:00,2016|2017|2018,0.0,0.0,0.0,2046.5833333333335,58.0,26.0,0.4482758620689655
player::charger,team::rox2014cisteam,Charger,RoX (2014 CIS Team),RoX (2014 CIS Team),RoX (2014 CIS Team),wildcard,LCL,1217.2166666666667,36,10.0,2017-01-28 00:00:00+00:00,2019-03-24 00:00:00+00:00,2017|2019,0.0,0.0,0.0,1217.2166666666667,36.0,10.0,0.2777777777777778
player::mess,team::rox2014cisteam,Mess,RoX (2014 CIS Team),RoX (2014 CIS Team),RoX (2014 CIS Team),wildcard,LCL,61.43333333333332,2,0.0,2017-01-28 00:00:00+00:00,2017-01-29 00:00:00+00:00,2017,0.0,0.0,0.0,61.43333333333332,2.0,0.0,0.0
player::ritix,team::rox2014cisteam,Ritix,RoX (2014 CIS Team),RoX (2014 CIS Team),RoX (2014 CIS Team),wildcard,LCL,525.15,14,2.0,2017-01-28 00:00:00+00:00,2017-03-19 00:00:00+00:00,2017,0.0,0.0,0.0,525.15,14.0,2.0,0.14285714285714285
player::punisher-nikita-lavrinov,team::rox2014cisteam,Punisher (Nikita Lavrinov),RoX (2014 CIS Team),RoX (2014 CIS Team),RoX (2014 CIS Team),wildcard,LCL,463.7166666666667,12,2.0,2017-02-04 00:00:00+00:00,2017-03-19 00:00:00+00:00,2017,0.0,0.0,0.0,463.7166666666667,12.0,2.0,0.16666666666666666
player::antariys,team::rox2014cisteam,Antariys,RoX (2014 CIS Team),RoX (2014 CIS Team),RoX (2014 CIS Team),wildcard,LCL,139.73333333333332,4,0.0,2017-06-24 00:00:00+00:00,2017-07-01 00:00:00+00:00,2017,0.0,0.0,0.0,139.73333333333332,4.0,0.0,0.0
player::bwipo,team::rox2014cisteam,Bwipo,RoX (2014 CIS Team),RoX (2014 CIS Team),RoX (2014 CIS Team),wildcard,LCL,526.9666666666667,15,6.0,2017-06-24 00:00:00+00:00,2017-08-06 00:00:00+00:00,2017,0.0,0.0,0.0,526.9666666666667,15.0,6.0,0.4
player::kinzu,team::rox2014cisteam,Kinzu,RoX (2014 CIS Team),RoX (2014 CIS Team),RoX (2014 CIS Team),wildcard,LCL,526.9666666666667,15,6.0,2017-06-24 00:00:00+00:00,2017-08-06 00:00:00+00:00,2017,0.0,0.0,0.0,526.9666666666667,15.0,6.0,0.4
player::ripi,team::rox2014cisteam,Ripi,RoX (2014 CIS Team),RoX (2014 CIS Team),RoX (2014 CIS Team),wildcard,LCL,526.9666666666667,15,6.0,2017-06-24 00:00:00+00:00,2017-08-06 00:00:00+00:00,2017,0.0,0.0,0.0,526.9666666666667,15.0,6.0,0.4
player::saviour,team::rox2014cisteam,Saviour,RoX (2014 CIS Team),RoX (2014 CIS Team),RoX (2014 CIS Team),wildcard,LCL,1208.4666666666667,34,16.0,2017-07-01 00:00:00+00:00,2018-08-19 00:00:00+00:00,2017|2018,0.0,0.0,0.0,1208.4666666666667,34.0,16.0,0.47058823529411764
player::gadget,team::rox2014cisteam,Gadget,RoX (2014 CIS Team),RoX (2014 CIS Team),RoX (2014 CIS Team),wildcard,LCL,1577.8166666666666,46,25.0,2018-02-10 00:00:00+00:00,2018-08-19 00:00:00+00:00,2018,0.0,0.0,0.0,1577.8166666666666,46.0,25.0,0.5434782608695652
player::riddem,team::rox2014cisteam,Riddem,RoX (2014 CIS Team),RoX (2014 CIS Team),RoX (2014 CIS Team),wildcard,LCL,756.5833333333333,23,15.0,2018-02-10 00:00:00+00:00,2018-04-01 00:00:00+00:00,2018,0.0,0.0,0.0,756.5833333333333,23.0,15.0,0.6521739130434783
player::wendelbo,team::rox2014cisteam,Wendelbo,RoX (2014 CIS Team),RoX (2014 CIS Team),RoX (2014 CIS Team),wildcard,LCL,756.5833333333333,23,15.0,2018-02-10 00:00:00+00:00,2018-04-01 00:00:00+00:00,2018,0.0,0.0,0.0,756.5833333333333,23.0,15.0,0.6521739130434783
player::zanzarah,team::rox2014cisteam,Zanzarah,RoX (2014 CIS Team),RoX (2014 CIS Team),RoX (2014 CIS Team),wildcard,LCL,1577.8166666666666,46,25.0,2018-02-10 00:00:00+00:00,2018-08-19 00:00:00+00:00,2018,0.0,0.0,0.0,1577.8166666666666,46.0,25.0,0.5434782608695652
player::mumus100,team::rox2014cisteam,mumus100,RoX (2014 CIS Team),RoX (2014 CIS Team),RoX (2014 CIS Team),wildcard,LCL,318.18333333333334,9,3.0,2018-06-23 00:00:00+00:00,2018-08-04 00:00:00+00:00,2018,0.0,0.0,0.0,318.18333333333334,9.0,3.0,0.3333333333333333
player::try,team::rox2014cisteam,TRY,RoX (2014 CIS Team),RoX (2014 CIS Team),RoX (2014 CIS Team),wildcard,LCL,274.8333333333333,8,2.0,2018-06-23 00:00:00+00:00,2018-06-28 00:00:00+00:00,2018,0.0,0.0,0.0,274.8333333333333,8.0,2.0,0.25
player::backlund,team::rox2014cisteam,Backlund,RoX (2014 CIS Team),RoX (2014 CIS Team),RoX (2014 CIS Team),wildcard,LCL,546.4,15,8.0,2018-07-21 00:00:00+00:00,2018-08-19 00:00:00+00:00,2018,0.0,0.0,0.0,546.4,15.0,8.0,0.5333333333333333
player::phones,team::rox2014cisteam,Phones,RoX (2014 CIS Team),RoX (2014 CIS Team),RoX (2014 CIS Team),wildcard,LCL,503.05,14,7.0,2018-07-21 00:00:00+00:00,2018-08-19 00:00:00+00:00,2018,0.0,0.0,0.0,503.05,14.0,7.0,0.5
player::anechek,team::rox2014cisteam,Anechek,RoX (2014 CIS Team),RoX (2014 CIS Team),RoX (2014 CIS Team),wildcard,LCL,1326.1666666666667,43,19.0,2019-02-03 00:00:00+00:00,2019-08-25 00:00:00+00:00,2019,0.0,0.0,0.0,1326.1666666666667,43.0,19.0,0.4418604651162791
player::maxim-maxim-tarasov,team::rox2014cisteam,Maxim (Maxim Tarasov),RoX (2014 CIS Team),RoX (2014 CIS Team),RoX (2014 CIS Team),wildcard,LCL,1326.1666666666667,43,19.0,2019-02-03 00:00:00+00:00,2019-08-25 00:00:00+00:00,2019,0.0,0.0,0.0,1326.1666666666667,43.0,19.0,0.4418604651162791
player::pooh-emil-aliev,team::rox2014cisteam,pooh (Emil Aliev),RoX (2014 CIS Team),RoX (2014 CIS Team),RoX (2014 CIS Team),wildcard,LCL,1326.1666666666667,43,19.0,2019-02-03 00:00:00+00:00,2019-08-25 00:00:00+00:00,2019,0.0,0.0,0.0,1326.1666666666667,43.0,19.0,0.4418604651162791
player::sidnik,team::rox2014cisteam,sidnik,RoX (2014 CIS Team),RoX (2014 CIS Team),RoX (2014 CIS Team),wildcard,LCL,386.2166666666666,12,6.0,2019-02-03 00:00:00+00:00,2019-02-28 00:00:00+00:00,2019,0.0,0.0,0.0,386.2166666666666,12.0,6.0,0.5
player::vata,team::rox2014cisteam,Vata,RoX (2014 CIS Team),RoX (2014 CIS Team),RoX (2014 CIS Team),wildcard,LCL,875.7833333333333,29,13.0,2019-03-02 00:00:00+00:00,2019-08-25 00:00:00+00:00,2019,0.0,0.0,0.0,875.7833333333333,29.0,13.0,0.4482758620689655
player::alldeady,team::rox2014cisteam,alldeady,RoX (2014 CIS Team),RoX (2014 CIS Team),RoX (2014 CIS Team),wildcard,LCL,64.16666666666666,2,0.0,2019-03-06 00:00:00+00:00,2019-03-06 00:00:00+00:00,2019,0.0,0.0,0.0,64.16666666666666,2.0,0.0,0.0
player::dreampull,team::rox2014cisteam,Dreampull,RoX (2014 CIS Team),RoX (2014 CIS Team),RoX (2014 CIS Team),wildcard,LCL,634.1,21,11.0,2019-06-29 00:00:00+00:00,2019-08-25 00:00:00+00:00,2019,0.0,0.0,0.0,634.1,21.0,11.0,0.5238095238095238
player::broken-blade,team::royalbandits,Broken Blade,Royal Bandits,Royal Bandits,Royal Bandits,wildcard,TCL,2177.3166666666666,70,51.0,2018-01-20 00:00:00+00:00,2018-09-16 00:00:00+00:00,2018,0.0,0.0,0.0,2177.3166666666666,70.0,51.0,0.7285714285714285
player::cepted,team::royalbandits,Cepted,Royal Bandits,Royal Bandits,Royal Bandits,wildcard,TCL,1046.2666666666669,35,25.0,2018-01-20 00:00:00+00:00,2018-04-22 00:00:00+00:00,2018,0.0,0.0,0.0,1046.2666666666669,35.0,25.0,0.7142857142857143
player::dumbledoge,team::royalbandits,Dumbledoge,Royal Bandits,Royal Bandits,Royal Bandits,wildcard,TCL,2177.3166666666666,70,51.0,2018-01-20 00:00:00+00:00,2018-09-16 00:00:00+00:00,2018,0.0,0.0,0.0,2177.3166666666666,70.0,51.0,0.7285714285714285
player::holyphoenix,team::royalbandits,HolyPhoenix,Royal Bandits,Royal Bandits,Royal Bandits,wildcard,TCL,1046.2666666666669,35,25.0,2018-01-20 00:00:00+00:00,2018-04-22 00:00:00+00:00,2018,0.0,0.0,0.0,1046.2666666666669,35.0,25.0,0.7142857142857143
player::malrang,team::royalbandits,Malrang,Royal Bandits,Royal Bandits,Royal Bandits,wildcard,TCL,1046.2666666666669,35,25.0,2018-01-20 00:00:00+00:00,2018-04-22 00:00:00+00:00,2018,0.0,0.0,0.0,1046.2666666666669,35.0,25.0,0.7142857142857143
player::abbedagge,team::royalbandits,Abbedagge,Royal Bandits,Royal Bandits,Royal Bandits,wildcard,TCL,1131.0500000000002,35,26.0,2018-06-16 00:00:00+00:00,2018-09-16 00:00:00+00:00,2018,0.0,0.0,0.0,1131.0500000000002,35.0,26.0,0.7428571428571429
player::closer-can-celik,team::royalbandits,Closer (Can Çelik),Royal Bandits,Royal Bandits,Royal Bandits,wildcard,TCL,1131.0500000000002,35,26.0,2018-06-16 00:00:00+00:00,2018-09-16 00:00:00+00:00,2018,0.0,0.0,0.0,1131.0500000000002,35.0,26.0,0.7428571428571429
player::freeze,team::royalbandits,Freeze,Royal Bandits,Royal Bandits,Royal Bandits,wildcard,TCL,1131.0500000000002,35,26.0,2018-06-16 00:00:00+00:00,2018-09-16 00:00:00+00:00,2018,0.0,0.0,0.0,1131.0500000000002,35.0,26.0,0.7428571428571429
player::letme,team::royalnevergiveup,Letme,Royal Never Give Up,Royal Never Give Up,Royal Never Give Up,major,LPL,7038.316666666667,198,120.0,2015-05-22 00:00:00+00:00,2018-09-14 00:00:00+00:00,2015|2016|2017|2018,1546.2666666666664,45.0,31.0,8584.583333333334,243.0,151.0,0.6060606060606061
player::ley,team::royalnevergiveup,Ley,Royal Never Give Up,Royal Never Give Up,Royal Never Give Up,major,LPL,1696.5833333333333,46,20.0,2015-05-22 00:00:00+00:00,2016-03-11 00:00:00+00:00,2015|2016,0.0,0.0,0.0,1696.5833333333333,46.0,20.0,0.43478260869565216
player::mlxg,team::royalnevergiveup,Mlxg,Royal Never Give Up,Royal Never Give Up,Royal Never Give Up,major,LPL,9710.066666666668,266,163.0,2015-05-22 00:00:00+00:00,2018-09-14 00:00:00+00:00,2015|2016|2017|2018,1904.5166666666669,53.0,33.0,11614.583333333334,319.0,196.0,0.6127819548872181
player::wuxx,team::royalnevergiveup,wuxx,Royal Never Give Up,Royal Never Give Up,Royal Never Give Up,major,LPL,2744.9,75,39.0,2015-05-22 00:00:00+00:00,2017-06-08 00:00:00+00:00,2015|2016|2017,524.8666666666667,14.0,9.0,3269.7666666666664,89.0,48.0,0.52
player::xiaohu,team::royalnevergiveup,Xiaohu,Royal Never Give Up,Royal Never Give Up,Royal Never Give Up,major,LPL,15425.983333333334,438,274.0,2015-05-22 00:00:00+00:00,2019-09-06 00:00:00+00:00,2015|2016|2017|2018|2019,2622.0666666666666,75.0,47.0,18048.05,513.0,321.0,0.6255707762557078
player::skye,team::royalnevergiveup,Skye,Royal Never Give Up,Royal Never Give Up,Royal Never Give Up,major,LPL,470.3,13,6.0,2015-05-30 00:00:00+00:00,2015-07-24 00:00:00+00:00,2015,0.0,0.0,0.0,470.3,13.0,6.0,0.46153846153846156
player::godlike,team::royalnevergiveup,GodLike,Royal Never Give Up,Royal Never Give Up,Royal Never Give Up,major,LPL,57.73333333333333,1,0.0,2015-06-12 00:00:00+00:00,2015-06-12 00:00:00+00:00,2015,0.0,0.0,0.0,57.73333333333333,1.0,0.0,0.0
player::looper,team::royalnevergiveup,Looper,Royal Never Give Up,Royal Never Give Up,Royal Never Give Up,major,LPL,3458.916666666666,93,64.0,2016-01-14 00:00:00+00:00,2016-08-26 00:00:00+00:00,2016,867.75,24.0,13.0,4326.666666666666,117.0,77.0,0.6881720430107527
player::mata,team::royalnevergiveup,Mata,Royal Never Give Up,Royal Never Give Up,Royal Never Give Up,major,LPL,3458.916666666666,93,64.0,2016-01-14 00:00:00+00:00,2016-08-26 00:00:00+00:00,2016,867.75,24.0,13.0,4326.666666666666,117.0,77.0,0.6881720430107527
player::insec,team::royalnevergiveup,inSec,Royal Never Give Up,Royal Never Give Up,Royal Never Give Up,major,LPL,83.08333333333334,2,2.0,2016-03-11 00:00:00+00:00,2016-03-11 00:00:00+00:00,2016,0.0,0.0,0.0,83.08333333333334,2.0,2.0,1.0
player::namei,team::royalnevergiveup,NaMei,Royal Never Give Up,Royal Never Give Up,Royal Never Give Up,major,LPL,666.1666666666666,18,13.0,2016-03-11 00:00:00+00:00,2016-04-17 00:00:00+00:00,2016,0.0,0.0,0.0,666.1666666666666,18.0,13.0,0.7222222222222222
player::sask,team::royalnevergiveup,Sask,Royal Never Give Up,Royal Never Give Up,Royal Never Give Up,major,LPL,83.08333333333334,2,2.0,2016-03-11 00:00:00+00:00,2016-03-11 00:00:00+00:00,2016,0.0,0.0,0.0,83.08333333333334,2.0,2.0,1.0
player::uzi-jian-zi-hao,team::royalnevergiveup,Uzi (Jian Zi-Hao),Royal Never Give Up,Royal Never Give Up,Royal Never Give Up,major,LPL,9785.3,282,186.0,2016-05-27 00:00:00+00:00,2019-09-06 00:00:00+00:00,2016|2017|2018|2019,2097.2,61.0,38.0,11882.499999999998,343.0,224.0,0.6595744680851063
player::ming-shi-sen-ming,team::royalnevergiveup,Ming (Shi Sen-Ming),Royal Never Give Up,Royal Never Give Up,Royal Never Give Up,major,LPL,10353.566666666666,301,192.0,2017-01-19 00:00:00+00:00,2019-09-06 00:00:00+00:00,2017|2018|2019,1754.3166666666666,51.0,34.0,12107.883333333331,352.0,226.0,0.6378737541528239
player::baybay,team::royalnevergiveup,baybay,Royal Never Give Up,Royal Never Give Up,Royal Never Give Up,major,LPL,157.01666666666668,4,1.0,2017-01-21 00:00:00+00:00,2017-03-18 00:00:00+00:00,2017,0.0,0.0,0.0,157.01666666666668,4.0,1.0,0.25
player::y1han,team::royalnevergiveup,Y1HAN,Royal Never Give Up,Royal Never Give Up,Royal Never Give Up,major,LPL,419.4333333333333,12,10.0,2017-03-24 00:00:00+00:00,2017-07-23 00:00:00+00:00,2017,0.0,0.0,0.0,419.4333333333333,12.0,10.0,0.8333333333333334
player::again,team::royalnevergiveup,Again,Royal Never Give Up,Royal Never Give Up,Royal Never Give Up,major,LPL,160.43333333333334,5,4.0,2017-03-30 00:00:00+00:00,2017-04-01 00:00:00+00:00,2017,0.0,0.0,0.0,160.43333333333334,5.0,4.0,0.8
player::y4,team::royalnevergiveup,y4,Royal Never Give Up,Royal Never Give Up,Royal Never Give Up,major,LPL,824.35,23,12.0,2017-06-10 00:00:00+00:00,2018-02-03 00:00:00+00:00,2017|2018,0.0,0.0,0.0,824.35,23.0,12.0,0.5217391304347826
player::korol,team::royalnevergiveup,Korol,Royal Never Give Up,Royal Never Give Up,Royal Never Give Up,major,LPL,301.75,8,5.0,2017-06-18 00:00:00+00:00,2017-06-25 00:00:00+00:00,2017,0.0,0.0,0.0,301.75,8.0,5.0,0.625
player::able,team::royalnevergiveup,Able,Royal Never Give Up,Royal Never Give Up,Royal Never Give Up,major,LPL,868.9666666666667,24,16.0,2018-01-15 00:00:00+00:00,2018-09-09 00:00:00+00:00,2018,0.0,0.0,0.0,868.9666666666667,24.0,16.0,0.6666666666666666
player::karsa,team::royalnevergiveup,Karsa,Royal Never Give Up,Royal Never Give Up,Royal Never Give Up,major,LPL,5175.116666666667,157,101.0,2018-01-15 00:00:00+00:00,2019-09-06 00:00:00+00:00,2018|2019,717.55,22.0,14.0,5892.666666666666,179.0,115.0,0.643312101910828
player::zz1tai,team::royalnevergiveup,Zz1tai,Royal Never Give Up,Royal Never Give Up,Royal Never Give Up,major,LPL,2014.6333333333328,59,34.0,2018-02-03 00:00:00+00:00,2019-04-06 00:00:00+00:00,2018|2019,0.0,0.0,0.0,2014.6333333333328,59.0,34.0,0.576271186440678
player::tianci,team::royalnevergiveup,Tianci,Royal Never Give Up,Royal Never Give Up,Royal Never Give Up,major,LPL,61.25,2,0.0,2019-01-20 00:00:00+00:00,2019-01-20 00:00:00+00:00,2019,0.0,0.0,0.0,61.25,2.0,0.0,0.0
player::wink,team::royalnevergiveup,Wink,Royal Never Give Up,Royal Never Give Up,Royal Never Give Up,major,LPL,153.66666666666666,5,2.0,2019-01-20 00:00:00+00:00,2019-01-22 00:00:00+00:00,2019,0.0,0.0,0.0,153.66666666666666,5.0,2.0,0.4
player::amazingj,team::royalnevergiveup,AmazingJ,Royal Never Give Up,Royal Never Give Up,Royal Never Give Up,major,LPL,827.2,26,18.0,2019-01-22 00:00:00+00:00,2019-03-20 00:00:00+00:00,2019,0.0,0.0,0.0,827.2,26.0,18.0,0.6923076923076923
player::langx,team::royalnevergiveup,Langx,Royal Never Give Up,Royal Never Give Up,Royal Never Give Up,major,LPL,1421.3166666666666,43,30.0,2019-06-02 00:00:00+00:00,2019-09-06 00:00:00+00:00,2019,0.0,0.0,0.0,1421.3166666666666,43.0,30.0,0.6976744186046512
player::lovezrr,team::royalnevergiveup,LoveZrr,Royal Never Give Up,Royal Never Give Up,Royal Never Give Up,major,LPL,127.28333333333332,4,2.0,2019-08-10 00:00:00+00:00,2019-08-14 00:00:00+00:00,2019,0.0,0.0,0.0,127.28333333333332,4.0,2.0,0.5
player::armut,team::royalyouth,Armut,Royal Youth,Royal Youth,Royal Youth,wildcard,TCL,1656.5666666666666,52,41.0,2019-01-19 00:00:00+00:00,2019-08-31 00:00:00+00:00,2019,252.6,8.0,2.0,1909.1666666666663,60.0,43.0,0.7884615384615384
player::closer-can-celik,team::royalyouth,Closer (Can Çelik),Royal Youth,Royal Youth,Royal Youth,wildcard,TCL,1656.5666666666666,52,41.0,2019-01-19 00:00:00+00:00,2019-08-31 00:00:00+00:00,2019,252.6,8.0,2.0,1909.1666666666663,60.0,43.0,0.7884615384615384
player::dumbledoge,team::royalyouth,Dumbledoge,Royal Youth,Royal Youth,Royal Youth,wildcard,TCL,829.35,26,19.0,2019-01-19 00:00:00+00:00,2019-04-06 00:00:00+00:00,2019,0.0,0.0,0.0,829.35,26.0,19.0,0.7307692307692307
player::gbm,team::royalyouth,GBM,Royal Youth,Royal Youth,Royal Youth,wildcard,TCL,829.35,26,19.0,2019-01-19 00:00:00+00:00,2019-04-06 00:00:00+00:00,2019,0.0,0.0,0.0,829.35,26.0,19.0,0.7307692307692307
player::pilot-na-woo-hyung,team::royalyouth,Pilot (Na Woo-hyung),Royal Youth,Royal Youth,Royal Youth,wildcard,TCL,1656.5666666666666,52,41.0,2019-01-19 00:00:00+00:00,2019-08-31 00:00:00+00:00,2019,252.6,8.0,2.0,1909.1666666666663,60.0,43.0,0.7884615384615384
player::cyeol,team::royalyouth,cyeol,Royal Youth,Royal Youth,Royal Youth,wildcard,TCL,827.2166666666666,26,22.0,2019-06-08 00:00:00+00:00,2019-08-31 00:00:00+00:00,2019,252.6,8.0,2.0,1079.8166666666666,34.0,24.0,0.8461538461538461
player::tolerant,team::royalyouth,Tolerant,Royal Youth,Royal Youth,Royal Youth,wildcard,TCL,827.2166666666666,26,22.0,2019-06-08 00:00:00+00:00,2019-08-31 00:00:00+00:00,2019,252.6,8.0,2.0,1079.8166666666666,34.0,24.0,0.8461538461538461
player::fox-hampus-myhre,team::s04,Fox (Hampus Myhre),S04,S04,S04,major,LEC,1352.65,37,15.0,2016-06-02 00:00:00+00:00,2016-07-31 00:00:00+00:00,2016,0.0,0.0,0.0,1352.65,37.0,15.0,0.40540540540540543
player::gilius,team::s04,Gilius,S04,S04,S04,major,LEC,1352.65,37,15.0,2016-06-02 00:00:00+00:00,2016-07-31 00:00:00+00:00,2016,0.0,0.0,0.0,1352.65,37.0,15.0,0.40540540540540543
player::mrrallez,team::s04,MrRalleZ,S04,S04,S04,major,LEC,1352.65,37,15.0,2016-06-02 00:00:00+00:00,2016-07-31 00:00:00+00:00,2016,0.0,0.0,0.0,1352.65,37.0,15.0,0.40540540540540543
player::sprattel,team::s04,sprattel,S04,S04,S04,major,LEC,1352.65,37,15.0,2016-06-02 00:00:00+00:00,2016-07-31 00:00:00+00:00,2016,0.0,0.0,0.0,1352.65,37.0,15.0,0.40540540540540543
player::steve-etienne-michels,team::s04,Steve (Etienne Michels),S04,S04,S04,major,LEC,1352.65,37,15.0,2016-06-02 00:00:00+00:00,2016-07-31 00:00:00+00:00,2016,0.0,0.0,0.0,1352.65,37.0,15.0,0.40540540540540543
player::boris,team::s04,Boris,S04,S04,S04,major,LEC,72.63333333333334,2,1.0,2018-01-19 00:00:00+00:00,2018-01-20 00:00:00+00:00,2018,0.0,0.0,0.0,72.63333333333334,2.0,1.0,0.5
player::nukeduck,team::s04,Nukeduck,S04,S04,S04,major,LEC,1960.0833333333333,55,28.0,2018-01-19 00:00:00+00:00,2018-09-16 00:00:00+00:00,2018,0.0,0.0,0.0,1960.0833333333333,55.0,28.0,0.509090909090909
player::pride-milo-wehnes,team::s04,Pride (Milo Wehnes),S04,S04,S04,major,LEC,678.5666666666667,18,7.0,2018-01-19 00:00:00+00:00,2018-03-17 00:00:00+00:00,2018,0.0,0.0,0.0,678.5666666666667,18.0,7.0,0.3888888888888889
player::vander,team::s04,Vander,S04,S04,S04,major,LEC,1960.0833333333333,55,28.0,2018-01-19 00:00:00+00:00,2018-09-16 00:00:00+00:00,2018,0.0,0.0,0.0,1960.0833333333333,55.0,28.0,0.509090909090909
player::vizicsacsi,team::s04,Vizicsacsi,S04,S04,S04,major,LEC,1960.0833333333333,55,28.0,2018-01-19 00:00:00+00:00,2018-09-16 00:00:00+00:00,2018,0.0,0.0,0.0,1960.0833333333333,55.0,28.0,0.509090909090909
player::upset,team::s04,Upset,S04,S04,S04,major,LEC,3559.15,104,53.0,2018-01-26 00:00:00+00:00,2019-09-14 00:00:00+00:00,2018|2019,0.0,0.0,0.0,3559.15,104.0,53.0,0.5096153846153846
player::amazing-maurice-stuckenschneider,team::s04,Amazing (Maurice Stückenschneider),S04,S04,S04,major,LEC,1281.5166666666669,37,21.0,2018-06-15 00:00:00+00:00,2018-09-16 00:00:00+00:00,2018,0.0,0.0,0.0,1281.5166666666669,37.0,21.0,0.5675675675675675
player::abbedagge,team::s04,Abbedagge,S04,S04,S04,major,LEC,1671.7,51,26.0,2019-01-18 00:00:00+00:00,2019-09-14 00:00:00+00:00,2019,0.0,0.0,0.0,1671.7,51.0,26.0,0.5098039215686274
player::ignar,team::s04,IgNar,S04,S04,S04,major,LEC,1671.7,51,26.0,2019-01-18 00:00:00+00:00,2019-09-14 00:00:00+00:00,2019,0.0,0.0,0.0,1671.7,51.0,26.0,0.5098039215686274
player::memento,team::s04,Memento,S04,S04,S04,major,LEC,598.8666666666667,19,9.0,2019-01-18 00:00:00+00:00,2019-03-16 00:00:00+00:00,2019,0.0,0.0,0.0,598.8666666666667,19.0,9.0,0.47368421052631576
player::odoamne,team::s04,Odoamne,S04,S04,S04,major,LEC,1671.7,51,26.0,2019-01-18 00:00:00+00:00,2019-09-14 00:00:00+00:00,2019,0.0,0.0,0.0,1671.7,51.0,26.0,0.5098039215686274
player::trick,team::s04,Trick,S04,S04,S04,major,LEC,1072.8333333333333,32,17.0,2019-06-07 00:00:00+00:00,2019-09-14 00:00:00+00:00,2019,0.0,0.0,0.0,1072.8333333333333,32.0,17.0,0.53125
player::gosu,team::saint,gosu,Saint Club,HYG,HYG | Saint Club,major,LPL,1090.2666666666669,33,3.0,2016-01-16 00:00:00+00:00,2016-04-09 00:00:00+00:00,2016,0.0,0.0,0.0,1090.2666666666669,33.0,3.0,0.09090909090909091
player::march,team::saint,March,Saint Club,HYG,HYG | Saint Club,major,LPL,503.5,15,1.0,2016-01-16 00:00:00+00:00,2016-02-25 00:00:00+00:00,2016,0.0,0.0,0.0,503.5,15.0,1.0,0.06666666666666667
player::ss17god,team::saint,ss17God,Saint Club,HYG,HYG | Saint Club,major,LPL,1090.2666666666669,33,3.0,2016-01-16 00:00:00+00:00,2016-04-09 00:00:00+00:00,2016,0.0,0.0,0.0,1090.2666666666669,33.0,3.0,0.09090909090909091
player::x1u,team::saint,x1u,Saint Club,HYG,HYG | Saint Club,major,LPL,1090.2666666666669,33,3.0,2016-01-16 00:00:00+00:00,2016-04-09 00:00:00+00:00,2016,0.0,0.0,0.0,1090.2666666666669,33.0,3.0,0.09090909090909091
player::xq,team::saint,xQ,Saint Club,HYG,HYG | Saint Club,major,LPL,1090.2666666666669,33,3.0,2016-01-16 00:00:00+00:00,2016-04-09 00:00:00+00:00,2016,0.0,0.0,0.0,1090.2666666666669,33.0,3.0,0.09090909090909091
player::chimin,team::saint,chimin,Saint Club,HYG,HYG | Saint Club,major,LPL,586.7666666666667,18,2.0,2016-02-27 00:00:00+00:00,2016-04-09 00:00:00+00:00,2016,0.0,0.0,0.0,586.7666666666667,18.0,2.0,0.1111111111111111
player::acorn,team::saint,Acorn,Saint Club,Saint Club,HYG | Saint Club,major,LPL,1312.1333333333332,39,9.0,2016-05-28 00:00:00+00:00,2016-08-07 00:00:00+00:00,2016,0.0,0.0,0.0,1312.1333333333332,39.0,9.0,0.23076923076923078
player::march,team::saint,March,Saint Club,Saint Club,HYG | Saint Club,major,LPL,637.1999999999999,18,4.0,2016-05-28 00:00:00+00:00,2016-07-16 00:00:00+00:00,2016,0.0,0.0,0.0,637.1999999999999,18.0,4.0,0.2222222222222222
player::snoopy-yang-yeo-myeong,team::saint,Snoopy (Yang Yeo-myeong),Saint Club,Saint Club,HYG | Saint Club,major,LPL,694.75,20,4.0,2016-05-28 00:00:00+00:00,2016-07-16 00:00:00+00:00,2016,0.0,0.0,0.0,694.75,20.0,4.0,0.2
player::x1u,team::saint,x1u,Saint Club,Saint Club,HYG | Saint Club,major,LPL,934.6333333333332,28,6.0,2016-05-28 00:00:00+00:00,2016-08-07 00:00:00+00:00,2016,0.0,0.0,0.0,934.6333333333332,28.0,6.0,0.21428571428571427
player::xq,team::saint,xQ,Saint Club,Saint Club,HYG | Saint Club,major,LPL,507.4666666666666,16,4.0,2016-05-28 00:00:00+00:00,2016-08-07 00:00:00+00:00,2016,0.0,0.0,0.0,507.4666666666666,16.0,4.0,0.25
player::captain-sun-yu-ze,team::saint,Captain (Sun Yu-Ze),Saint Club,Saint Club,HYG | Saint Club,major,LPL,225.56666666666663,7,1.0,2016-06-03 00:00:00+00:00,2016-06-09 00:00:00+00:00,2016,0.0,0.0,0.0,225.56666666666663,7.0,1.0,0.14285714285714285
player::otto-hou-guo-yu,team::saint,Otto (Hou Guo-Yu),Saint Club,Saint Club,HYG | Saint Club,major,LPL,617.3833333333333,19,5.0,2016-06-03 00:00:00+00:00,2016-08-07 00:00:00+00:00,2016,0.0,0.0,0.0,617.3833333333333,19.0,5.0,0.2631578947368421
player::styz,team::saint,Styz,Saint Club,Saint Club,HYG | Saint Club,major,LPL,804.6666666666666,23,5.0,2016-06-03 00:00:00+00:00,2016-07-16 00:00:00+00:00,2016,0.0,0.0,0.0,804.6666666666666,23.0,5.0,0.21739130434782608
player::maidong,team::saint,Maidong,Saint Club,Saint Club,HYG | Saint Club,major,LPL,377.5,11,3.0,2016-06-23 00:00:00+00:00,2016-07-16 00:00:00+00:00,2016,0.0,0.0,0.0,377.5,11.0,3.0,0.2727272727272727
player::chimin,team::saint,chimin,Saint Club,Saint Club,HYG | Saint Club,major,LPL,449.3666666666667,14,4.0,2016-07-24 00:00:00+00:00,2016-08-07 00:00:00+00:00,2016,0.0,0.0,0.0,449.3666666666667,14.0,4.0,0.2857142857142857
player::aero,team::salvagejavelin,Aero,Salvage Javelin,Salvage Javelin,Salvage Javelin,wildcard,LJL,217.56666666666663,6,0.0,2015-01-24 00:00:00+00:00,2015-02-21 00:00:00+00:00,2015,0.0,0.0,0.0,217.56666666666663,6.0,0.0,0.0
player::cool-ryohei-tsuji,team::salvagejavelin,Cool (Ryohei Tsuji),Salvage Javelin,Salvage Javelin,Salvage Javelin,wildcard,LJL,346.9833333333333,10,0.0,2015-01-24 00:00:00+00:00,2015-03-14 00:00:00+00:00,2015,0.0,0.0,0.0,346.9833333333333,10.0,0.0,0.0
player::intension,team::salvagejavelin,Intension,Salvage Javelin,Salvage Javelin,Salvage Javelin,wildcard,LJL,316.35,9,0.0,2015-01-24 00:00:00+00:00,2015-03-14 00:00:00+00:00,2015,0.0,0.0,0.0,316.35,9.0,0.0,0.0
player::joke,team::salvagejavelin,Joke,Salvage Javelin,Salvage Javelin,Salvage Javelin,wildcard,LJL,184.66666666666663,5,0.0,2015-01-24 00:00:00+00:00,2015-02-21 00:00:00+00:00,2015,0.0,0.0,0.0,184.66666666666663,5.0,0.0,0.0
player::sweet-ryota-murakami,team::salvagejavelin,Sweet (Ryota Murakami),Salvage Javelin,Salvage Javelin,Salvage Javelin,wildcard,LJL,189.48333333333332,5,0.0,2015-01-24 00:00:00+00:00,2015-02-21 00:00:00+00:00,2015,0.0,0.0,0.0,189.48333333333332,5.0,0.0,0.0
player::xilium,team::salvagejavelin,XiLIUM,Salvage Javelin,Salvage Javelin,Salvage Javelin,wildcard,LJL,162.3166666666667,5,0.0,2015-01-31 00:00:00+00:00,2015-03-14 00:00:00+00:00,2015,0.0,0.0,0.0,162.3166666666667,5.0,0.0,0.0
player::raphonitte,team::salvagejavelin,RaphonItte,Salvage Javelin,Salvage Javelin,Salvage Javelin,wildcard,LJL,188.13333333333333,6,0.0,2015-02-21 00:00:00+00:00,2015-03-14 00:00:00+00:00,2015,0.0,0.0,0.0,188.13333333333333,6.0,0.0,0.0
player::toshibu,team::salvagejavelin,toshibu,Salvage Javelin,Salvage Javelin,Salvage Javelin,wildcard,LJL,129.41666666666669,4,0.0,2015-02-28 00:00:00+00:00,2015-03-14 00:00:00+00:00,2015,0.0,0.0,0.0,129.41666666666669,4.0,0.0,0.0
player::dove,team::sandboxgaming,Dove,SANDBOX Gaming,SANDBOX Gaming,SANDBOX Gaming,major,LCK,3362.5333333333333,99,57.0,2019-01-18 00:00:00+00:00,2019-09-05 00:00:00+00:00,2019,0.0,0.0,0.0,3362.5333333333333,99.0,57.0,0.5757575757575758
player::ghost-jang-yong-jun,team::sandboxgaming,Ghost (Jang Yong-jun),SANDBOX Gaming,SANDBOX Gaming,SANDBOX Gaming,major,LCK,3362.5333333333333,99,57.0,2019-01-18 00:00:00+00:00,2019-09-05 00:00:00+00:00,2019,0.0,0.0,0.0,3362.5333333333333,99.0,57.0,0.5757575757575758
player::joker-cho-jae-eup,team::sandboxgaming,Joker (Cho Jae-eup),SANDBOX Gaming,SANDBOX Gaming,SANDBOX Gaming,major,LCK,3362.5333333333333,99,57.0,2019-01-18 00:00:00+00:00,2019-09-05 00:00:00+00:00,2019,0.0,0.0,0.0,3362.5333333333333,99.0,57.0,0.5757575757575758
player::onfleek,team::sandboxgaming,OnFleek,SANDBOX Gaming,SANDBOX Gaming,SANDBOX Gaming,major,LCK,3325.9333333333334,98,57.0,2019-01-18 00:00:00+00:00,2019-09-05 00:00:00+00:00,2019,0.0,0.0,0.0,3325.9333333333334,98.0,57.0,0.5816326530612245
player::summit,team::sandboxgaming,Summit,SANDBOX Gaming,SANDBOX Gaming,SANDBOX Gaming,major,LCK,3325.9333333333334,98,57.0,2019-01-18 00:00:00+00:00,2019-09-05 00:00:00+00:00,2019,0.0,0.0,0.0,3325.9333333333334,98.0,57.0,0.5816326530612245
player::crush,team::sandboxgaming,Crush,SANDBOX Gaming,SANDBOX Gaming,SANDBOX Gaming,major,LCK,36.6,1,0.0,2019-03-30 00:00:00+00:00,2019-03-30 00:00:00+00:00,2019,0.0,0.0,0.0,36.6,1.0,0.0,0.0
player::wizer,team::sandboxgaming,Wizer,SANDBOX Gaming,SANDBOX Gaming,SANDBOX Gaming,major,LCK,36.6,1,0.0,2019-03-30 00:00:00+00:00,2019-03-30 00:00:00+00:00,2019,0.0,0.0,0.0,36.6,1.0,0.0,0.0
player::catch-yun-sang-ho,team::sbenu,Catch (Yun Sang-ho),SBENU,SBENU,SBENU,major,LCK,1636.4333333333334,43,8.0,2015-05-20 00:00:00+00:00,2015-08-13 00:00:00+00:00,2015,0.0,0.0,0.0,1636.4333333333334,43.0,8.0,0.18604651162790697
player::dan-kim-seung-hoo,team::sbenu,DANDAN (Kim Seung-hoo),SBENU,SBENU,SBENU,major,LCK,35.03333333333333,1,0.0,2015-05-20 00:00:00+00:00,2015-05-20 00:00:00+00:00,2015,0.0,0.0,0.0,35.03333333333333,1.0,0.0,0.0
player::do-it,team::sbenu,do it,SBENU,SBENU,SBENU,major,LCK,59.95,2,0.0,2015-05-20 00:00:00+00:00,2015-08-13 00:00:00+00:00,2015,0.0,0.0,0.0,59.95,2.0,0.0,0.0
player::nuclear,team::sbenu,Nuclear,SBENU,SBENU,SBENU,major,LCK,3129.4,83,17.0,2015-05-20 00:00:00+00:00,2016-04-08 00:00:00+00:00,2015|2016,0.0,0.0,0.0,3129.4,83.0,17.0,0.20481927710843373
player::sasin,team::sbenu,SaSin,SBENU,SBENU,SBENU,major,LCK,3104.483333333333,82,17.0,2015-05-20 00:00:00+00:00,2016-04-08 00:00:00+00:00,2015|2016,0.0,0.0,0.0,3104.483333333333,82.0,17.0,0.2073170731707317
player::secret-park-ki-sun,team::sbenu,Secret (Park Ki-sun),SBENU,SBENU,SBENU,major,LCK,2794.05,75,16.0,2015-05-20 00:00:00+00:00,2016-04-08 00:00:00+00:00,2015|2016,0.0,0.0,0.0,2794.05,75.0,16.0,0.21333333333333335
player::soul-seo-hyeon-seok,team::sbenu,Soul (Seo Hyeon-seok),SBENU,SBENU,SBENU,major,LCK,2639.8,70,15.0,2015-05-20 00:00:00+00:00,2016-04-08 00:00:00+00:00,2015|2016,0.0,0.0,0.0,2639.8,70.0,15.0,0.21428571428571427
player::vivid,team::sbenu,viviD,SBENU,SBENU,SBENU,major,LCK,370.3833333333333,9,1.0,2015-05-20 00:00:00+00:00,2015-07-09 00:00:00+00:00,2015,0.0,0.0,0.0,370.3833333333333,9.0,1.0,0.1111111111111111
player::soar,team::sbenu,SoaR,SBENU,SBENU,SBENU,major,LCK,524.6333333333333,14,2.0,2015-07-09 00:00:00+00:00,2016-02-04 00:00:00+00:00,2015|2016,0.0,0.0,0.0,524.6333333333333,14.0,2.0,0.14285714285714285
player::flawless,team::sbenu,Flawless,SBENU,SBENU,SBENU,major,LCK,1528.0,41,9.0,2016-01-15 00:00:00+00:00,2016-04-08 00:00:00+00:00,2016,0.0,0.0,0.0,1528.0,41.0,9.0,0.21951219512195122
player::alleycat,team::scarz,alleycat,SCARZ,SCARZ,SCARZ,wildcard,LJL,728.1666666666666,23,6.0,2016-05-25 00:00:00+00:00,2016-07-27 00:00:00+00:00,2016,0.0,0.0,0.0,728.1666666666666,23.0,6.0,0.2608695652173913
player::day1,team::scarz,Day1,SCARZ,SCARZ,SCARZ,wildcard,LJL,1464.1666666666667,44,10.0,2016-05-25 00:00:00+00:00,2017-03-25 00:00:00+00:00,2016|2017,0.0,0.0,0.0,1464.1666666666667,44.0,10.0,0.22727272727272727
player::ilven,team::scarz,Ilven,SCARZ,SCARZ,SCARZ,wildcard,LJL,64.31666666666666,2,0.0,2016-05-25 00:00:00+00:00,2016-05-25 00:00:00+00:00,2016,0.0,0.0,0.0,64.31666666666666,2.0,0.0,0.0
player::nova-motoyuki-yamanaka,team::scarz,Nova (Motoyuki Yamanaka),SCARZ,SCARZ,SCARZ,wildcard,LJL,64.31666666666666,2,0.0,2016-05-25 00:00:00+00:00,2016-05-25 00:00:00+00:00,2016,0.0,0.0,0.0,64.31666666666666,2.0,0.0,0.0
player::terette,team::scarz,Terette,SCARZ,SCARZ,SCARZ,wildcard,LJL,155.06666666666666,5,0.0,2016-05-25 00:00:00+00:00,2017-02-04 00:00:00+00:00,2016|2017,0.0,0.0,0.0,155.06666666666666,5.0,0.0,0.0
player::arfoad,team::scarz,Arfoad,SCARZ,SCARZ,SCARZ,wildcard,LJL,1029.4666666666667,31,9.0,2016-06-04 00:00:00+00:00,2017-02-10 00:00:00+00:00,2016|2017,0.0,0.0,0.0,1029.4666666666667,31.0,9.0,0.2903225806451613
player::vivy,team::scarz,Vivy,SCARZ,SCARZ,SCARZ,wildcard,LJL,663.85,21,6.0,2016-06-04 00:00:00+00:00,2016-07-27 00:00:00+00:00,2016,0.0,0.0,0.0,663.85,21.0,6.0,0.2857142857142857
player::kazu,team::scarz,Kazu,SCARZ,SCARZ,SCARZ,wildcard,LJL,1061.1166666666666,32,9.0,2016-06-10 00:00:00+00:00,2017-03-05 00:00:00+00:00,2016|2017,0.0,0.0,0.0,1061.1166666666666,32.0,9.0,0.28125
player::mei,team::scarz,Mei,SCARZ,SCARZ,SCARZ,wildcard,LJL,470.31666666666666,13,4.0,2017-01-21 00:00:00+00:00,2017-03-25 00:00:00+00:00,2017,0.0,0.0,0.0,470.31666666666666,13.0,4.0,0.3076923076923077
player::search,team::scarz,Search,SCARZ,SCARZ,SCARZ,wildcard,LJL,736.0,21,4.0,2017-01-21 00:00:00+00:00,2017-03-25 00:00:00+00:00,2017,0.0,0.0,0.0,736.0,21.0,4.0,0.19047619047619047
player::daydream,team::scarz,DayDream,SCARZ,SCARZ,SCARZ,wildcard,LJL,513.6666666666666,15,1.0,2017-02-04 00:00:00+00:00,2017-03-25 00:00:00+00:00,2017,0.0,0.0,0.0,513.6666666666666,15.0,1.0,0.06666666666666667
player::air-sota-kadoyama,team::scarz,Air (Sota Kadoyama),SCARZ,SCARZ,SCARZ,wildcard,LJL,370.3833333333333,11,1.0,2017-02-18 00:00:00+00:00,2017-03-25 00:00:00+00:00,2017,0.0,0.0,0.0,370.3833333333333,11.0,1.0,0.09090909090909091
player::oddugi,team::sengokugaming,OdduGi,Sengoku Gaming,Sengoku Gaming,Sengoku Gaming,wildcard,LJL,1425.6666666666667,42,17.0,2019-01-19 00:00:00+00:00,2019-08-18 00:00:00+00:00,2019,0.0,0.0,0.0,1425.6666666666667,42.0,17.0,0.40476190476190477
player::raina,team::sengokugaming,Raina,Sengoku Gaming,Sengoku Gaming,Sengoku Gaming,wildcard,LJL,1425.6666666666667,42,17.0,2019-01-19 00:00:00+00:00,2019-08-18 00:00:00+00:00,2019,0.0,0.0,0.0,1425.6666666666667,42.0,17.0,0.40476190476190477
player::reiya,team::sengokugaming,Reiya,Sengoku Gaming,Sengoku Gaming,Sengoku Gaming,wildcard,LJL,719.5833333333333,21,10.0,2019-01-19 00:00:00+00:00,2019-03-22 00:00:00+00:00,2019,0.0,0.0,0.0,719.5833333333333,21.0,10.0,0.47619047619047616
player::smile-won-jong-ha,team::sengokugaming,Smile (Won Jong-ha),Sengoku Gaming,Sengoku Gaming,Sengoku Gaming,wildcard,LJL,719.5833333333333,21,10.0,2019-01-19 00:00:00+00:00,2019-03-22 00:00:00+00:00,2019,0.0,0.0,0.0,719.5833333333333,21.0,10.0,0.47619047619047616
player::taka,team::sengokugaming,Taka,Sengoku Gaming,Sengoku Gaming,Sengoku Gaming,wildcard,LJL,1425.6666666666667,42,17.0,2019-01-19 00:00:00+00:00,2019-08-18 00:00:00+00:00,2019,0.0,0.0,0.0,1425.6666666666667,42.0,17.0,0.40476190476190477
player::blank-kang-sun-gu,team::sengokugaming,Blank (Kang Sun-gu),Sengoku Gaming,Sengoku Gaming,Sengoku Gaming,wildcard,LJL,706.0833333333334,21,7.0,2019-06-15 00:00:00+00:00,2019-08-18 00:00:00+00:00,2019,0.0,0.0,0.0,706.0833333333334,21.0,7.0,0.3333333333333333
player::donshu,team::sengokugaming,DonShu,Sengoku Gaming,Sengoku Gaming,Sengoku Gaming,wildcard,LJL,706.0833333333334,21,7.0,2019-06-15 00:00:00+00:00,2019-08-18 00:00:00+00:00,2019,0.0,0.0,0.0,706.0833333333334,21.0,7.0,0.3333333333333333
player::juves,team::singaming,Juves,Sin Gaming,Sin Gaming,Sin Gaming,wildcard,OPL,5643.25,164,75.0,2015-05-25 00:00:00+00:00,2018-03-18 00:00:00+00:00,2015|2016|2017|2018,0.0,0.0,0.0,5643.25,164.0,75.0,0.4573170731707317
player::rosey,team::singaming,Rosey,Sin Gaming,Sin Gaming,Sin Gaming,wildcard,OPL,558.2833333333333,15,6.0,2015-05-25 00:00:00+00:00,2015-07-09 00:00:00+00:00,2015,0.0,0.0,0.0,558.2833333333333,15.0,6.0,0.4
player::rymeister,team::singaming,RYmeister,Sin Gaming,Sin Gaming,Sin Gaming,wildcard,OPL,2371.833333333333,67,28.0,2015-05-25 00:00:00+00:00,2016-07-26 00:00:00+00:00,2015|2016,0.0,0.0,0.0,2371.833333333333,67.0,28.0,0.417910447761194
player::stealthix,team::singaming,Stealthix,Sin Gaming,Sin Gaming,Sin Gaming,wildcard,OPL,290.35,8,3.0,2015-05-25 00:00:00+00:00,2015-07-09 00:00:00+00:00,2015,0.0,0.0,0.0,290.35,8.0,3.0,0.375
player::trashboat,team::singaming,trashboat,Sin Gaming,Sin Gaming,Sin Gaming,wildcard,OPL,528.5833333333333,14,6.0,2015-05-25 00:00:00+00:00,2015-07-09 00:00:00+00:00,2015,0.0,0.0,0.0,528.5833333333333,14.0,6.0,0.42857142857142855
player::cardrid,team::singaming,Cardrid,Sin Gaming,Sin Gaming,Sin Gaming,wildcard,OPL,1179.5500000000002,33,16.0,2015-06-18 00:00:00+00:00,2016-03-30 00:00:00+00:00,2015|2016,0.0,0.0,0.0,1179.5500000000002,33.0,16.0,0.48484848484848486
player::huey,team::singaming,Huey,Sin Gaming,Sin Gaming,Sin Gaming,wildcard,OPL,68.78333333333333,2,1.0,2015-06-18 00:00:00+00:00,2015-06-25 00:00:00+00:00,2015,0.0,0.0,0.0,68.78333333333333,2.0,1.0,0.5
player::chippys,team::singaming,Chippys,Sin Gaming,Sin Gaming,Sin Gaming,wildcard,OPL,911.6166666666668,26,13.0,2016-01-19 00:00:00+00:00,2016-03-30 00:00:00+00:00,2016,0.0,0.0,0.0,911.6166666666668,26.0,13.0,0.5
player::rogue-jake-sharwood,team::singaming,Rogue (Jake Sharwood),Sin Gaming,Sin Gaming,Sin Gaming,wildcard,OPL,4404.2,128,64.0,2016-01-19 00:00:00+00:00,2017-08-26 00:00:00+00:00,2016|2017,0.0,0.0,0.0,4404.2,128.0,64.0,0.5
player::raps,team::singaming,Raps,Sin Gaming,Sin Gaming,Sin Gaming,wildcard,OPL,901.9333333333332,26,9.0,2016-05-23 00:00:00+00:00,2016-07-26 00:00:00+00:00,2016,0.0,0.0,0.0,901.9333333333332,26.0,9.0,0.34615384615384615
player::skwiggle,team::singaming,Skwiggle,Sin Gaming,Sin Gaming,Sin Gaming,wildcard,OPL,901.9333333333332,26,9.0,2016-05-23 00:00:00+00:00,2016-07-26 00:00:00+00:00,2016,0.0,0.0,0.0,901.9333333333332,26.0,9.0,0.34615384615384615
player::dan-dan,team::singaming,Dan Dan,Sin Gaming,Sin Gaming,Sin Gaming,wildcard,OPL,65.55,2,0.0,2016-05-31 00:00:00+00:00,2016-05-31 00:00:00+00:00,2016,0.0,0.0,0.0,65.55,2.0,0.0,0.0
player::fbi,team::singaming,FBI,Sin Gaming,Sin Gaming,Sin Gaming,wildcard,OPL,2590.65,76,42.0,2017-01-22 00:00:00+00:00,2017-08-26 00:00:00+00:00,2017,0.0,0.0,0.0,2590.65,76.0,42.0,0.5526315789473685
player::flaresz,team::singaming,Flaresz,Sin Gaming,Sin Gaming,Sin Gaming,wildcard,OPL,1434.8,41,22.0,2017-01-22 00:00:00+00:00,2017-04-09 00:00:00+00:00,2017,0.0,0.0,0.0,1434.8,41.0,22.0,0.5365853658536586
player::wzrd,team::singaming,Wzrd,Sin Gaming,Sin Gaming,Sin Gaming,wildcard,OPL,505.75,14,6.0,2017-01-22 00:00:00+00:00,2017-02-19 00:00:00+00:00,2017,0.0,0.0,0.0,505.75,14.0,6.0,0.42857142857142855
player::ry0ma,team::singaming,ry0ma,Sin Gaming,Sin Gaming,Sin Gaming,wildcard,OPL,2084.9,62,36.0,2017-03-04 00:00:00+00:00,2017-08-26 00:00:00+00:00,2017,0.0,0.0,0.0,2084.9,62.0,36.0,0.5806451612903226
player::dhokla,team::singaming,Dhokla,Sin Gaming,Sin Gaming,Sin Gaming,wildcard,OPL,1155.85,35,20.0,2017-06-11 00:00:00+00:00,2017-08-26 00:00:00+00:00,2017,0.0,0.0,0.0,1155.85,35.0,20.0,0.5714285714285714
player::bdoink,team::singaming,Bdoink,Sin Gaming,Sin Gaming,Sin Gaming,wildcard,OPL,785.4,24,6.0,2018-01-20 00:00:00+00:00,2018-03-18 00:00:00+00:00,2018,0.0,0.0,0.0,785.4,24.0,6.0,0.25
player::dream-ronan-swingler,team::singaming,Dream (Ronan Swingler),Sin Gaming,Sin Gaming,Sin Gaming,wildcard,OPL,785.4,24,6.0,2018-01-20 00:00:00+00:00,2018-03-18 00:00:00+00:00,2018,0.0,0.0,0.0,785.4,24.0,6.0,0.25
player::kpop,team::singaming,Kpop,Sin Gaming,Sin Gaming,Sin Gaming,wildcard,OPL,113.05,4,0.0,2018-01-20 00:00:00+00:00,2018-01-27 00:00:00+00:00,2018,0.0,0.0,0.0,113.05,4.0,0.0,0.0
player::praedyth,team::singaming,Praedyth,Sin Gaming,Sin Gaming,Sin Gaming,wildcard,OPL,785.4,24,6.0,2018-01-20 00:00:00+00:00,2018-03-18 00:00:00+00:00,2018,0.0,0.0,0.0,785.4,24.0,6.0,0.25
player::cuden,team::singaming,Cuden,Sin Gaming,Sin Gaming,Sin Gaming,wildcard,OPL,672.35,20,6.0,2018-02-02 00:00:00+00:00,2018-03-18 00:00:00+00:00,2018,0.0,0.0,0.0,672.35,20.0,6.0,0.3
player::forg1vengre,team::sk,FORG1VENGRE,SK,SK,SK,major,LEC,987.6333333333332,26,17.0,2015-01-22 00:00:00+00:00,2015-04-18 00:00:00+00:00,2015,0.0,0.0,0.0,987.6333333333332,26.0,17.0,0.6538461538461539
player::fox-hampus-myhre,team::sk,Fox (Hampus Myhre),SK,SK,SK,major,LEC,1607.2666666666669,42,21.0,2015-01-22 00:00:00+00:00,2015-07-23 00:00:00+00:00,2015,0.0,0.0,0.0,1607.2666666666669,42.0,21.0,0.5
player::fredy122,team::sk,fredy122,SK,SK,SK,major,LEC,1607.2666666666669,42,21.0,2015-01-22 00:00:00+00:00,2015-07-23 00:00:00+00:00,2015,0.0,0.0,0.0,1607.2666666666669,42.0,21.0,0.5
player::nrated,team::sk,nRated,SK,SK,SK,major,LEC,1607.2666666666669,42,21.0,2015-01-22 00:00:00+00:00,2015-07-23 00:00:00+00:00,2015,0.0,0.0,0.0,1607.2666666666669,42.0,21.0,0.5
player::svenskeren,team::sk,Svenskeren,SK,SK,SK,major,LEC,1607.2666666666669,42,21.0,2015-01-22 00:00:00+00:00,2015-07-23 00:00:00+00:00,2015,0.0,0.0,0.0,1607.2666666666669,42.0,21.0,0.5
player::candypanda,team::sk,CandyPanda,SK,SK,SK,major,LEC,619.6333333333333,16,4.0,2015-05-28 00:00:00+00:00,2015-07-23 00:00:00+00:00,2015,0.0,0.0,0.0,619.6333333333333,16.0,4.0,0.25
player::crownshot,team::sk,Crownshot,SK,SK,SK,major,LEC,1384.25,42,18.0,2019-01-18 00:00:00+00:00,2019-08-17 00:00:00+00:00,2019,0.0,0.0,0.0,1384.25,42.0,18.0,0.42857142857142855
player::dreams-han-min-kook,team::sk,Dreams (Han Min-kook),SK,SK,SK,major,LEC,1384.25,42,18.0,2019-01-18 00:00:00+00:00,2019-08-17 00:00:00+00:00,2019,0.0,0.0,0.0,1384.25,42.0,18.0,0.42857142857142855
player::pirean,team::sk,Pirean,SK,SK,SK,major,LEC,1143.4666666666667,35,14.0,2019-01-18 00:00:00+00:00,2019-07-27 00:00:00+00:00,2019,0.0,0.0,0.0,1143.4666666666667,35.0,14.0,0.4
player::selfmade,team::sk,Selfmade,SK,SK,SK,major,LEC,1384.25,42,18.0,2019-01-18 00:00:00+00:00,2019-08-17 00:00:00+00:00,2019,0.0,0.0,0.0,1384.25,42.0,18.0,0.42857142857142855
player::werlyb,team::sk,Werlyb,SK,SK,SK,major,LEC,774.9333333333333,23,11.0,2019-01-18 00:00:00+00:00,2019-03-30 00:00:00+00:00,2019,0.0,0.0,0.0,774.9333333333333,23.0,11.0,0.4782608695652174
player::sacre,team::sk,Sacre,SK,SK,SK,major,LEC,609.3166666666666,19,7.0,2019-06-07 00:00:00+00:00,2019-08-17 00:00:00+00:00,2019,0.0,0.0,0.0,609.3166666666666,19.0,7.0,0.3684210526315789
player::jenax,team::sk,Jenax,SK,SK,SK,major,LEC,240.78333333333333,7,4.0,2019-08-02 00:00:00+00:00,2019-08-17 00:00:00+00:00,2019,0.0,0.0,0.0,240.78333333333333,7.0,4.0,0.5714285714285714
player::barneyd,team::skp,BarneyD,SKP,SKP,SKP,major,LEC,113.81666666666666,3,1.0,2014-11-21 00:00:00+00:00,2014-11-21 00:00:00+00:00,2015,0.0,0.0,0.0,113.81666666666666,3.0,1.0,0.3333333333333333
player::beansu,team::skp,Beansu,SKP,SKP,SKP,major,LEC,113.81666666666666,3,1.0,2014-11-21 00:00:00+00:00,2014-11-21 00:00:00+00:00,2015,0.0,0.0,0.0,113.81666666666666,3.0,1.0,0.3333333333333333
player::godbro,team::skp,Godbro,SKP,SKP,SKP,major,LEC,113.81666666666666,3,1.0,2014-11-21 00:00:00+00:00,2014-11-21 00:00:00+00:00,2015,0.0,0.0,0.0,113.81666666666666,3.0,1.0,0.3333333333333333
player::steeelback,team::skp,Steeelback,SKP,SKP,SKP,major,LEC,113.81666666666666,3,1.0,2014-11-21 00:00:00+00:00,2014-11-21 00:00:00+00:00,2015,0.0,0.0,0.0,113.81666666666666,3.0,1.0,0.3333333333333333
player::trashy,team::skp,Trashy,SKP,SKP,SKP,major,LEC,113.81666666666666,3,1.0,2014-11-21 00:00:00+00:00,2014-11-21 00:00:00+00:00,2015,0.0,0.0,0.0,113.81666666666666,3.0,1.0,0.3333333333333333
player::bang,team::sktelecomt1,Bang,SK Telecom T1,SK Telecom T1,SK Telecom T1,major,LCK,13964.583333333332,381,249.0,2015-01-07 00:00:00+00:00,2018-09-12 00:00:00+00:00,2015|2016|2017|2018,3786.2666666666655,104.0,76.0,17750.850000000002,485.0,325.0,0.6535433070866141
player::bengi,team::sktelecomt1,Bengi,SK Telecom T1,SK Telecom T1,SK Telecom T1,major,LCK,3593.8166666666666,98,71.0,2015-01-07 00:00:00+00:00,2016-08-05 00:00:00+00:00,2015|2016,1531.0166666666669,41.0,33.0,5124.833333333334,139.0,104.0,0.7244897959183674
player::easyhoon,team::sktelecomt1,Easyhoon,SK Telecom T1,SK Telecom T1,SK Telecom T1,major,LCK,1097.6166666666666,28,23.0,2015-01-07 00:00:00+00:00,2015-08-12 00:00:00+00:00,2015,314.71666666666664,9.0,7.0,1412.3333333333337,37.0,30.0,0.8214285714285714
player::faker,team::sktelecomt1,Faker,SK Telecom T1,SK Telecom T1,SK Telecom T1,major,LCK,15863.233333333335,441,291.0,2015-01-07 00:00:00+00:00,2019-08-31 00:00:00+00:00,2015|2016|2017|2018|2019,4371.533333333334,124.0,87.0,20234.766666666663,565.0,378.0,0.6598639455782312
player::marin,team::sktelecomt1,MaRin,SK Telecom T1,SK Telecom T1,SK Telecom T1,major,LCK,3109.1666666666665,84,67.0,2015-01-07 00:00:00+00:00,2015-08-29 00:00:00+00:00,2015,1074.35,31.0,25.0,4183.516666666666,115.0,92.0,0.7976190476190477
player::wolf-lee-jae-wan,team::sktelecomt1,Wolf (Lee Jae-wan),SK Telecom T1,SK Telecom T1,SK Telecom T1,major,LCK,11457.533333333333,312,211.0,2015-01-07 00:00:00+00:00,2018-06-22 00:00:00+00:00,2015|2016|2017|2018,3786.2666666666655,104.0,76.0,15243.8,416.0,287.0,0.6762820512820513
player::piccaboo,team::sktelecomt1,Piccaboo,SK Telecom T1,SK Telecom T1,SK Telecom T1,major,LCK,476.4833333333333,12,8.0,2015-01-16 00:00:00+00:00,2015-03-06 00:00:00+00:00,2015,0.0,0.0,0.0,476.4833333333333,12.0,8.0,0.6666666666666666
player::t0m-im-jae-hyeon,team::sktelecomt1,T0M (Im Jae-hyeon),SK Telecom T1,SK Telecom T1,SK Telecom T1,major,LCK,646.3000000000001,17,15.0,2015-03-20 00:00:00+00:00,2015-08-05 00:00:00+00:00,2015,0.0,0.0,0.0,646.3000000000001,17.0,15.0,0.8823529411764706
player::duke-lee-ho-seong,team::sktelecomt1,Duke (Lee Ho-seong),SK Telecom T1,SK Telecom T1,SK Telecom T1,major,LCK,3637.0166666666655,98,65.0,2016-01-13 00:00:00+00:00,2016-08-12 00:00:00+00:00,2016,1476.0,37.0,26.0,5113.016666666666,135.0,91.0,0.6632653061224489
player::blank-kang-sun-gu,team::sktelecomt1,Blank (Kang Sun-gu),SK Telecom T1,SK Telecom T1,SK Telecom T1,major,LCK,6288.716666666666,171,104.0,2016-01-16 00:00:00+00:00,2018-09-12 00:00:00+00:00,2016|2017|2018,1345.8333333333333,36.0,23.0,7634.55,207.0,127.0,0.6081871345029239
player::scout,team::sktelecomt1,Scout,SK Telecom T1,SK Telecom T1,SK Telecom T1,major,LCK,50.73333333333333,1,0.0,2016-01-16 00:00:00+00:00,2016-01-16 00:00:00+00:00,2016,0.0,0.0,0.0,50.73333333333333,1.0,0.0,0.0
player::huni,team::sktelecomt1,Huni,SK Telecom T1,SK Telecom T1,SK Telecom T1,major,LCK,1904.15,54,36.0,2017-01-18 00:00:00+00:00,2017-08-26 00:00:00+00:00,2017,1235.9166666666667,36.0,25.0,3140.066666666667,90.0,61.0,0.6666666666666666
player::peanut,team::sktelecomt1,Peanut,SK Telecom T1,SK Telecom T1,SK Telecom T1,major,LCK,2487.5166666666664,71,46.0,2017-01-18 00:00:00+00:00,2017-08-26 00:00:00+00:00,2017,909.4166666666666,27.0,20.0,3396.933333333333,98.0,66.0,0.647887323943662
player::profit,team::sktelecomt1,Profit,SK Telecom T1,SK Telecom T1,SK Telecom T1,major,LCK,318.7166666666667,9,7.0,2017-03-05 00:00:00+00:00,2017-03-25 00:00:00+00:00,2017,0.0,0.0,0.0,318.7166666666667,9.0,7.0,0.7777777777777778
player::untara,team::sktelecomt1,Untara,SK Telecom T1,SK Telecom T1,SK Telecom T1,major,LCK,2285.2333333333336,63,37.0,2017-06-10 00:00:00+00:00,2018-09-12 00:00:00+00:00,2017|2018,0.0,0.0,0.0,2285.2333333333336,63.0,37.0,0.5873015873015873
player::effort,team::sktelecomt1,Effort,SK Telecom T1,SK Telecom T1,SK Telecom T1,major,LCK,3661.5333333333338,104,64.0,2018-01-17 00:00:00+00:00,2019-08-31 00:00:00+00:00,2018|2019,392.8833333333333,12.0,9.0,4054.416666666667,116.0,73.0,0.6153846153846154
player::thal,team::sktelecomt1,Thal,SK Telecom T1,SK Telecom T1,SK Telecom T1,major,LCK,2801.266666666667,76,38.0,2018-01-20 00:00:00+00:00,2018-08-09 00:00:00+00:00,2018,0.0,0.0,0.0,2801.266666666667,76.0,38.0,0.5
player::blossom-park-beom-chan,team::sktelecomt1,Blossom (Park Beom-chan),SK Telecom T1,SK Telecom T1,SK Telecom T1,major,LCK,817.7666666666667,23,12.0,2018-02-06 00:00:00+00:00,2018-06-20 00:00:00+00:00,2018,0.0,0.0,0.0,817.7666666666667,23.0,12.0,0.5217391304347826
player::leo-han-gyeo-re,team::sktelecomt1,Leo (Han Gyeo-re),SK Telecom T1,SK Telecom T1,SK Telecom T1,major,LCK,90.96666666666668,3,1.0,2018-06-19 00:00:00+00:00,2018-06-20 00:00:00+00:00,2018,0.0,0.0,0.0,90.96666666666668,3.0,1.0,0.3333333333333333
player::pirean,team::sktelecomt1,Pirean,SK Telecom T1,SK Telecom T1,SK Telecom T1,major,LCK,675.3666666666667,19,10.0,2018-06-19 00:00:00+00:00,2018-08-09 00:00:00+00:00,2018,0.0,0.0,0.0,675.3666666666667,19.0,10.0,0.5263157894736842
player::clid,team::sktelecomt1,Clid,SK Telecom T1,SK Telecom T1,SK Telecom T1,major,LCK,3511.55,102,73.0,2019-01-16 00:00:00+00:00,2019-08-31 00:00:00+00:00,2019,899.9833333333333,29.0,18.0,4411.533333333333,131.0,91.0,0.7156862745098039
player::khan,team::sktelecomt1,Khan,SK Telecom T1,SK Telecom T1,SK Telecom T1,major,LCK,3656.9166666666665,106,74.0,2019-01-16 00:00:00+00:00,2019-08-31 00:00:00+00:00,2019,899.9833333333333,29.0,18.0,4556.9,135.0,92.0,0.6981132075471698
player::mata,team::sktelecomt1,Mata,SK Telecom T1,SK Telecom T1,SK Telecom T1,major,LCK,2338.35,66,43.0,2019-01-16 00:00:00+00:00,2019-08-15 00:00:00+00:00,2019,507.1,17.0,9.0,2845.45,83.0,52.0,0.6515151515151515
player::teddy,team::sktelecomt1,Teddy,SK Telecom T1,SK Telecom T1,SK Telecom T1,major,LCK,3656.9166666666665,106,74.0,2019-01-16 00:00:00+00:00,2019-08-31 00:00:00+00:00,2019,899.9833333333333,29.0,18.0,4556.9,135.0,92.0,0.6981132075471698
player::haru,team::sktelecomt1,Haru,SK Telecom T1,SK Telecom T1,SK Telecom T1,major,LCK,145.36666666666667,4,1.0,2019-06-13 00:00:00+00:00,2019-06-22 00:00:00+00:00,2019,0.0,0.0,0.0,145.36666666666667,4.0,1.0,0.25
player::gori,team::sktelecomt1,Gori,SK Telecom T1,SK Telecom T1,SK Telecom T1,major,LCK,25.516666666666666,1,0.0,2019-06-22 00:00:00+00:00,2019-06-22 00:00:00+00:00,2019,0.0,0.0,0.0,25.516666666666666,1.0,0.0,0.0
player::avoidless,team::sng,Avoidless,SNG,SNG,SNG,major,LPL,325.7833333333333,9,2.0,2017-06-10 00:00:00+00:00,2017-08-06 00:00:00+00:00,2017,0.0,0.0,0.0,325.7833333333333,9.0,2.0,0.2222222222222222
player::dian,team::sng,dian,SNG,SNG,SNG,major,LPL,450.56666666666666,12,3.0,2017-06-10 00:00:00+00:00,2017-08-12 00:00:00+00:00,2017,0.0,0.0,0.0,450.56666666666666,12.0,3.0,0.25
player::fury-lee-jin-yong,team::sng,Fury (Lee Jin-yong),SNG,SNG,SNG,major,LPL,4920.55,138,69.0,2017-06-10 00:00:00+00:00,2018-09-05 00:00:00+00:00,2017|2018,0.0,0.0,0.0,4920.55,138.0,69.0,0.5
player::xiaoal,team::sng,XiaoAL,SNG,SNG,SNG,major,LPL,5000.233333333334,140,70.0,2017-06-10 00:00:00+00:00,2018-09-05 00:00:00+00:00,2017|2018,0.0,0.0,0.0,5000.233333333334,140.0,70.0,0.5
player::yoon,team::sng,Yoon,SNG,SNG,SNG,major,LPL,4896.849999999999,137,69.0,2017-06-10 00:00:00+00:00,2018-09-05 00:00:00+00:00,2017|2018,0.0,0.0,0.0,4896.849999999999,137.0,69.0,0.5036496350364964
player::fenfen,team::sng,fenfen,SNG,SNG,SNG,major,LPL,1640.0,46,23.0,2017-06-16 00:00:00+00:00,2018-06-25 00:00:00+00:00,2017|2018,0.0,0.0,0.0,1640.0,46.0,23.0,0.5
player::h4cker,team::sng,H4cker,SNG,SNG,SNG,major,LPL,4335.366666666667,121,64.0,2017-06-16 00:00:00+00:00,2018-09-05 00:00:00+00:00,2017|2018,0.0,0.0,0.0,4335.366666666667,121.0,64.0,0.5289256198347108
player::bananafish,team::sng,Bananafish,SNG,SNG,SNG,major,LPL,148.06666666666666,4,2.0,2017-08-10 00:00:00+00:00,2017-08-12 00:00:00+00:00,2017,0.0,0.0,0.0,148.06666666666666,4.0,2.0,0.5
player::brain,team::sng,Brain,SNG,SNG,SNG,major,LPL,171.76666666666665,5,2.0,2017-08-10 00:00:00+00:00,2017-08-22 00:00:00+00:00,2017,0.0,0.0,0.0,171.76666666666665,5.0,2.0,0.4
player::lz-li-zhen,team::sng,Lz (Li Zhen),SNG,SNG,SNG,major,LPL,68.38333333333333,2,1.0,2017-08-10 00:00:00+00:00,2017-08-10 00:00:00+00:00,2017,0.0,0.0,0.0,68.38333333333333,2.0,1.0,0.5
player::knight-zhuo-ding,team::sng,Knight (Zhuo Ding),SNG,SNG,SNG,major,LPL,1711.8,48,25.0,2018-01-15 00:00:00+00:00,2018-04-03 00:00:00+00:00,2018,0.0,0.0,0.0,1711.8,48.0,25.0,0.5208333333333334
player::tian,team::sng,Tian,SNG,SNG,SNG,major,LPL,407.4666666666667,12,5.0,2018-01-15 00:00:00+00:00,2018-02-26 00:00:00+00:00,2018,0.0,0.0,0.0,407.4666666666667,12.0,5.0,0.4166666666666667
player::angel-xiang-tao,team::sng,Angel (Xiang Tao),SNG,SNG,SNG,major,LPL,1266.25,36,20.0,2018-07-14 00:00:00+00:00,2018-09-05 00:00:00+00:00,2018,0.0,0.0,0.0,1266.25,36.0,20.0,0.5555555555555556
player::antariys,team::sol,Antariys,sol,sol,sol,wildcard,LCL,523.3833333333333,15,6.0,2015-05-30 00:00:00+00:00,2015-07-14 00:00:00+00:00,2015,0.0,0.0,0.0,523.3833333333333,15.0,6.0,0.4
player::blasting,team::sol,Blasting,sol,sol,sol,wildcard,LCL,523.3833333333333,15,6.0,2015-05-30 00:00:00+00:00,2015-07-14 00:00:00+00:00,2015,0.0,0.0,0.0,523.3833333333333,15.0,6.0,0.4
player::gimliq,team::sol,GimliQ,sol,sol,sol,wildcard,LCL,523.3833333333333,15,6.0,2015-05-30 00:00:00+00:00,2015-07-14 00:00:00+00:00,2015,0.0,0.0,0.0,523.3833333333333,15.0,6.0,0.4
player::marker,team::sol,Marker,sol,sol,sol,wildcard,LCL,523.3833333333333,15,6.0,2015-05-30 00:00:00+00:00,2015-07-14 00:00:00+00:00,2015,0.0,0.0,0.0,523.3833333333333,15.0,6.0,0.4
player::romero,team::sol,Romero,sol,sol,sol,wildcard,LCL,133.7,4,1.0,2015-05-30 00:00:00+00:00,2015-06-13 00:00:00+00:00,2015,0.0,0.0,0.0,133.7,4.0,1.0,0.25
player::kimi-ilja-kolosov,team::sol,kimi (Ilja Kolosov),sol,sol,sol,wildcard,LCL,317.6333333333333,9,4.0,2015-06-07 00:00:00+00:00,2015-07-14 00:00:00+00:00,2015,0.0,0.0,0.0,317.6333333333333,9.0,4.0,0.4444444444444444
player::piipous3k,team::sol,Piipous3k,sol,sol,sol,wildcard,LCL,72.05,2,1.0,2015-06-20 00:00:00+00:00,2015-06-20 00:00:00+00:00,2015,0.0,0.0,0.0,72.05,2.0,1.0,0.5
player::kobbe,team::splyce,Kobbe,Splyce,Splyce,Splyce,major,LEC,9367.816666666668,262,140.0,2016-01-14 00:00:00+00:00,2019-09-15 00:00:00+00:00,2016|2017|2018|2019,875.1833333333333,26.0,12.0,10243.0,288.0,152.0,0.5343511450381679
player::nisbeth,team::splyce,Nisbeth,Splyce,Splyce,Splyce,major,LEC,613.8666666666667,18,5.0,2016-01-14 00:00:00+00:00,2016-03-18 00:00:00+00:00,2016,0.0,0.0,0.0,613.8666666666667,18.0,5.0,0.2777777777777778
player::sencux,team::splyce,Sencux,Splyce,Splyce,Splyce,major,LEC,4947.7,140,73.0,2016-01-14 00:00:00+00:00,2017-09-08 00:00:00+00:00,2016|2017,193.0833333333333,6.0,1.0,5140.783333333333,146.0,74.0,0.5214285714285715
player::trashy,team::splyce,Trashy,Splyce,Splyce,Splyce,major,LEC,4947.7,140,73.0,2016-01-14 00:00:00+00:00,2017-09-08 00:00:00+00:00,2016|2017,193.0833333333333,6.0,1.0,5140.783333333333,146.0,74.0,0.5214285714285715
player::wunderwear,team::splyce,Wunderwear,Splyce,Splyce,Splyce,major,LEC,613.8666666666667,18,5.0,2016-01-14 00:00:00+00:00,2016-03-18 00:00:00+00:00,2016,0.0,0.0,0.0,613.8666666666667,18.0,5.0,0.2777777777777778
player::mikyx,team::splyce,Mikyx,Splyce,Splyce,Splyce,major,LEC,4333.833333333333,122,68.0,2016-06-02 00:00:00+00:00,2017-09-08 00:00:00+00:00,2016|2017,193.0833333333333,6.0,1.0,4526.916666666666,128.0,69.0,0.5573770491803278
player::wunder,team::splyce,Wunder,Splyce,Splyce,Splyce,major,LEC,4333.833333333333,122,68.0,2016-06-02 00:00:00+00:00,2017-09-08 00:00:00+00:00,2016|2017,193.0833333333333,6.0,1.0,4526.916666666666,128.0,69.0,0.5573770491803278
player::kasing,team::splyce,kaSing,Splyce,Splyce,Splyce,major,LEC,2381.983333333333,64,34.0,2018-01-19 00:00:00+00:00,2018-09-15 00:00:00+00:00,2018,0.0,0.0,0.0,2381.983333333333,64.0,34.0,0.53125
player::nisqy,team::splyce,Nisqy,Splyce,Splyce,Splyce,major,LEC,2381.983333333333,64,34.0,2018-01-19 00:00:00+00:00,2018-09-15 00:00:00+00:00,2018,0.0,0.0,0.0,2381.983333333333,64.0,34.0,0.53125
player::odoamne,team::splyce,Odoamne,Splyce,Splyce,Splyce,major,LEC,2381.983333333333,64,34.0,2018-01-19 00:00:00+00:00,2018-09-15 00:00:00+00:00,2018,0.0,0.0,0.0,2381.983333333333,64.0,34.0,0.53125
player::xerxe,team::splyce,Xerxe,Splyce,Splyce,Splyce,major,LEC,4420.116666666667,122,67.0,2018-01-19 00:00:00+00:00,2019-09-15 00:00:00+00:00,2018|2019,682.0999999999999,20.0,11.0,5102.216666666667,142.0,78.0,0.5491803278688525
player::humanoid,team::splyce,Humanoid,Splyce,Splyce,Splyce,major,LEC,2038.1333333333328,58,33.0,2019-01-18 00:00:00+00:00,2019-09-15 00:00:00+00:00,2019,682.0999999999999,20.0,11.0,2720.233333333333,78.0,44.0,0.5689655172413793
player::norskeren,team::splyce,Norskeren,Splyce,Splyce,Splyce,major,LEC,2038.1333333333328,58,33.0,2019-01-18 00:00:00+00:00,2019-09-15 00:00:00+00:00,2019,682.0999999999999,20.0,11.0,2720.233333333333,78.0,44.0,0.5689655172413793
player::vizicsacsi,team::splyce,Vizicsacsi,Splyce,Splyce,Splyce,major,LEC,1999.0166666666669,57,32.0,2019-01-18 00:00:00+00:00,2019-09-15 00:00:00+00:00,2019,682.0999999999999,20.0,11.0,2681.116666666667,77.0,43.0,0.5614035087719298
player::orome,team::splyce,Orome,Splyce,Splyce,Splyce,major,LEC,39.11666666666667,1,1.0,2019-02-23 00:00:00+00:00,2019-02-23 00:00:00+00:00,2019,0.0,0.0,0.0,39.11666666666667,1.0,1.0,1.0
player::cola-jiang-nan,team::starhornroyalclub,Cola (Jiang Nan),Star Horn Royal Club,Star Horn Royal Club,Star Horn Royal Club,major,LPL,1296.3166666666666,37,12.0,2015-01-17 00:00:00+00:00,2015-04-11 00:00:00+00:00,2015,0.0,0.0,0.0,1296.3166666666666,37.0,12.0,0.32432432432432434
player::corn-lei-wen,team::starhornroyalclub,Corn (Lei Wen),Star Horn Royal Club,Star Horn Royal Club,Star Horn Royal Club,major,LPL,1578.3833333333332,44,15.0,2015-01-17 00:00:00+00:00,2015-04-11 00:00:00+00:00,2015,0.0,0.0,0.0,1578.3833333333332,44.0,15.0,0.3409090909090909
player::hyy,team::starhornroyalclub,HYY,Star Horn Royal Club,Star Horn Royal Club,Star Horn Royal Club,major,LPL,598.9833333333333,16,6.0,2015-01-17 00:00:00+00:00,2015-02-15 00:00:00+00:00,2015,0.0,0.0,0.0,598.9833333333333,16.0,6.0,0.375
player::insec,team::starhornroyalclub,inSec,Star Horn Royal Club,Star Horn Royal Club,Star Horn Royal Club,major,LPL,1325.1333333333334,36,12.0,2015-01-17 00:00:00+00:00,2015-03-21 00:00:00+00:00,2015,0.0,0.0,0.0,1325.1333333333334,36.0,12.0,0.3333333333333333
player::zero-yoon-kyung-sup,team::starhornroyalclub,Zero (Yoon Kyung-sup),Star Horn Royal Club,Star Horn Royal Club,Star Horn Royal Club,major,LPL,1578.3833333333332,44,15.0,2015-01-17 00:00:00+00:00,2015-04-11 00:00:00+00:00,2015,0.0,0.0,0.0,1578.3833333333332,44.0,15.0,0.3409090909090909
player::wei-wang-huan-wei,team::starhornroyalclub,Wei (Wang Huan-Wei),Star Horn Royal Club,Star Horn Royal Club,Star Horn Royal Club,major,LPL,401.98333333333335,12,3.0,2015-02-06 00:00:00+00:00,2015-03-08 00:00:00+00:00,2015,0.0,0.0,0.0,401.98333333333335,12.0,3.0,0.25
player::godlike,team::starhornroyalclub,GodLike,Star Horn Royal Club,Star Horn Royal Club,Star Horn Royal Club,major,LPL,249.2,6,3.0,2015-03-13 00:00:00+00:00,2015-03-21 00:00:00+00:00,2015,0.0,0.0,0.0,249.2,6.0,3.0,0.5
player::namei,team::starhornroyalclub,NaMei,Star Horn Royal Club,Star Horn Royal Club,Star Horn Royal Club,major,LPL,577.4166666666667,16,6.0,2015-03-13 00:00:00+00:00,2015-04-11 00:00:00+00:00,2015,0.0,0.0,0.0,577.4166666666667,16.0,6.0,0.375
player::blank-kang-sun-gu,team::starhornroyalclub,Blank (Kang Sun-gu),Star Horn Royal Club,Star Horn Royal Club,Star Horn Royal Club,major,LPL,253.25,8,3.0,2015-04-03 00:00:00+00:00,2015-04-11 00:00:00+00:00,2015,0.0,0.0,0.0,253.25,8.0,3.0,0.375
player::v,team::starhornroyalclub,V,Star Horn Royal Club,Star Horn Royal Club,Star Horn Royal Club,major,LPL,32.86666666666667,1,0.0,2015-04-11 00:00:00+00:00,2015-04-11 00:00:00+00:00,2015,0.0,0.0,0.0,32.86666666666667,1.0,0.0,0.0
player::apink-bomi2,team::suddenfear,apink bomi2,Sudden Fear,Sudden Fear,Sudden Fear,wildcard,OPL,875.0666666666667,25,4.0,2015-02-05 00:00:00+00:00,2015-07-09 00:00:00+00:00,2015,0.0,0.0,0.0,875.0666666666667,25.0,4.0,0.16
player::ayy-paps,team::suddenfear,ayy paps,Sudden Fear,Sudden Fear,Sudden Fear,wildcard,OPL,446.98333333333335,13,3.0,2015-02-05 00:00:00+00:00,2015-03-26 00:00:00+00:00,2015,0.0,0.0,0.0,446.98333333333335,13.0,3.0,0.23076923076923078
player::broler,team::suddenfear,Broler,Sudden Fear,Sudden Fear,Sudden Fear,wildcard,OPL,446.98333333333335,13,3.0,2015-02-05 00:00:00+00:00,2015-03-26 00:00:00+00:00,2015,0.0,0.0,0.0,446.98333333333335,13.0,3.0,0.23076923076923078
player::chrismistrees,team::suddenfear,ChrisMisTrees,Sudden Fear,Sudden Fear,Sudden Fear,wildcard,OPL,842.2666666666667,24,4.0,2015-02-05 00:00:00+00:00,2015-07-09 00:00:00+00:00,2015,0.0,0.0,0.0,842.2666666666667,24.0,4.0,0.16666666666666666
player::mformoon,team::suddenfear,MforMoon,Sudden Fear,Sudden Fear,Sudden Fear,wildcard,OPL,305.3666666666667,9,2.0,2015-02-05 00:00:00+00:00,2015-03-26 00:00:00+00:00,2015,0.0,0.0,0.0,305.3666666666667,9.0,2.0,0.2222222222222222
player::energizer,team::suddenfear,Energizer,Sudden Fear,Sudden Fear,Sudden Fear,wildcard,OPL,171.18333333333334,5,1.0,2015-02-23 00:00:00+00:00,2015-07-06 00:00:00+00:00,2015,0.0,0.0,0.0,171.18333333333334,5.0,1.0,0.2
player::patu,team::suddenfear,Patu,Sudden Fear,Sudden Fear,Sudden Fear,wildcard,OPL,462.25,13,1.0,2015-05-25 00:00:00+00:00,2015-07-09 00:00:00+00:00,2015,0.0,0.0,0.0,462.25,13.0,1.0,0.07692307692307693
player::robosanta,team::suddenfear,Robosanta,Sudden Fear,Sudden Fear,Sudden Fear,wildcard,OPL,462.25,13,1.0,2015-05-25 00:00:00+00:00,2015-07-09 00:00:00+00:00,2015,0.0,0.0,0.0,462.25,13.0,1.0,0.07692307692307693
player::shiny-jack-wright,team::suddenfear,Shiny (Jack Wright),Sudden Fear,Sudden Fear,Sudden Fear,wildcard,OPL,394.51666666666665,11,1.0,2015-05-25 00:00:00+00:00,2015-07-02 00:00:00+00:00,2015,0.0,0.0,0.0,394.51666666666665,11.0,1.0,0.09090909090909091
player::bomi2,team::suddenfear,bomi2,Sudden Fear,Sudden Fear,Sudden Fear,wildcard,OPL,34.166666666666664,1,0.0,2015-06-11 00:00:00+00:00,2015-06-11 00:00:00+00:00,2015,0.0,0.0,0.0,34.166666666666664,1.0,0.0,0.0
player::chenyboy,team::suddenfear,Chenyboy,Sudden Fear,Sudden Fear,Sudden Fear,wildcard,OPL,105.13333333333333,3,0.0,2015-06-18 00:00:00+00:00,2015-07-09 00:00:00+00:00,2015,0.0,0.0,0.0,105.13333333333333,3.0,0.0,0.0
player::h4cker,team::suning,H4cker,Suning,Suning,Suning,major,LPL,941.9333333333334,29,14.0,2019-01-16 00:00:00+00:00,2019-08-22 00:00:00+00:00,2019,0.0,0.0,0.0,941.9333333333334,29.0,14.0,0.4827586206896552
player::maple-huang-yi-tang,team::suning,Maple (Huang Yi-Tang),Suning,Suning,Suning,major,LPL,2239.0333333333333,67,32.0,2019-01-16 00:00:00+00:00,2019-08-22 00:00:00+00:00,2019,0.0,0.0,0.0,2239.0333333333333,67.0,32.0,0.47761194029850745
player::smlz,team::suning,Smlz,Suning,Suning,Suning,major,LPL,2503.483333333333,74,35.0,2019-01-16 00:00:00+00:00,2019-08-22 00:00:00+00:00,2019,0.0,0.0,0.0,2503.483333333333,74.0,35.0,0.47297297297297297
player::swordart,team::suning,SwordArT,Suning,Suning,Suning,major,LPL,2531.6666666666665,75,35.0,2019-01-16 00:00:00+00:00,2019-08-22 00:00:00+00:00,2019,0.0,0.0,0.0,2531.6666666666665,75.0,35.0,0.4666666666666667
player::xiaoal,team::suning,XiaoAL,Suning,Suning,Suning,major,LPL,1128.8333333333333,33,14.0,2019-01-16 00:00:00+00:00,2019-03-23 00:00:00+00:00,2019,0.0,0.0,0.0,1128.8333333333333,33.0,14.0,0.42424242424242425
player::angel-xiang-tao,team::suning,Angel (Xiang Tao),Suning,Suning,Suning,major,LPL,985.7333333333332,29,12.0,2019-01-30 00:00:00+00:00,2019-08-22 00:00:00+00:00,2019,0.0,0.0,0.0,985.7333333333332,29.0,12.0,0.41379310344827586
player::weiwei,team::suning,Weiwei,Suning,Suning,Suning,major,LPL,1589.7333333333331,46,21.0,2019-01-30 00:00:00+00:00,2019-08-18 00:00:00+00:00,2019,0.0,0.0,0.0,1589.7333333333331,46.0,21.0,0.45652173913043476
player::babi9,team::suning,BaBi9,Suning,Suning,Suning,major,LPL,28.183333333333334,1,0.0,2019-03-23 00:00:00+00:00,2019-03-23 00:00:00+00:00,2019,0.0,0.0,0.0,28.183333333333334,1.0,0.0,0.0
player::biubiu,team::suning,Biubiu,Suning,Suning,Suning,major,LPL,709.7333333333333,21,12.0,2019-03-23 00:00:00+00:00,2019-06-28 00:00:00+00:00,2019,0.0,0.0,0.0,709.7333333333333,21.0,12.0,0.5714285714285714
player::dmitrii,team::sunshineinla,DMITRII,Sunshine in L.A.,Sunshine in L.A.,Sunshine in L.A.,wildcard,LCL,163.43333333333334,5,1.0,2019-02-03 00:00:00+00:00,2019-02-28 00:00:00+00:00,2019,0.0,0.0,0.0,163.43333333333334,5.0,1.0,0.2
player::drobovik123,team::sunshineinla,Drobovik123,Sunshine in L.A.,Sunshine in L.A.,Sunshine in L.A.,wildcard,LCL,163.43333333333334,5,1.0,2019-02-03 00:00:00+00:00,2019-02-28 00:00:00+00:00,2019,0.0,0.0,0.0,163.43333333333334,5.0,1.0,0.2
player::s3turel,team::sunshineinla,s3Turel,Sunshine in L.A.,Sunshine in L.A.,Sunshine in L.A.,wildcard,LCL,163.43333333333334,5,1.0,2019-02-03 00:00:00+00:00,2019-02-28 00:00:00+00:00,2019,0.0,0.0,0.0,163.43333333333334,5.0,1.0,0.2
player::solececepbiu,team::sunshineinla,SoleceCepbIu,Sunshine in L.A.,Sunshine in L.A.,Sunshine in L.A.,wildcard,LCL,163.43333333333334,5,1.0,2019-02-03 00:00:00+00:00,2019-02-28 00:00:00+00:00,2019,0.0,0.0,0.0,163.43333333333334,5.0,1.0,0.2
player::sukhanov,team::sunshineinla,SUKHANOV,Sunshine in L.A.,Sunshine in L.A.,Sunshine in L.A.,wildcard,LCL,138.2,4,1.0,2019-02-03 00:00:00+00:00,2019-02-21 00:00:00+00:00,2019,0.0,0.0,0.0,138.2,4.0,1.0,0.25
player::dimil,team::sunshineinla,Dimil,Sunshine in L.A.,Sunshine in L.A.,Sunshine in L.A.,wildcard,LCL,25.23333333333333,1,0.0,2019-02-28 00:00:00+00:00,2019-02-28 00:00:00+00:00,2019,0.0,0.0,0.0,25.23333333333333,1.0,0.0,0.0
player::achuu,team::supermassiveesports,Achuu,SuperMassive eSports,SuperMassive eSports,SuperMassive eSports,wildcard,TCL,1837.5166666666664,51,32.0,2016-01-16 00:00:00+00:00,2016-08-13 00:00:00+00:00,2016,337.7833333333333,11.0,1.0,2175.3,62.0,33.0,0.6274509803921569
player::dumbledoge,team::supermassiveesports,Dumbledoge,SuperMassive eSports,SuperMassive eSports,SuperMassive eSports,wildcard,TCL,3515.4,101,72.0,2016-01-16 00:00:00+00:00,2017-04-22 00:00:00+00:00,2016|2017,741.35,24.0,7.0,4256.75,125.0,79.0,0.7128712871287128
player::naru-koray-bcak,team::supermassiveesports,Naru (Koray Bıçak),SuperMassive eSports,SuperMassive eSports,SuperMassive eSports,wildcard,TCL,4636.083333333333,136,93.0,2016-01-16 00:00:00+00:00,2017-08-19 00:00:00+00:00,2016|2017,741.35,24.0,7.0,5377.4333333333325,160.0,100.0,0.6838235294117647
player::stomaged,team::supermassiveesports,Stomaged,SuperMassive eSports,SuperMassive eSports,SuperMassive eSports,wildcard,TCL,8581.433333333332,258,183.0,2016-01-16 00:00:00+00:00,2019-08-31 00:00:00+00:00,2016|2017|2018|2019,1322.4666666666667,43.0,17.0,9903.9,301.0,200.0,0.7093023255813954
player::thaldrin,team::supermassiveesports,Thaldrin,SuperMassive eSports,SuperMassive eSports,SuperMassive eSports,wildcard,TCL,1020.55,28,17.0,2016-01-16 00:00:00+00:00,2016-07-18 00:00:00+00:00,2016,158.89999999999998,5.0,1.0,1179.45,33.0,18.0,0.6071428571428571
player::fabfabulous,team::supermassiveesports,fabFabulous,SuperMassive eSports,SuperMassive eSports,SuperMassive eSports,wildcard,TCL,7321.35,223,162.0,2016-01-30 00:00:00+00:00,2019-08-31 00:00:00+00:00,2016|2017|2018|2019,1163.5666666666666,38.0,16.0,8484.916666666666,261.0,178.0,0.726457399103139
player::nardeus,team::supermassiveesports,Nardeus,SuperMassive eSports,SuperMassive eSports,SuperMassive eSports,wildcard,TCL,486.7,14,12.0,2016-07-09 00:00:00+00:00,2016-08-13 00:00:00+00:00,2016,0.0,0.0,0.0,486.7,14.0,12.0,0.8571428571428571
player::zeitnot,team::supermassiveesports,Zeitnot,SuperMassive eSports,SuperMassive eSports,SuperMassive eSports,wildcard,TCL,6194.25,191,138.0,2017-01-21 00:00:00+00:00,2019-08-31 00:00:00+00:00,2017|2018|2019,984.6833333333332,32.0,16.0,7178.933333333333,223.0,154.0,0.7225130890052356
player::lethilion,team::supermassiveesports,Lethilion,SuperMassive eSports,SuperMassive eSports,SuperMassive eSports,wildcard,TCL,29.8,1,0.0,2017-03-14 00:00:00+00:00,2017-03-14 00:00:00+00:00,2017,0.0,0.0,0.0,29.8,1.0,0.0,0.0
player::tolerant,team::supermassiveesports,Tolerant,SuperMassive eSports,SuperMassive eSports,SuperMassive eSports,wildcard,TCL,759.7666666666667,24,15.0,2017-06-03 00:00:00+00:00,2017-07-24 00:00:00+00:00,2017,0.0,0.0,0.0,759.7666666666667,24.0,15.0,0.625
player::rogu-sama,team::supermassiveesports,Rogu sama,SuperMassive eSports,SuperMassive eSports,SuperMassive eSports,wildcard,TCL,360.9166666666667,11,6.0,2017-07-29 00:00:00+00:00,2017-08-19 00:00:00+00:00,2017,0.0,0.0,0.0,360.9166666666667,11.0,6.0,0.5454545454545454
player::gbm,team::supermassiveesports,GBM,SuperMassive eSports,SuperMassive eSports,SuperMassive eSports,wildcard,TCL,2333.65,72,56.0,2018-01-20 00:00:00+00:00,2018-09-16 00:00:00+00:00,2018,581.1166666666667,19.0,10.0,2914.7666666666664,91.0,66.0,0.7777777777777778
player::snowflower,team::supermassiveesports,SnowFlower,SuperMassive eSports,SuperMassive eSports,SuperMassive eSports,wildcard,TCL,2333.65,72,56.0,2018-01-20 00:00:00+00:00,2018-09-16 00:00:00+00:00,2018,581.1166666666667,19.0,10.0,2914.7666666666664,91.0,66.0,0.7777777777777778
player::secaf-reis,team::supermassiveesports,Secaf Reis,SuperMassive eSports,SuperMassive eSports,SuperMassive eSports,wildcard,TCL,33.166666666666664,1,1.0,2018-08-20 00:00:00+00:00,2018-08-20 00:00:00+00:00,2018,0.0,0.0,0.0,33.166666666666664,1.0,1.0,1.0
player::frozen-kim-tae-il,team::supermassiveesports,Frozen (Kim Tae-il),SuperMassive eSports,SuperMassive eSports,SuperMassive eSports,wildcard,TCL,1609.5333333333333,50,34.0,2019-01-19 00:00:00+00:00,2019-08-31 00:00:00+00:00,2019,0.0,0.0,0.0,1609.5333333333333,50.0,34.0,0.68
player::wolf-lee-jae-wan,team::supermassiveesports,Wolf (Lee Jae-wan),SuperMassive eSports,SuperMassive eSports,SuperMassive eSports,wildcard,TCL,1609.5333333333333,50,34.0,2019-01-19 00:00:00+00:00,2019-08-31 00:00:00+00:00,2019,0.0,0.0,0.0,1609.5333333333333,50.0,34.0,0.68
player::luana,team::supermassiveesports,Luana,SuperMassive eSports,SuperMassive eSports,SuperMassive eSports,wildcard,TCL,314.1,9,5.0,2019-02-09 00:00:00+00:00,2019-06-21 00:00:00+00:00,2019,0.0,0.0,0.0,314.1,9.0,5.0,0.5555555555555556
player::absolute-batuhan-okta,team::supermassiveesports,Absolute (Batuhan Okta),SuperMassive eSports,SuperMassive eSports,SuperMassive eSports,wildcard,TCL,76.73333333333332,2,1.0,2019-03-17 00:00:00+00:00,2019-06-22 00:00:00+00:00,2019,0.0,0.0,0.0,76.73333333333332,2.0,1.0,0.5
player::elramir,team::supermassiveesports,Elramir,SuperMassive eSports,SuperMassive eSports,SuperMassive eSports,wildcard,TCL,74.56666666666666,2,1.0,2019-03-17 00:00:00+00:00,2019-06-21 00:00:00+00:00,2019,0.0,0.0,0.0,74.56666666666666,2.0,1.0,0.5
player::practice-omer-turgut,team::supermassiveesports,Practice (Ömer Türgüt),SuperMassive eSports,SuperMassive eSports,SuperMassive eSports,wildcard,TCL,40.16666666666666,1,1.0,2019-03-17 00:00:00+00:00,2019-03-17 00:00:00+00:00,2019,0.0,0.0,0.0,40.16666666666666,1.0,1.0,1.0
player::waena,team::supermassiveesports,WaenA,SuperMassive eSports,SuperMassive eSports,SuperMassive eSports,wildcard,TCL,76.73333333333332,2,1.0,2019-03-17 00:00:00+00:00,2019-06-22 00:00:00+00:00,2019,0.0,0.0,0.0,76.73333333333332,2.0,1.0,0.5
player::kaori,team::supermassiveesports,Kaori,SuperMassive eSports,SuperMassive eSports,SuperMassive eSports,wildcard,TCL,34.4,1,0.0,2019-06-21 00:00:00+00:00,2019-06-21 00:00:00+00:00,2019,0.0,0.0,0.0,34.4,1.0,0.0,0.0
player::calitrlolz,team::t8,CaliTrlolz,T8,T8,T8,major,LCS,1458.0666666666666,37,15.0,2015-01-24 00:00:00+00:00,2015-07-26 00:00:00+00:00,2015,0.0,0.0,0.0,1458.0666666666666,37.0,15.0,0.40540540540540543
player::dodo8,team::t8,Dodo8,T8,T8,T8,major,LCS,1458.0666666666666,37,15.0,2015-01-24 00:00:00+00:00,2015-07-26 00:00:00+00:00,2015,0.0,0.0,0.0,1458.0666666666666,37.0,15.0,0.40540540540540543
player::maplestreet,team::t8,Maplestreet,T8,T8,T8,major,LCS,776.4333333333333,20,9.0,2015-01-24 00:00:00+00:00,2015-05-30 00:00:00+00:00,2015,0.0,0.0,0.0,776.4333333333333,20.0,9.0,0.45
player::porpoise,team::t8,Porpoise,T8,T8,T8,major,LCS,1458.0666666666666,37,15.0,2015-01-24 00:00:00+00:00,2015-07-26 00:00:00+00:00,2015,0.0,0.0,0.0,1458.0666666666666,37.0,15.0,0.40540540540540543
player::slooshi,team::t8,Slooshi,T8,T8,T8,major,LCS,926.25,24,10.0,2015-01-24 00:00:00+00:00,2015-06-14 00:00:00+00:00,2015,0.0,0.0,0.0,926.25,24.0,10.0,0.4166666666666667
player::nien,team::t8,Nien,T8,T8,T8,major,LCS,681.6333333333333,17,6.0,2015-06-06 00:00:00+00:00,2015-07-26 00:00:00+00:00,2015,0.0,0.0,0.0,681.6333333333333,17.0,6.0,0.35294117647058826
player::goldenglue,team::t8,Goldenglue,T8,T8,T8,major,LCS,531.8166666666666,13,5.0,2015-06-20 00:00:00+00:00,2015-07-26 00:00:00+00:00,2015,0.0,0.0,0.0,531.8166666666666,13.0,5.0,0.38461538461538464
player::lost-lawrence-hui,team::taintedminds,Lost (Lawrence Hui),Tainted Minds,Tainted Minds,Tainted Minds,wildcard,OPL,1049.0666666666668,27,13.0,2016-05-24 00:00:00+00:00,2016-07-27 00:00:00+00:00,2016,0.0,0.0,0.0,1049.0666666666668,27.0,13.0,0.48148148148148145
player::omni-thomas-trinh-dung,team::taintedminds,Omni (Thomas Trinh Dung),Tainted Minds,Tainted Minds,Tainted Minds,wildcard,OPL,1078.7500000000002,28,13.0,2016-05-24 00:00:00+00:00,2016-07-27 00:00:00+00:00,2016,0.0,0.0,0.0,1078.7500000000002,28.0,13.0,0.4642857142857143
player::rosey,team::taintedminds,Rosey,Tainted Minds,Tainted Minds,Tainted Minds,wildcard,OPL,1393.35,37,17.0,2016-05-24 00:00:00+00:00,2017-02-12 00:00:00+00:00,2016|2017,0.0,0.0,0.0,1393.35,37.0,17.0,0.4594594594594595
player::sazahu,team::taintedminds,SazaHu,Tainted Minds,Tainted Minds,Tainted Minds,wildcard,OPL,343.93333333333334,8,4.0,2016-05-24 00:00:00+00:00,2016-06-06 00:00:00+00:00,2016,0.0,0.0,0.0,343.93333333333334,8.0,4.0,0.5
player::zahe,team::taintedminds,Zahe,Tainted Minds,Tainted Minds,Tainted Minds,wildcard,OPL,1078.7500000000002,28,13.0,2016-05-24 00:00:00+00:00,2016-07-27 00:00:00+00:00,2016,0.0,0.0,0.0,1078.7500000000002,28.0,13.0,0.4642857142857143
player::praedyth,team::taintedminds,Praedyth,Tainted Minds,Tainted Minds,Tainted Minds,wildcard,OPL,1515.3166666666668,44,17.0,2016-06-21 00:00:00+00:00,2017-04-01 00:00:00+00:00,2016|2017,0.0,0.0,0.0,1515.3166666666668,44.0,17.0,0.38636363636363635
player::straawbella,team::taintedminds,Straawbella,Tainted Minds,Tainted Minds,Tainted Minds,wildcard,OPL,29.683333333333334,1,0.0,2016-07-27 00:00:00+00:00,2016-07-27 00:00:00+00:00,2016,0.0,0.0,0.0,29.683333333333334,1.0,0.0,0.0
player::cake-tristan-cote-lalumiere,team::taintedminds,Cake (Tristan Côté-Lalumière),Tainted Minds,Tainted Minds,Tainted Minds,wildcard,OPL,314.6,9,4.0,2017-01-21 00:00:00+00:00,2017-02-12 00:00:00+00:00,2017,0.0,0.0,0.0,314.6,9.0,4.0,0.4444444444444444
player::chuchuz,team::taintedminds,ChuChuZ,Tainted Minds,Tainted Minds,Tainted Minds,wildcard,OPL,314.6,9,4.0,2017-01-21 00:00:00+00:00,2017-02-12 00:00:00+00:00,2017,0.0,0.0,0.0,314.6,9.0,4.0,0.4444444444444444
player::shorterace,team::taintedminds,ShorterACE,Tainted Minds,Tainted Minds,Tainted Minds,wildcard,OPL,314.6,9,4.0,2017-01-21 00:00:00+00:00,2017-02-12 00:00:00+00:00,2017,0.0,0.0,0.0,314.6,9.0,4.0,0.4444444444444444
player::broler,team::taintedminds,Broler,Tainted Minds,Tainted Minds,Tainted Minds,wildcard,OPL,277.35,8,2.0,2017-02-18 00:00:00+00:00,2017-03-12 00:00:00+00:00,2017,0.0,0.0,0.0,277.35,8.0,2.0,0.25
player::fesh,team::taintedminds,Fesh,Tainted Minds,Tainted Minds,Tainted Minds,wildcard,OPL,123.56666666666666,3,1.0,2017-02-18 00:00:00+00:00,2017-02-18 00:00:00+00:00,2017,0.0,0.0,0.0,123.56666666666666,3.0,1.0,0.3333333333333333
player::grisha,team::taintedminds,Grisha,Tainted Minds,Tainted Minds,Tainted Minds,wildcard,OPL,123.56666666666666,3,1.0,2017-02-18 00:00:00+00:00,2017-02-18 00:00:00+00:00,2017,0.0,0.0,0.0,123.56666666666666,3.0,1.0,0.3333333333333333
player::pabu,team::taintedminds,Pabu,Tainted Minds,Tainted Minds,Tainted Minds,wildcard,OPL,123.56666666666666,3,1.0,2017-02-18 00:00:00+00:00,2017-02-18 00:00:00+00:00,2017,0.0,0.0,0.0,123.56666666666666,3.0,1.0,0.3333333333333333
player::only-jordan-middleton,team::taintedminds,Only (Jordan Middleton),Tainted Minds,Tainted Minds,Tainted Minds,wildcard,OPL,342.3333333333333,12,3.0,2017-03-05 00:00:00+00:00,2017-04-01 00:00:00+00:00,2017,0.0,0.0,0.0,342.3333333333333,12.0,3.0,0.25
player::squidgy,team::taintedminds,Squidgy,Tainted Minds,Tainted Minds,Tainted Minds,wildcard,OPL,342.3333333333333,12,3.0,2017-03-05 00:00:00+00:00,2017-04-01 00:00:00+00:00,2017,0.0,0.0,0.0,342.3333333333333,12.0,3.0,0.25
player::wzrd,team::taintedminds,Wzrd,Tainted Minds,Tainted Minds,Tainted Minds,wildcard,OPL,342.3333333333333,12,3.0,2017-03-05 00:00:00+00:00,2017-04-01 00:00:00+00:00,2017,0.0,0.0,0.0,342.3333333333333,12.0,3.0,0.25
player::bluz0r,team::taintedminds,Bluz0r,Tainted Minds,Tainted Minds,Tainted Minds,wildcard,OPL,57.83333333333333,2,0.0,2017-03-18 00:00:00+00:00,2017-03-18 00:00:00+00:00,2017,0.0,0.0,0.0,57.83333333333333,2.0,0.0,0.0
player::tilting,team::taintedminds,Tilting,Tainted Minds,Tainted Minds,Tainted Minds,wildcard,OPL,130.71666666666667,5,2.0,2017-03-26 00:00:00+00:00,2017-04-01 00:00:00+00:00,2017,0.0,0.0,0.0,130.71666666666667,5.0,2.0,0.4
player::baby-terry-chuong,team::tdk,Baby (Terry Chuong),TDK,TDK,TDK,major,LCS,135.35,3,0.0,2015-05-30 00:00:00+00:00,2015-06-06 00:00:00+00:00,2015,0.0,0.0,0.0,135.35,3.0,0.0,0.0
player::bischu,team::tdk,Bischu,TDK,TDK,TDK,major,LCS,260.18333333333334,6,0.0,2015-05-30 00:00:00+00:00,2015-06-14 00:00:00+00:00,2015,0.0,0.0,0.0,260.18333333333334,6.0,0.0,0.0
player::kez,team::tdk,Kez,TDK,TDK,TDK,major,LCS,727.2166666666667,17,2.0,2015-05-30 00:00:00+00:00,2015-07-25 00:00:00+00:00,2015,0.0,0.0,0.0,727.2166666666667,17.0,2.0,0.11764705882352941
player::lattman,team::tdk,Lattman,TDK,TDK,TDK,major,LCS,386.81666666666666,9,0.0,2015-05-30 00:00:00+00:00,2015-06-27 00:00:00+00:00,2015,0.0,0.0,0.0,386.81666666666666,9.0,0.0,0.0
player::seraph,team::tdk,Seraph,TDK,TDK,TDK,major,LCS,727.2166666666667,17,2.0,2015-05-30 00:00:00+00:00,2015-07-25 00:00:00+00:00,2015,0.0,0.0,0.0,727.2166666666667,17.0,2.0,0.11764705882352941
player::smoothie,team::tdk,Smoothie,TDK,TDK,TDK,major,LCS,591.8666666666667,14,2.0,2015-06-07 00:00:00+00:00,2015-07-25 00:00:00+00:00,2015,0.0,0.0,0.0,591.8666666666667,14.0,2.0,0.14285714285714285
player::mancloud,team::tdk,mancloud,TDK,TDK,TDK,major,LCS,126.63333333333333,3,0.0,2015-06-20 00:00:00+00:00,2015-06-27 00:00:00+00:00,2015,0.0,0.0,0.0,126.63333333333333,3.0,0.0,0.0
player::emperor-kim-jin-hyun,team::tdk,Emperor (Kim Jin-hyun),TDK,TDK,TDK,major,LCS,340.4,8,2.0,2015-06-28 00:00:00+00:00,2015-07-25 00:00:00+00:00,2015,0.0,0.0,0.0,340.4,8.0,2.0,0.25
player::ninja,team::tdk,Ninja,TDK,TDK,TDK,major,LCS,340.4,8,2.0,2015-06-28 00:00:00+00:00,2015-07-25 00:00:00+00:00,2015,0.0,0.0,0.0,340.4,8.0,2.0,0.25
player::coon,team::teamafro,CooN,Team Afro,Team Afro,Team Afro,major,LMS,430.7833333333333,11,4.0,2018-01-25 00:00:00+00:00,2018-02-09 00:00:00+00:00,2018,0.0,0.0,0.0,430.7833333333333,11.0,4.0,0.36363636363636365
player::dalka,team::teamafro,Dalka,Team Afro,Team Afro,Team Afro,major,LMS,1282.8,34,10.0,2018-01-25 00:00:00+00:00,2018-03-29 00:00:00+00:00,2018,0.0,0.0,0.0,1282.8,34.0,10.0,0.29411764705882354
player::epic,team::teamafro,Epic,Team Afro,Team Afro,Team Afro,major,LMS,2200.5333333333333,58,18.0,2018-01-25 00:00:00+00:00,2018-08-16 00:00:00+00:00,2018,0.0,0.0,0.0,2200.5333333333333,58.0,18.0,0.3103448275862069
player::ninuo,team::teamafro,Ninuo,Team Afro,Team Afro,Team Afro,major,LMS,1847.733333333333,50,14.0,2018-01-25 00:00:00+00:00,2018-08-16 00:00:00+00:00,2018,0.0,0.0,0.0,1847.733333333333,50.0,14.0,0.28
player::zest-hsieh-ming-hsuan,team::teamafro,Zest (Hsieh Ming-Hsuan),Team Afro,Team Afro,Team Afro,major,LMS,2523.6666666666665,68,21.0,2018-01-25 00:00:00+00:00,2018-08-16 00:00:00+00:00,2018,0.0,0.0,0.0,2523.6666666666665,68.0,21.0,0.3088235294117647
player::caipi,team::teamafro,Caipi,Team Afro,Team Afro,Team Afro,major,LMS,852.0166666666667,23,6.0,2018-02-21 00:00:00+00:00,2018-03-29 00:00:00+00:00,2018,0.0,0.0,0.0,852.0166666666667,23.0,6.0,0.2608695652173913
player::art,team::teamafro,Art,Team Afro,Team Afro,Team Afro,major,LMS,514.05,15,4.0,2018-06-24 00:00:00+00:00,2018-08-16 00:00:00+00:00,2018,0.0,0.0,0.0,514.05,15.0,4.0,0.26666666666666666
player::moonblack,team::teamafro,Moonblack,Team Afro,Team Afro,Team Afro,major,LMS,873.7833333333333,24,7.0,2018-06-24 00:00:00+00:00,2018-08-09 00:00:00+00:00,2018,0.0,0.0,0.0,873.7833333333333,24.0,7.0,0.2916666666666667
player::butter,team::teamafro,Butter,Team Afro,Team Afro,Team Afro,major,LMS,175.68333333333334,6,2.0,2018-06-29 00:00:00+00:00,2018-07-15 00:00:00+00:00,2018,0.0,0.0,0.0,175.68333333333334,6.0,2.0,0.3333333333333333
player::pingpong,team::teamafro,PingPong,Team Afro,Team Afro,Team Afro,major,LMS,675.9333333333333,18,7.0,2018-06-30 00:00:00+00:00,2018-08-09 00:00:00+00:00,2018,0.0,0.0,0.0,675.9333333333333,18.0,7.0,0.3888888888888889
player::rainbow-kim-soo-gi,team::teamafro,Rainbow (Kim Soo-gi),Team Afro,Team Afro,Team Afro,major,LMS,1093.9,29,11.0,2018-06-30 00:00:00+00:00,2018-08-16 00:00:00+00:00,2018,0.0,0.0,0.0,1093.9,29.0,11.0,0.3793103448275862
player::laba,team::teamafro,Laba,Team Afro,Team Afro,Team Afro,major,LMS,147.45,4,1.0,2018-08-02 00:00:00+00:00,2018-08-04 00:00:00+00:00,2018,0.0,0.0,0.0,147.45,4.0,1.0,0.25
player::avenuee,team::teamaurora,avenuee,Team AURORA,Team AURORA,Team AURORA,wildcard,TCL,2604.4333333333334,67,40.0,2016-01-16 00:00:00+00:00,2017-02-20 00:00:00+00:00,2016|2017,0.0,0.0,0.0,2604.4333333333334,67.0,40.0,0.5970149253731343
player::darkside,team::teamaurora,DarkSide,Team AURORA,Team AURORA,Team AURORA,wildcard,TCL,1821.3166666666664,47,28.0,2016-01-16 00:00:00+00:00,2016-07-18 00:00:00+00:00,2016,0.0,0.0,0.0,1821.3166666666664,47.0,28.0,0.5957446808510638
player::hioss,team::teamaurora,Hioss,Team AURORA,Team AURORA,Team AURORA,wildcard,TCL,2307.616666666667,63,31.0,2016-01-16 00:00:00+00:00,2018-08-20 00:00:00+00:00,2016|2018,0.0,0.0,0.0,2307.616666666667,63.0,31.0,0.49206349206349204
player::kanani,team::teamaurora,Kanani,Team AURORA,Team AURORA,Team AURORA,wildcard,TCL,690.3333333333333,19,12.0,2016-01-16 00:00:00+00:00,2016-03-26 00:00:00+00:00,2016,0.0,0.0,0.0,690.3333333333333,19.0,12.0,0.631578947368421
player::zergsting,team::teamaurora,Zergsting,Team AURORA,Team AURORA,Team AURORA,wildcard,TCL,4418.966666666666,123,70.0,2016-01-16 00:00:00+00:00,2017-08-13 00:00:00+00:00,2016|2017,0.0,0.0,0.0,4418.966666666666,123.0,70.0,0.5691056910569106
player::crystal,team::teamaurora,Crystal,Team AURORA,Team AURORA,Team AURORA,wildcard,TCL,1346.9333333333334,34,19.0,2016-06-11 00:00:00+00:00,2016-08-07 00:00:00+00:00,2016,0.0,0.0,0.0,1346.9333333333334,34.0,19.0,0.5588235294117647
player::unknown-marcin-kubicki,team::teamaurora,Unknown (Marcin Kubicki),Team AURORA,Team AURORA,Team AURORA,wildcard,TCL,474.45,12,5.0,2016-07-09 00:00:00+00:00,2016-07-18 00:00:00+00:00,2016,0.0,0.0,0.0,474.45,12.0,5.0,0.4166666666666667
player::panky-ugur-tas,team::teamaurora,Panky (Uğur Taş),Team AURORA,Team AURORA,Team AURORA,wildcard,TCL,2747.2833333333333,83,40.0,2016-08-05 00:00:00+00:00,2018-04-15 00:00:00+00:00,2016|2017|2018,0.0,0.0,0.0,2747.2833333333333,83.0,40.0,0.4819277108433735
player::ruvelius,team::teamaurora,Ruvelius,Team AURORA,Team AURORA,Team AURORA,wildcard,TCL,1373.0333333333333,38,20.0,2016-08-05 00:00:00+00:00,2017-04-08 00:00:00+00:00,2016|2017,0.0,0.0,0.0,1373.0333333333333,38.0,20.0,0.5263157894736842
player::kirito-david-koppmann,team::teamaurora,Kirito (David Koppmann),Team AURORA,Team AURORA,Team AURORA,wildcard,TCL,148.78333333333333,4,1.0,2017-01-22 00:00:00+00:00,2017-01-23 00:00:00+00:00,2017,0.0,0.0,0.0,148.78333333333333,4.0,1.0,0.25
player::leyl-u-nehar,team::teamaurora,LEYL Ü NEHAR,Team AURORA,Team AURORA,Team AURORA,wildcard,TCL,207.5833333333333,6,2.0,2017-01-22 00:00:00+00:00,2017-01-28 00:00:00+00:00,2017,0.0,0.0,0.0,207.5833333333333,6.0,2.0,0.3333333333333333
player::xani,team::teamaurora,xani,Team AURORA,Team AURORA,Team AURORA,wildcard,TCL,148.78333333333333,4,1.0,2017-01-22 00:00:00+00:00,2017-01-23 00:00:00+00:00,2017,0.0,0.0,0.0,148.78333333333333,4.0,1.0,0.25
player::atom-peter-thomsen,team::teamaurora,Atom (Peter Thomsen),Team AURORA,Team AURORA,Team AURORA,wildcard,TCL,1008.3,28,16.0,2017-01-28 00:00:00+00:00,2017-04-08 00:00:00+00:00,2017,0.0,0.0,0.0,1008.3,28.0,16.0,0.5714285714285714
player::taikki,team::teamaurora,Taikki,Team AURORA,Team AURORA,Team AURORA,wildcard,TCL,1008.3,28,16.0,2017-01-28 00:00:00+00:00,2017-04-08 00:00:00+00:00,2017,0.0,0.0,0.0,1008.3,28.0,16.0,0.5714285714285714
player::react,team::teamaurora,React,Team AURORA,Team AURORA,Team AURORA,wildcard,TCL,382.3333333333333,12,6.0,2017-03-04 00:00:00+00:00,2017-04-08 00:00:00+00:00,2017,0.0,0.0,0.0,382.3333333333333,12.0,6.0,0.5
player::cheongo,team::teamaurora,CheonGo,Team AURORA,Team AURORA,Team AURORA,wildcard,TCL,157.7833333333333,4,1.0,2017-06-03 00:00:00+00:00,2017-06-04 00:00:00+00:00,2017,0.0,0.0,0.0,157.7833333333333,4.0,1.0,0.25
player::ruve-sama,team::teamaurora,Ruve Sama,Team AURORA,Team AURORA,Team AURORA,wildcard,TCL,1224.6166666666666,38,22.0,2017-06-03 00:00:00+00:00,2017-08-13 00:00:00+00:00,2017,0.0,0.0,0.0,1224.6166666666666,38.0,22.0,0.5789473684210527
player::wisdom,team::teamaurora,Wisdom,Team AURORA,Team AURORA,Team AURORA,wildcard,TCL,3274.4,99,43.0,2017-06-03 00:00:00+00:00,2018-08-06 00:00:00+00:00,2017|2018,0.0,0.0,0.0,3274.4,99.0,43.0,0.43434343434343436
player::godbro-sama,team::teamaurora,Godbro Sama,Team AURORA,Team AURORA,Team AURORA,wildcard,TCL,1066.8333333333333,34,21.0,2017-06-10 00:00:00+00:00,2017-08-13 00:00:00+00:00,2017,0.0,0.0,0.0,1066.8333333333333,34.0,21.0,0.6176470588235294
player::naru-koray-bcak,team::teamaurora,Naru (Koray Bıçak),Team AURORA,Team AURORA,Team AURORA,wildcard,TCL,2267.4666666666667,67,23.0,2018-01-20 00:00:00+00:00,2018-08-20 00:00:00+00:00,2018,0.0,0.0,0.0,2267.4666666666667,67.0,23.0,0.34328358208955223
player::rain-an-hyeon-guk,team::teamaurora,Rain (An Hyeon-guk),Team AURORA,Team AURORA,Team AURORA,wildcard,TCL,2267.4666666666667,67,23.0,2018-01-20 00:00:00+00:00,2018-08-20 00:00:00+00:00,2018,0.0,0.0,0.0,2267.4666666666667,67.0,23.0,0.34328358208955223
player::rogu,team::teamaurora,Rogu,Team AURORA,Team AURORA,Team AURORA,wildcard,TCL,1719.4166666666663,51,16.0,2018-01-20 00:00:00+00:00,2018-08-20 00:00:00+00:00,2018,0.0,0.0,0.0,1719.4166666666663,51.0,16.0,0.3137254901960784
player::farfetch,team::teamaurora,Farfetch,Team AURORA,Team AURORA,Team AURORA,wildcard,TCL,548.05,16,7.0,2018-02-03 00:00:00+00:00,2018-03-19 00:00:00+00:00,2018,0.0,0.0,0.0,548.05,16.0,7.0,0.4375
player::xico,team::teamaurora,Xico,Team AURORA,Team AURORA,Team AURORA,wildcard,TCL,217.6833333333333,6,2.0,2018-08-11 00:00:00+00:00,2018-08-20 00:00:00+00:00,2018,0.0,0.0,0.0,217.6833333333333,6.0,2.0,0.3333333333333333
player::koearn-kid,team::teamaurora,koearn kid,Team AURORA,Team AURORA,Team AURORA,wildcard,TCL,635.1166666666667,21,10.0,2019-01-19 00:00:00+00:00,2019-03-30 00:00:00+00:00,2019,0.0,0.0,0.0,635.1166666666667,21.0,10.0,0.47619047619047616
player::madly,team::teamaurora,Madly,Team AURORA,Team AURORA,Team AURORA,wildcard,TCL,1485.6166666666666,48,23.0,2019-01-19 00:00:00+00:00,2019-08-24 00:00:00+00:00,2019,0.0,0.0,0.0,1485.6166666666666,48.0,23.0,0.4791666666666667
player::mypleasure,team::teamaurora,mypleasure,Team AURORA,Team AURORA,Team AURORA,wildcard,TCL,429.9333333333333,14,6.0,2019-01-19 00:00:00+00:00,2019-03-03 00:00:00+00:00,2019,0.0,0.0,0.0,429.9333333333333,14.0,6.0,0.42857142857142855
player::padden,team::teamaurora,Padden,Team AURORA,Team AURORA,Team AURORA,wildcard,TCL,1485.6166666666666,48,23.0,2019-01-19 00:00:00+00:00,2019-08-24 00:00:00+00:00,2019,0.0,0.0,0.0,1485.6166666666666,48.0,23.0,0.4791666666666667
player::wendelbo,team::teamaurora,Wendelbo,Team AURORA,Team AURORA,Team AURORA,wildcard,TCL,1485.6166666666666,48,23.0,2019-01-19 00:00:00+00:00,2019-08-24 00:00:00+00:00,2019,0.0,0.0,0.0,1485.6166666666666,48.0,23.0,0.4791666666666667
player::trix,team::teamaurora,Trix,Team AURORA,Team AURORA,Team AURORA,wildcard,TCL,205.1833333333333,7,4.0,2019-03-09 00:00:00+00:00,2019-03-30 00:00:00+00:00,2019,0.0,0.0,0.0,205.1833333333333,7.0,4.0,0.5714285714285714
player::eren-nguyen-uc-anh,team::teamaurora,Eren (Nguyễn Đức Anh),Team AURORA,Team AURORA,Team AURORA,wildcard,TCL,850.5,27,13.0,2019-06-08 00:00:00+00:00,2019-08-24 00:00:00+00:00,2019,0.0,0.0,0.0,850.5,27.0,13.0,0.48148148148148145
player::mojito,team::teamaurora,Mojito,Team AURORA,Team AURORA,Team AURORA,wildcard,TCL,850.5,27,13.0,2019-06-08 00:00:00+00:00,2019-08-24 00:00:00+00:00,2019,0.0,0.0,0.0,850.5,27.0,13.0,0.48148148148148145
player::alps,team::teamblackeye,Alps,Team BlackEye,Team BlackEye,Team BlackEye,wildcard,LJL,577.3666666666666,17,3.0,2016-01-17 00:00:00+00:00,2016-06-01 00:00:00+00:00,2016,0.0,0.0,0.0,577.3666666666666,17.0,3.0,0.17647058823529413
player::arfoad,team::teamblackeye,Arfoad,Team BlackEye,Team BlackEye,Team BlackEye,wildcard,LJL,699.3833333333332,21,1.0,2016-01-17 00:00:00+00:00,2016-03-25 00:00:00+00:00,2016,0.0,0.0,0.0,699.3833333333332,21.0,1.0,0.047619047619047616
player::rhythmasalt,team::teamblackeye,RhythmAsalt,Team BlackEye,Team BlackEye,Team BlackEye,wildcard,LJL,699.3833333333332,21,1.0,2016-01-17 00:00:00+00:00,2016-03-25 00:00:00+00:00,2016,0.0,0.0,0.0,699.3833333333332,21.0,1.0,0.047619047619047616
player::ryavka,team::teamblackeye,Ryavka,Team BlackEye,Team BlackEye,Team BlackEye,wildcard,LJL,267.76666666666665,8,0.0,2016-01-17 00:00:00+00:00,2016-02-26 00:00:00+00:00,2016,0.0,0.0,0.0,267.76666666666665,8.0,0.0,0.0
player::serick,team::teamblackeye,Serick,Team BlackEye,Team BlackEye,Team BlackEye,wildcard,LJL,262.6333333333333,8,0.0,2016-01-17 00:00:00+00:00,2016-02-03 00:00:00+00:00,2016,0.0,0.0,0.0,262.6333333333333,8.0,0.0,0.0
player::mugoon,team::teamblackeye,Mugoon,Team BlackEye,Team BlackEye,Team BlackEye,wildcard,LJL,204.06666666666663,6,0.0,2016-01-23 00:00:00+00:00,2016-03-05 00:00:00+00:00,2016,0.0,0.0,0.0,204.06666666666663,6.0,0.0,0.0
player::yoshiaki,team::teamblackeye,Yoshiaki,Team BlackEye,Team BlackEye,Team BlackEye,wildcard,LJL,1330.75,40,8.0,2016-02-03 00:00:00+00:00,2016-07-27 00:00:00+00:00,2016,0.0,0.0,0.0,1330.75,40.0,8.0,0.2
player::carilrui,team::teamblackeye,CarilRui,Team BlackEye,Team BlackEye,Team BlackEye,wildcard,LJL,1280.3666666666666,38,8.0,2016-02-12 00:00:00+00:00,2016-07-27 00:00:00+00:00,2016,0.0,0.0,0.0,1280.3666666666666,38.0,8.0,0.21052631578947367
player::mueki,team::teamblackeye,Mueki,Team BlackEye,Team BlackEye,Team BlackEye,wildcard,LJL,917.9666666666668,27,7.0,2016-03-25 00:00:00+00:00,2016-07-27 00:00:00+00:00,2016,0.0,0.0,0.0,917.9666666666668,27.0,7.0,0.25925925925925924
player::cogcog,team::teamblackeye,cogcog,Team BlackEye,Team BlackEye,Team BlackEye,wildcard,LJL,843.6166666666667,25,7.0,2016-05-27 00:00:00+00:00,2016-07-27 00:00:00+00:00,2016,0.0,0.0,0.0,843.6166666666667,25.0,7.0,0.28
player::swizzle,team::teamblackeye,Swizzle,Team BlackEye,Team BlackEye,Team BlackEye,wildcard,LJL,631.6999999999999,19,5.0,2016-06-08 00:00:00+00:00,2016-07-27 00:00:00+00:00,2016,0.0,0.0,0.0,631.6999999999999,19.0,5.0,0.2631578947368421
player::bulbazabp,team::teamempire,BULBAZABP,Team Empire,Team Empire,Team Empire,wildcard,LCL,1241.9833333333331,35,14.0,2016-01-16 00:00:00+00:00,2016-07-10 00:00:00+00:00,2016,0.0,0.0,0.0,1241.9833333333331,35.0,14.0,0.4
player::memento,team::teamempire,Memento,Team Empire,Team Empire,Team Empire,wildcard,LCL,763.2666666666667,22,13.0,2016-01-16 00:00:00+00:00,2016-04-03 00:00:00+00:00,2016,0.0,0.0,0.0,763.2666666666667,22.0,13.0,0.5909090909090909
player::mumus100,team::teamempire,mumus100,Team Empire,Team Empire,Team Empire,wildcard,LCL,1062.8166666666666,30,14.0,2016-01-16 00:00:00+00:00,2016-07-10 00:00:00+00:00,2016,0.0,0.0,0.0,1062.8166666666666,30.0,14.0,0.4666666666666667
player::paranoia,team::teamempire,Paranoia,Team Empire,Team Empire,Team Empire,wildcard,LCL,1241.9833333333331,35,14.0,2016-01-16 00:00:00+00:00,2016-07-10 00:00:00+00:00,2016,0.0,0.0,0.0,1241.9833333333331,35.0,14.0,0.4
player::santas,team::teamempire,SaNTaS,Team Empire,Team Empire,Team Empire,wildcard,LCL,984.8666666666668,28,13.0,2016-01-16 00:00:00+00:00,2016-06-12 00:00:00+00:00,2016,0.0,0.0,0.0,984.8666666666668,28.0,13.0,0.4642857142857143
player::symphony,team::teamempire,Symphony,Team Empire,Team Empire,Team Empire,wildcard,LCL,71.23333333333332,2,0.0,2016-05-28 00:00:00+00:00,2016-05-29 00:00:00+00:00,2016,0.0,0.0,0.0,71.23333333333332,2.0,0.0,0.0
player::ferit,team::teamempire,Ferit,Team Empire,Team Empire,Team Empire,wildcard,LCL,66.85,2,0.0,2016-06-04 00:00:00+00:00,2016-06-05 00:00:00+00:00,2016,0.0,0.0,0.0,66.85,2.0,0.0,0.0
player::tornell,team::teamempire,Tornell,Team Empire,Team Empire,Team Empire,wildcard,LCL,179.16666666666666,5,0.0,2016-06-04 00:00:00+00:00,2016-06-19 00:00:00+00:00,2016,0.0,0.0,0.0,179.16666666666666,5.0,0.0,0.0
player::svikter,team::teamempire,Svikter,Team Empire,Team Empire,Team Empire,wildcard,LCL,340.6333333333333,9,1.0,2016-06-11 00:00:00+00:00,2016-07-10 00:00:00+00:00,2016,0.0,0.0,0.0,340.6333333333333,9.0,1.0,0.1111111111111111
player::antariys,team::teamempire,Antariys,Team Empire,Team Empire,Team Empire,wildcard,LCL,257.1166666666667,7,1.0,2016-06-19 00:00:00+00:00,2016-07-10 00:00:00+00:00,2016,0.0,0.0,0.0,257.1166666666667,7.0,1.0,0.14285714285714285
player::alexich,team::teamenvyus,AlexIch,Team EnVyUs,Renegades,Renegades | Team EnVyUs,major,LCS,516.35,14,2.0,2016-01-16 00:00:00+00:00,2016-02-28 00:00:00+00:00,2016,0.0,0.0,0.0,516.35,14.0,2.0,0.14285714285714285
player::crumbz,team::teamenvyus,Crumbz,Team EnVyUs,Renegades,Renegades | Team EnVyUs,major,LCS,722.3333333333334,19,6.0,2016-01-16 00:00:00+00:00,2016-03-20 00:00:00+00:00,2016,0.0,0.0,0.0,722.3333333333334,19.0,6.0,0.3157894736842105
player::freeze,team::teamenvyus,Freeze,Team EnVyUs,Renegades,Renegades | Team EnVyUs,major,LCS,603.3833333333333,16,6.0,2016-01-16 00:00:00+00:00,2016-03-20 00:00:00+00:00,2016,0.0,0.0,0.0,603.3833333333333,16.0,6.0,0.375
player::remi,team::teamenvyus,Remi,Team EnVyUs,Renegades,Renegades | Team EnVyUs,major,LCS,256.8,6,1.0,2016-01-16 00:00:00+00:00,2016-01-31 00:00:00+00:00,2016,0.0,0.0,0.0,256.8,6.0,1.0,0.16666666666666666
player::rf-legendary,team::teamenvyus,RF Legendary,Team EnVyUs,Renegades,Renegades | Team EnVyUs,major,LCS,338.6166666666667,9,1.0,2016-01-16 00:00:00+00:00,2016-02-21 00:00:00+00:00,2016,0.0,0.0,0.0,338.6166666666667,9.0,1.0,0.1111111111111111
player::lod,team::teamenvyus,LOD,Team EnVyUs,Renegades,Renegades | Team EnVyUs,major,LCS,89.85,2,0.0,2016-01-23 00:00:00+00:00,2016-01-24 00:00:00+00:00,2016,0.0,0.0,0.0,89.85,2.0,0.0,0.0
player::ohq,team::teamenvyus,Ohq,Team EnVyUs,Renegades,Renegades | Team EnVyUs,major,LCS,29.1,1,0.0,2016-01-30 00:00:00+00:00,2016-01-30 00:00:00+00:00,2016,0.0,0.0,0.0,29.1,1.0,0.0,0.0
player::hakuho,team::teamenvyus,Hakuho,Team EnVyUs,Renegades,Renegades | Team EnVyUs,major,LCS,465.53333333333336,13,5.0,2016-02-06 00:00:00+00:00,2016-03-20 00:00:00+00:00,2016,0.0,0.0,0.0,465.53333333333336,13.0,5.0,0.38461538461538464
player::flaresz,team::teamenvyus,Flaresz,Team EnVyUs,Renegades,Renegades | Team EnVyUs,major,LCS,102.58333333333334,3,0.0,2016-02-07 00:00:00+00:00,2016-02-14 00:00:00+00:00,2016,0.0,0.0,0.0,102.58333333333334,3.0,0.0,0.0
player::seraph,team::teamenvyus,Seraph,Team EnVyUs,Renegades,Renegades | Team EnVyUs,major,LCS,281.1333333333333,7,5.0,2016-02-27 00:00:00+00:00,2016-03-20 00:00:00+00:00,2016,0.0,0.0,0.0,281.1333333333333,7.0,5.0,0.7142857142857143
player::ninja,team::teamenvyus,Ninja,Team EnVyUs,Renegades,Renegades | Team EnVyUs,major,LCS,205.9833333333333,5,4.0,2016-03-12 00:00:00+00:00,2016-03-20 00:00:00+00:00,2016,0.0,0.0,0.0,205.9833333333333,5.0,4.0,0.8
player::hakuho,team::teamenvyus,Hakuho,Team EnVyUs,Team EnVyUs,Renegades | Team EnVyUs,major,LCS,5627.116666666667,149,58.0,2016-06-03 00:00:00+00:00,2017-08-20 00:00:00+00:00,2016|2017,0.0,0.0,0.0,5627.116666666667,149.0,58.0,0.38926174496644295
player::lod,team::teamenvyus,LOD,Team EnVyUs,Team EnVyUs,Renegades | Team EnVyUs,major,LCS,1944.5666666666664,52,21.0,2016-06-03 00:00:00+00:00,2016-09-04 00:00:00+00:00,2016,0.0,0.0,0.0,1944.5666666666664,52.0,21.0,0.40384615384615385
player::ninja,team::teamenvyus,Ninja,Team EnVyUs,Team EnVyUs,Renegades | Team EnVyUs,major,LCS,3683.433333333333,97,35.0,2016-06-03 00:00:00+00:00,2017-03-26 00:00:00+00:00,2016|2017,0.0,0.0,0.0,3683.433333333333,97.0,35.0,0.36082474226804123
player::procxin,team::teamenvyus,Procxin,Team EnVyUs,Team EnVyUs,Renegades | Team EnVyUs,major,LCS,1944.5666666666664,52,21.0,2016-06-03 00:00:00+00:00,2016-09-04 00:00:00+00:00,2016,0.0,0.0,0.0,1944.5666666666664,52.0,21.0,0.40384615384615385
player::seraph,team::teamenvyus,Seraph,Team EnVyUs,Team EnVyUs,Renegades | Team EnVyUs,major,LCS,5627.116666666667,149,58.0,2016-06-03 00:00:00+00:00,2017-08-20 00:00:00+00:00,2016|2017,0.0,0.0,0.0,5627.116666666667,149.0,58.0,0.38926174496644295
player::alexich,team::teamenvyus,AlexIch,Team EnVyUs,Team EnVyUs,Renegades | Team EnVyUs,major,LCS,162.4,4,0.0,2017-01-21 00:00:00+00:00,2017-01-22 00:00:00+00:00,2017,0.0,0.0,0.0,162.4,4.0,0.0,0.0
player::apollo-apollo-price,team::teamenvyus,Apollo (Apollo Price),Team EnVyUs,Team EnVyUs,Renegades | Team EnVyUs,major,LCS,3682.55,97,37.0,2017-01-21 00:00:00+00:00,2017-08-20 00:00:00+00:00,2017,0.0,0.0,0.0,3682.55,97.0,37.0,0.38144329896907214
player::lira,team::teamenvyus,LirA,Team EnVyUs,Team EnVyUs,Renegades | Team EnVyUs,major,LCS,3520.15,93,37.0,2017-01-28 00:00:00+00:00,2017-08-20 00:00:00+00:00,2017,0.0,0.0,0.0,3520.15,93.0,37.0,0.3978494623655914
player::pirean,team::teamenvyus,Pirean,Team EnVyUs,Team EnVyUs,Renegades | Team EnVyUs,major,LCS,829.8333333333334,21,10.0,2017-06-03 00:00:00+00:00,2017-07-02 00:00:00+00:00,2017,0.0,0.0,0.0,829.8333333333334,21.0,10.0,0.47619047619047616
player::nisqy,team::teamenvyus,Nisqy,Team EnVyUs,Team EnVyUs,Renegades | Team EnVyUs,major,LCS,1113.85,31,13.0,2017-06-24 00:00:00+00:00,2017-08-20 00:00:00+00:00,2017,0.0,0.0,0.0,1113.85,31.0,13.0,0.41935483870967744
player::cheese,team::teamimmunity,Cheese,Team Immunity,Team Immunity,Team Immunity,wildcard,OPL,1049.8333333333337,29,11.0,2015-02-09 00:00:00+00:00,2015-07-02 00:00:00+00:00,2015,0.0,0.0,0.0,1049.8333333333337,29.0,11.0,0.3793103448275862
player::jksmithy,team::teamimmunity,JKSmithy,Team Immunity,Team Immunity,Team Immunity,wildcard,OPL,312.06666666666666,8,4.0,2015-02-09 00:00:00+00:00,2015-02-26 00:00:00+00:00,2015,0.0,0.0,0.0,312.06666666666666,8.0,4.0,0.5
player::tgun,team::teamimmunity,tgun,Team Immunity,Team Immunity,Team Immunity,wildcard,OPL,1124.3666666666668,31,11.0,2015-02-09 00:00:00+00:00,2015-07-09 00:00:00+00:00,2015,0.0,0.0,0.0,1124.3666666666668,31.0,11.0,0.3548387096774194
player::uberbro,team::teamimmunity,UberBro,Team Immunity,Team Immunity,Team Immunity,wildcard,OPL,591.95,16,7.0,2015-02-09 00:00:00+00:00,2015-04-02 00:00:00+00:00,2015,0.0,0.0,0.0,591.95,16.0,7.0,0.4375
player::zahe,team::teamimmunity,Zahe,Team Immunity,Team Immunity,Team Immunity,wildcard,OPL,644.0,17,7.0,2015-02-09 00:00:00+00:00,2015-04-02 00:00:00+00:00,2015,0.0,0.0,0.0,644.0,17.0,7.0,0.4117647058823529
player::supernova,team::teamimmunity,SuperNovA,Team Immunity,Team Immunity,Team Immunity,wildcard,OPL,52.05,1,0.0,2015-02-19 00:00:00+00:00,2015-02-19 00:00:00+00:00,2015,0.0,0.0,0.0,52.05,1.0,0.0,0.0
player::ryoo,team::teamimmunity,Ryoo,Team Immunity,Team Immunity,Team Immunity,wildcard,OPL,812.3000000000001,23,7.0,2015-03-05 00:00:00+00:00,2015-07-09 00:00:00+00:00,2015,0.0,0.0,0.0,812.3000000000001,23.0,7.0,0.30434782608695654
player::denian,team::teamimmunity,Denian,Team Immunity,Team Immunity,Team Immunity,wildcard,OPL,170.61666666666667,5,2.0,2015-05-25 00:00:00+00:00,2015-06-08 00:00:00+00:00,2015,0.0,0.0,0.0,170.61666666666667,5.0,2.0,0.4
player::msfish,team::teamimmunity,MsFish,Team Immunity,Team Immunity,Team Immunity,wildcard,OPL,180.9,5,0.0,2015-05-25 00:00:00+00:00,2015-07-09 00:00:00+00:00,2015,0.0,0.0,0.0,180.9,5.0,0.0,0.0
player::zenk,team::teamimmunity,Zenk,Team Immunity,Team Immunity,Team Immunity,wildcard,OPL,337.26666666666665,10,2.0,2015-05-28 00:00:00+00:00,2015-07-09 00:00:00+00:00,2015,0.0,0.0,0.0,337.26666666666665,10.0,2.0,0.2
player::soulstrikes,team::teamimmunity,SoulStrikes,Team Immunity,Team Immunity,Team Immunity,wildcard,OPL,171.26666666666665,5,3.0,2015-06-01 00:00:00+00:00,2015-06-15 00:00:00+00:00,2015,0.0,0.0,0.0,171.26666666666665,5.0,3.0,0.6
player::otherness,team::teamimmunity,Otherness,Team Immunity,Team Immunity,Team Immunity,wildcard,OPL,100.68333333333334,3,1.0,2015-06-22 00:00:00+00:00,2015-06-29 00:00:00+00:00,2015,0.0,0.0,0.0,100.68333333333334,3.0,1.0,0.3333333333333333
player::moya,team::teamimmunity,Moya,Team Immunity,Team Immunity,Team Immunity,wildcard,OPL,74.53333333333333,2,0.0,2015-07-06 00:00:00+00:00,2015-07-09 00:00:00+00:00,2015,0.0,0.0,0.0,74.53333333333333,2.0,0.0,0.0
player::archie-vyacheslav-egorov,team::teamjust,Archie (Vyacheslav Egorov),Team Just,Moscow Five.CIS,Moscow Five.CIS | Team Just,wildcard,LCL,749.8833333333333,24,17.0,2015-02-14 00:00:00+00:00,2015-04-12 00:00:00+00:00,2015,0.0,0.0,0.0,749.8833333333333,24.0,17.0,0.7083333333333334
player::canya,team::teamjust,Canya,Team Just,Moscow Five.CIS,Moscow Five.CIS | Team Just,wildcard,LCL,749.8833333333333,24,17.0,2015-02-14 00:00:00+00:00,2015-04-12 00:00:00+00:00,2015,0.0,0.0,0.0,749.8833333333333,24.0,17.0,0.7083333333333334
player::dayruin,team::teamjust,dayruin,Team Just,Moscow Five.CIS,Moscow Five.CIS | Team Just,wildcard,LCL,749.8833333333333,24,17.0,2015-02-14 00:00:00+00:00,2015-04-12 00:00:00+00:00,2015,0.0,0.0,0.0,749.8833333333333,24.0,17.0,0.7083333333333334
player::flashy,team::teamjust,Flashy,Team Just,Moscow Five.CIS,Moscow Five.CIS | Team Just,wildcard,LCL,749.8833333333333,24,17.0,2015-02-14 00:00:00+00:00,2015-04-12 00:00:00+00:00,2015,0.0,0.0,0.0,749.8833333333333,24.0,17.0,0.7083333333333334
player::stejos,team::teamjust,Stejos,Team Just,Moscow Five.CIS,Moscow Five.CIS | Team Just,wildcard,LCL,749.8833333333333,24,17.0,2015-02-14 00:00:00+00:00,2015-04-12 00:00:00+00:00,2015,0.0,0.0,0.0,749.8833333333333,24.0,17.0,0.7083333333333334
player::amiracle,team::teamjust,aMiracle,Team Just,Team Just,Moscow Five.CIS | Team Just,wildcard,LCL,225.38333333333333,7,1.0,2015-02-14 00:00:00+00:00,2015-03-01 00:00:00+00:00,2015,0.0,0.0,0.0,225.38333333333333,7.0,1.0,0.14285714285714285
player::fomko,team::teamjust,Fomko,Team Just,Team Just,Moscow Five.CIS | Team Just,wildcard,LCL,1071.8833333333332,34,8.0,2015-02-14 00:00:00+00:00,2019-03-24 00:00:00+00:00,2015|2019,0.0,0.0,0.0,1071.8833333333332,34.0,8.0,0.23529411764705882
player::lakostya,team::teamjust,LaKostya,Team Just,Team Just,Moscow Five.CIS | Team Just,wildcard,LCL,313.43333333333334,10,1.0,2015-02-14 00:00:00+00:00,2015-03-21 00:00:00+00:00,2015,0.0,0.0,0.0,313.43333333333334,10.0,1.0,0.1
player::lekcycc,team::teamjust,Lekcycc,Team Just,Team Just,Moscow Five.CIS | Team Just,wildcard,LCL,2186.2833333333333,62,29.0,2015-02-14 00:00:00+00:00,2018-08-26 00:00:00+00:00,2015|2018,0.0,0.0,0.0,2186.2833333333333,62.0,29.0,0.46774193548387094
player::zanzarah,team::teamjust,Zanzarah,Team Just,Team Just,Moscow Five.CIS | Team Just,wildcard,LCL,297.1,9,1.0,2015-02-14 00:00:00+00:00,2015-03-07 00:00:00+00:00,2015,0.0,0.0,0.0,297.1,9.0,1.0,0.1111111111111111
player::admiral-jane,team::teamjust,Admiral Jane,Team Just,Team Just,Moscow Five.CIS | Team Just,wildcard,LCL,131.85,4,0.0,2015-02-28 00:00:00+00:00,2015-03-07 00:00:00+00:00,2015,0.0,0.0,0.0,131.85,4.0,0.0,0.0
player::bloodfenics,team::teamjust,BloodFenics,Team Just,Team Just,Moscow Five.CIS | Team Just,wildcard,LCL,71.71666666666667,2,0.0,2015-03-07 00:00:00+00:00,2015-03-07 00:00:00+00:00,2015,0.0,0.0,0.0,71.71666666666667,2.0,0.0,0.0
player::neon-vladislav-zelinskiy,team::teamjust,Neon (Vladislav Zelinskiy),Team Just,Team Just,Moscow Five.CIS | Team Just,wildcard,LCL,159.76666666666668,5,0.0,2015-03-07 00:00:00+00:00,2015-03-21 00:00:00+00:00,2015,0.0,0.0,0.0,159.76666666666668,5.0,0.0,0.0
player::cedja,team::teamjust,CeDja,Team Just,Team Just,Moscow Five.CIS | Team Just,wildcard,LCL,88.05,3,0.0,2015-03-21 00:00:00+00:00,2015-03-21 00:00:00+00:00,2015,0.0,0.0,0.0,88.05,3.0,0.0,0.0
player::nick-coldstar,team::teamjust,Nick Coldstar,Team Just,Team Just,Moscow Five.CIS | Team Just,wildcard,LCL,88.05,3,0.0,2015-03-21 00:00:00+00:00,2015-03-21 00:00:00+00:00,2015,0.0,0.0,0.0,88.05,3.0,0.0,0.0
player::archie-vyacheslav-egorov,team::teamjust,Archie (Vyacheslav Egorov),Team Just,Team Just,Moscow Five.CIS | Team Just,wildcard,LCL,644.9666666666667,17,9.0,2015-05-30 00:00:00+00:00,2015-07-13 00:00:00+00:00,2015,0.0,0.0,0.0,644.9666666666667,17.0,9.0,0.5294117647058824
player::canya,team::teamjust,Canya,Team Just,Team Just,Moscow Five.CIS | Team Just,wildcard,LCL,644.9666666666667,17,9.0,2015-05-30 00:00:00+00:00,2015-07-13 00:00:00+00:00,2015,0.0,0.0,0.0,644.9666666666667,17.0,9.0,0.5294117647058824
player::drobovik123,team::teamjust,Drobovik123,Team Just,Team Just,Moscow Five.CIS | Team Just,wildcard,LCL,140.5,4,4.0,2015-05-30 00:00:00+00:00,2015-07-13 00:00:00+00:00,2015,0.0,0.0,0.0,140.5,4.0,4.0,1.0
player::flashy,team::teamjust,Flashy,Team Just,Team Just,Moscow Five.CIS | Team Just,wildcard,LCL,580.4833333333333,15,7.0,2015-05-30 00:00:00+00:00,2015-07-13 00:00:00+00:00,2015,0.0,0.0,0.0,580.4833333333333,15.0,7.0,0.4666666666666667
player::stejos,team::teamjust,Stejos,Team Just,Team Just,Moscow Five.CIS | Team Just,wildcard,LCL,609.45,16,8.0,2015-05-30 00:00:00+00:00,2015-07-13 00:00:00+00:00,2015,0.0,0.0,0.0,609.45,16.0,8.0,0.5
player::dayruin,team::teamjust,dayruin,Team Just,Team Just,Moscow Five.CIS | Team Just,wildcard,LCL,604.4666666666667,16,8.0,2015-05-31 00:00:00+00:00,2015-07-13 00:00:00+00:00,2015,0.0,0.0,0.0,604.4666666666667,16.0,8.0,0.5
player::antariys,team::teamjust,Antariys,Team Just,Team Just,Moscow Five.CIS | Team Just,wildcard,LCL,589.7333333333333,16,7.0,2016-01-17 00:00:00+00:00,2016-03-12 00:00:00+00:00,2016,0.0,0.0,0.0,589.7333333333333,16.0,7.0,0.4375
player::blasting,team::teamjust,Blasting,Team Just,Team Just,Moscow Five.CIS | Team Just,wildcard,LCL,589.7333333333333,16,7.0,2016-01-17 00:00:00+00:00,2016-03-12 00:00:00+00:00,2016,0.0,0.0,0.0,589.7333333333333,16.0,7.0,0.4375
player::marker,team::teamjust,Marker,Team Just,Team Just,Moscow Five.CIS | Team Just,wildcard,LCL,1016.7166666666666,29,9.0,2016-01-17 00:00:00+00:00,2016-07-10 00:00:00+00:00,2016,0.0,0.0,0.0,1016.7166666666666,29.0,9.0,0.3103448275862069
player::neiman,team::teamjust,Neiman,Team Just,Team Just,Moscow Five.CIS | Team Just,wildcard,LCL,105.56666666666666,3,1.0,2016-01-17 00:00:00+00:00,2016-01-24 00:00:00+00:00,2016,0.0,0.0,0.0,105.56666666666666,3.0,1.0,0.3333333333333333
player::ques,team::teamjust,Ques,Team Just,Team Just,Moscow Five.CIS | Team Just,wildcard,LCL,589.7333333333333,16,7.0,2016-01-17 00:00:00+00:00,2016-03-12 00:00:00+00:00,2016,0.0,0.0,0.0,589.7333333333333,16.0,7.0,0.4375
player::kimi-ilja-kolosov,team::teamjust,kimi (Ilja Kolosov),Team Just,Team Just,Moscow Five.CIS | Team Just,wildcard,LCL,484.1666666666666,13,6.0,2016-01-30 00:00:00+00:00,2016-03-12 00:00:00+00:00,2016,0.0,0.0,0.0,484.1666666666666,13.0,6.0,0.46153846153846156
player::getcrazy,team::teamjust,GetCrazy,Team Just,Team Just,Moscow Five.CIS | Team Just,wildcard,LCL,426.98333333333335,13,2.0,2016-05-28 00:00:00+00:00,2016-07-10 00:00:00+00:00,2016,0.0,0.0,0.0,426.98333333333335,13.0,2.0,0.15384615384615385
player::justno0b,team::teamjust,JustNo0b,Team Just,Team Just,Moscow Five.CIS | Team Just,wildcard,LCL,426.98333333333335,13,2.0,2016-05-28 00:00:00+00:00,2016-07-10 00:00:00+00:00,2016,0.0,0.0,0.0,426.98333333333335,13.0,2.0,0.15384615384615385
player::punisher-nikita-lavrinov,team::teamjust,Punisher (Nikita Lavrinov),Team Just,Team Just,Moscow Five.CIS | Team Just,wildcard,LCL,426.98333333333335,13,2.0,2016-05-28 00:00:00+00:00,2016-07-10 00:00:00+00:00,2016,0.0,0.0,0.0,426.98333333333335,13.0,2.0,0.15384615384615385
player::unstop,team::teamjust,Unstop,Team Just,Team Just,Moscow Five.CIS | Team Just,wildcard,LCL,316.71666666666664,10,0.0,2016-05-28 00:00:00+00:00,2016-07-03 00:00:00+00:00,2016,0.0,0.0,0.0,316.71666666666664,10.0,0.0,0.0
player::voyna,team::teamjust,Voyna,Team Just,Team Just,Moscow Five.CIS | Team Just,wildcard,LCL,43.25,1,1.0,2016-06-26 00:00:00+00:00,2016-06-26 00:00:00+00:00,2016,0.0,0.0,0.0,43.25,1.0,1.0,1.0
player::stierlitz,team::teamjust,Stierlitz,Team Just,Team Just,Moscow Five.CIS | Team Just,wildcard,LCL,67.01666666666667,2,1.0,2016-07-09 00:00:00+00:00,2016-07-10 00:00:00+00:00,2016,0.0,0.0,0.0,67.01666666666667,2.0,1.0,0.5
player::atom-peter-thomsen,team::teamjust,Atom (Peter Thomsen),Team Just,Team Just,Moscow Five.CIS | Team Just,wildcard,LCL,2021.0333333333333,57,28.0,2018-02-10 00:00:00+00:00,2018-08-26 00:00:00+00:00,2018,0.0,0.0,0.0,2021.0333333333333,57.0,28.0,0.49122807017543857
player::kinzu,team::teamjust,Kinzu,Team Just,Team Just,Moscow Five.CIS | Team Just,wildcard,LCL,2021.0333333333333,57,28.0,2018-02-10 00:00:00+00:00,2018-08-26 00:00:00+00:00,2018,0.0,0.0,0.0,2021.0333333333333,57.0,28.0,0.49122807017543857
player::phlaty,team::teamjust,Phlaty,Team Just,Team Just,Moscow Five.CIS | Team Just,wildcard,LCL,839.2333333333333,24,12.0,2018-02-10 00:00:00+00:00,2018-03-25 00:00:00+00:00,2018,0.0,0.0,0.0,839.2333333333333,24.0,12.0,0.5
player::taikki,team::teamjust,Taikki,Team Just,Team Just,Moscow Five.CIS | Team Just,wildcard,LCL,2021.0333333333333,57,28.0,2018-02-10 00:00:00+00:00,2018-08-26 00:00:00+00:00,2018,0.0,0.0,0.0,2021.0333333333333,57.0,28.0,0.49122807017543857
player::paranoia,team::teamjust,Paranoia,Team Just,Team Just,Moscow Five.CIS | Team Just,wildcard,LCL,1181.8,33,16.0,2018-06-23 00:00:00+00:00,2018-08-26 00:00:00+00:00,2018,0.0,0.0,0.0,1181.8,33.0,16.0,0.48484848484848486
player::unho1y,team::teamjust,unho1y,Team Just,Team Just,Moscow Five.CIS | Team Just,wildcard,LCL,686.7333333333333,22,7.0,2019-02-02 00:00:00+00:00,2019-03-24 00:00:00+00:00,2019,0.0,0.0,0.0,686.7333333333333,22.0,7.0,0.3181818181818182
player::vethorm,team::teamjust,Vethorm,Team Just,Team Just,Moscow Five.CIS | Team Just,wildcard,LCL,538.5166666666667,17,5.0,2019-02-02 00:00:00+00:00,2019-03-06 00:00:00+00:00,2019,0.0,0.0,0.0,538.5166666666667,17.0,5.0,0.29411764705882354
player::wildheart,team::teamjust,WildHeart,Team Just,Team Just,Moscow Five.CIS | Team Just,wildcard,LCL,686.7333333333333,22,7.0,2019-02-02 00:00:00+00:00,2019-03-24 00:00:00+00:00,2019,0.0,0.0,0.0,686.7333333333333,22.0,7.0,0.3181818181818182
player::zeph,team::teamjust,Zeph,Team Just,Team Just,Moscow Five.CIS | Team Just,wildcard,LCL,686.7333333333333,22,7.0,2019-02-02 00:00:00+00:00,2019-03-24 00:00:00+00:00,2019,0.0,0.0,0.0,686.7333333333333,22.0,7.0,0.3181818181818182
player::itscortez,team::teamjust,itsCORTEZ,Team Just,Team Just,Moscow Five.CIS | Team Just,wildcard,LCL,148.21666666666667,5,2.0,2019-03-16 00:00:00+00:00,2019-03-24 00:00:00+00:00,2019,0.0,0.0,0.0,148.21666666666667,5.0,2.0,0.4
player::boss-vladislav-fomin,team::teamjustalpha,BOSS (Vladislav Fomin),Team Just Alpha,Team Just Alpha,Team Just Alpha,wildcard,LCL,1164.7666666666669,33,15.0,2017-01-28 00:00:00+00:00,2017-08-20 00:00:00+00:00,2017,0.0,0.0,0.0,1164.7666666666669,33.0,15.0,0.45454545454545453
player::jestkui-max,team::teamjustalpha,Jestkui Max,Team Just Alpha,Team Just Alpha,Team Just Alpha,wildcard,LCL,1164.7666666666669,33,15.0,2017-01-28 00:00:00+00:00,2017-08-20 00:00:00+00:00,2017,0.0,0.0,0.0,1164.7666666666669,33.0,15.0,0.45454545454545453
player::marker,team::teamjustalpha,Marker,Team Just Alpha,Team Just Alpha,Team Just Alpha,wildcard,LCL,1164.7666666666669,33,15.0,2017-01-28 00:00:00+00:00,2017-08-20 00:00:00+00:00,2017,0.0,0.0,0.0,1164.7666666666669,33.0,15.0,0.45454545454545453
player::pooh-emil-aliev,team::teamjustalpha,pooh (Emil Aliev),Team Just Alpha,Team Just Alpha,Team Just Alpha,wildcard,LCL,1164.7666666666669,33,15.0,2017-01-28 00:00:00+00:00,2017-08-20 00:00:00+00:00,2017,0.0,0.0,0.0,1164.7666666666669,33.0,15.0,0.45454545454545453
player::sadjesterrr,team::teamjustalpha,SaDJesteRRR,Team Just Alpha,Team Just Alpha,Team Just Alpha,wildcard,LCL,1164.7666666666669,33,15.0,2017-01-28 00:00:00+00:00,2017-08-20 00:00:00+00:00,2017,0.0,0.0,0.0,1164.7666666666669,33.0,15.0,0.45454545454545453
player::assassin,team::teamking,Assassin,Team King,Team King,Team King,major,LPL,1805.8166666666664,49,22.0,2015-01-16 00:00:00+00:00,2015-04-16 00:00:00+00:00,2015,0.0,0.0,0.0,1805.8166666666664,49.0,22.0,0.4489795918367347
player::leyn,team::teamking,Leyn,Team King,Team King,Team King,major,LPL,1805.8166666666664,49,22.0,2015-01-16 00:00:00+00:00,2015-04-16 00:00:00+00:00,2015,0.0,0.0,0.0,1805.8166666666664,49.0,22.0,0.4489795918367347
player::mlxg,team::teamking,Mlxg,Team King,Team King,Team King,major,LPL,1805.8166666666664,49,22.0,2015-01-16 00:00:00+00:00,2015-04-16 00:00:00+00:00,2015,0.0,0.0,0.0,1805.8166666666664,49.0,22.0,0.4489795918367347
player::skye,team::teamking,Skye,Team King,Team King,Team King,major,LPL,1805.8166666666664,49,22.0,2015-01-16 00:00:00+00:00,2015-04-16 00:00:00+00:00,2015,0.0,0.0,0.0,1805.8166666666664,49.0,22.0,0.4489795918367347
player::wuxin,team::teamking,wuxin,Team King,Team King,Team King,major,LPL,1805.8166666666664,49,22.0,2015-01-16 00:00:00+00:00,2015-04-16 00:00:00+00:00,2015,0.0,0.0,0.0,1805.8166666666664,49.0,22.0,0.4489795918367347
player::ao,team::teamking,Ao,Team King,Team King,Team King,major,LPL,53.78333333333333,2,0.0,2015-05-22 00:00:00+00:00,2015-05-22 00:00:00+00:00,2015,0.0,0.0,0.0,53.78333333333333,2.0,0.0,0.0
player::cola-jiang-nan,team::teamking,Cola (Jiang Nan),Team King,Team King,Team King,major,LPL,274.18333333333334,8,0.0,2015-05-22 00:00:00+00:00,2015-05-31 00:00:00+00:00,2015,0.0,0.0,0.0,274.18333333333334,8.0,0.0,0.0
player::corn-lei-wen,team::teamking,Corn (Lei Wen),Team King,Team King,Team King,major,LPL,1584.4666666666667,44,16.0,2015-05-22 00:00:00+00:00,2015-08-08 00:00:00+00:00,2015,0.0,0.0,0.0,1584.4666666666667,44.0,16.0,0.36363636363636365
player::hu1,team::teamking,hu1,Team King,Team King,Team King,major,LPL,1584.4666666666667,44,16.0,2015-05-22 00:00:00+00:00,2015-08-08 00:00:00+00:00,2015,0.0,0.0,0.0,1584.4666666666667,44.0,16.0,0.36363636363636365
player::sinkdream,team::teamking,SinkDream,Team King,Team King,Team King,major,LPL,274.18333333333334,8,0.0,2015-05-22 00:00:00+00:00,2015-05-31 00:00:00+00:00,2015,0.0,0.0,0.0,274.18333333333334,8.0,0.0,0.0
player::namei,team::teamking,NaMei,Team King,Team King,Team King,major,LPL,1530.6833333333334,42,16.0,2015-05-24 00:00:00+00:00,2015-08-08 00:00:00+00:00,2015,0.0,0.0,0.0,1530.6833333333334,42.0,16.0,0.38095238095238093
player::insec,team::teamking,inSec,Team King,Team King,Team King,major,LPL,1310.2833333333333,36,16.0,2015-06-05 00:00:00+00:00,2015-08-08 00:00:00+00:00,2015,0.0,0.0,0.0,1310.2833333333333,36.0,16.0,0.4444444444444444
player::zero-yoon-kyung-sup,team::teamking,Zero (Yoon Kyung-sup),Team King,Team King,Team King,major,LPL,1310.2833333333333,36,16.0,2015-06-05 00:00:00+00:00,2015-08-08 00:00:00+00:00,2015,0.0,0.0,0.0,1310.2833333333333,36.0,16.0,0.4444444444444444
player::fenix,team::teamliquid,Fenix,Team Liquid,Team Liquid,Team Liquid,major,LCS,5111.116666666667,140,73.0,2015-01-24 00:00:00+00:00,2016-09-03 00:00:00+00:00,2015|2016,0.0,0.0,0.0,5111.116666666667,140.0,73.0,0.5214285714285715
player::iwdominate,team::teamliquid,IWDominate,Team Liquid,Team Liquid,Team Liquid,major,LCS,2474.333333333333,62,35.0,2015-01-24 00:00:00+00:00,2016-01-16 00:00:00+00:00,2015|2016,0.0,0.0,0.0,2474.333333333333,62.0,35.0,0.5645161290322581
player::keith,team::teamliquid,Keith,Team Liquid,Team Liquid,Team Liquid,major,LCS,257.8666666666667,6,5.0,2015-01-24 00:00:00+00:00,2015-03-01 00:00:00+00:00,2015,0.0,0.0,0.0,257.8666666666667,6.0,5.0,0.8333333333333334
player::quas,team::teamliquid,Quas,Team Liquid,Team Liquid,Team Liquid,major,LCS,2413.0166666666664,61,35.0,2015-01-24 00:00:00+00:00,2015-08-31 00:00:00+00:00,2015,0.0,0.0,0.0,2413.0166666666664,61.0,35.0,0.5737704918032787
player::xpecial,team::teamliquid,Xpecial,Team Liquid,Team Liquid,Team Liquid,major,LCS,2413.0166666666664,61,35.0,2015-01-24 00:00:00+00:00,2015-08-31 00:00:00+00:00,2015,0.0,0.0,0.0,2413.0166666666664,61.0,35.0,0.5737704918032787
player::piglet,team::teamliquid,Piglet,Team Liquid,Team Liquid,Team Liquid,major,LCS,6732.05,184,78.0,2015-01-31 00:00:00+00:00,2017-08-06 00:00:00+00:00,2015|2016|2017,0.0,0.0,0.0,6732.05,184.0,78.0,0.42391304347826086
player::lourlo,team::teamliquid,Lourlo,Team Liquid,Team Liquid,Team Liquid,major,LCS,5952.166666666667,170,68.0,2016-01-16 00:00:00+00:00,2017-08-06 00:00:00+00:00,2016|2017,0.0,0.0,0.0,5952.166666666667,170.0,68.0,0.4
player::smoothie,team::teamliquid,Smoothie,Team Liquid,Team Liquid,Team Liquid,major,LCS,61.31666666666667,1,0.0,2016-01-16 00:00:00+00:00,2016-01-16 00:00:00+00:00,2016,0.0,0.0,0.0,61.31666666666667,1.0,0.0,0.0
player::dardoch,team::teamliquid,Dardoch,Team Liquid,Team Liquid,Team Liquid,major,LCS,2720.116666666667,81,40.0,2016-01-17 00:00:00+00:00,2017-08-06 00:00:00+00:00,2016|2017,0.0,0.0,0.0,2720.116666666667,81.0,40.0,0.49382716049382713
player::matt-matthew-elento,team::teamliquid,Matt (Matthew Elento),Team Liquid,Team Liquid,Team Liquid,major,LCS,5578.766666666666,160,66.0,2016-01-17 00:00:00+00:00,2017-08-06 00:00:00+00:00,2016|2017,0.0,0.0,0.0,5578.766666666666,160.0,66.0,0.4125
player::moon-galen-holgate,team::teamliquid,Moon (Galen Holgate),Team Liquid,Team Liquid,Team Liquid,major,LCS,117.01666666666668,3,0.0,2016-06-04 00:00:00+00:00,2016-06-05 00:00:00+00:00,2016,0.0,0.0,0.0,117.01666666666668,3.0,0.0,0.0
player::fabbbyyy,team::teamliquid,Fabbbyyy,Team Liquid,Team Liquid,Team Liquid,major,LCS,1213.0,36,19.0,2016-06-17 00:00:00+00:00,2016-08-14 00:00:00+00:00,2016,0.0,0.0,0.0,1213.0,36.0,19.0,0.5277777777777778
player::jynthe,team::teamliquid,Jynthe,Team Liquid,Team Liquid,Team Liquid,major,LCS,162.26666666666665,5,1.0,2016-08-14 00:00:00+00:00,2016-09-03 00:00:00+00:00,2016,0.0,0.0,0.0,162.26666666666665,5.0,1.0,0.2
player::arcsecond,team::teamliquid,Arcsecond,Team Liquid,Team Liquid,Team Liquid,major,LCS,102.71666666666668,3,0.0,2016-09-03 00:00:00+00:00,2016-09-03 00:00:00+00:00,2016,0.0,0.0,0.0,102.71666666666668,3.0,0.0,0.0
player::goldenglue,team::teamliquid,Goldenglue,Team Liquid,Team Liquid,Team Liquid,major,LCS,2033.3,56,18.0,2017-01-21 00:00:00+00:00,2017-07-29 00:00:00+00:00,2017,0.0,0.0,0.0,2033.3,56.0,18.0,0.32142857142857145
player::reignover,team::teamliquid,Reignover,Team Liquid,Team Liquid,Team Liquid,major,LCS,2791.2,78,28.0,2017-01-21 00:00:00+00:00,2017-07-29 00:00:00+00:00,2017,0.0,0.0,0.0,2791.2,78.0,28.0,0.358974358974359
player::youngbin,team::teamliquid,Youngbin,Team Liquid,Team Liquid,Team Liquid,major,LCS,218.5,6,3.0,2017-03-03 00:00:00+00:00,2017-03-05 00:00:00+00:00,2017,0.0,0.0,0.0,218.5,6.0,3.0,0.5
player::doublelift,team::teamliquid,Doublelift,Team Liquid,Team Liquid,Team Liquid,major,LCS,4142.416666666667,124,84.0,2017-03-10 00:00:00+00:00,2019-08-26 00:00:00+00:00,2017|2018|2019,1369.65,43.0,20.0,5512.066666666667,167.0,104.0,0.6774193548387096
player::adrian-adrian-ma,team::teamliquid,Adrian (Adrian Ma),Team Liquid,Team Liquid,Team Liquid,major,LCS,94.95,3,0.0,2017-03-17 00:00:00+00:00,2017-03-18 00:00:00+00:00,2017,0.0,0.0,0.0,94.95,3.0,0.0,0.0
player::slooshi,team::teamliquid,Slooshi,Team Liquid,Team Liquid,Team Liquid,major,LCS,287.1333333333333,8,2.0,2017-06-04 00:00:00+00:00,2017-07-01 00:00:00+00:00,2017,0.0,0.0,0.0,287.1333333333333,8.0,2.0,0.25
player::inori,team::teamliquid,Inori,Team Liquid,Team Liquid,Team Liquid,major,LCS,159.8,4,0.0,2017-06-24 00:00:00+00:00,2017-07-16 00:00:00+00:00,2017,0.0,0.0,0.0,159.8,4.0,0.0,0.0
player::konkwon,team::teamliquid,KonKwon,Team Liquid,Team Liquid,Team Liquid,major,LCS,217.13333333333333,6,2.0,2017-06-24 00:00:00+00:00,2017-07-01 00:00:00+00:00,2017,0.0,0.0,0.0,217.13333333333333,6.0,2.0,0.3333333333333333
player::mickey-son-young-min,team::teamliquid,Mickey (Son Young-min),Team Liquid,Team Liquid,Team Liquid,major,LCS,205.6,6,2.0,2017-08-05 00:00:00+00:00,2017-08-06 00:00:00+00:00,2017,0.0,0.0,0.0,205.6,6.0,2.0,0.3333333333333333
player::impact,team::teamliquid,Impact,Team Liquid,Team Liquid,Team Liquid,major,LCS,3632.883333333333,109,79.0,2018-01-20 00:00:00+00:00,2019-08-26 00:00:00+00:00,2018|2019,1369.65,43.0,20.0,5002.533333333333,152.0,99.0,0.7247706422018348
player::olleh,team::teamliquid,Olleh,Team Liquid,Team Liquid,Team Liquid,major,LCS,1827.9,55,39.0,2018-01-20 00:00:00+00:00,2018-09-10 00:00:00+00:00,2018,550.1666666666666,16.0,7.0,2378.0666666666666,71.0,46.0,0.7090909090909091
player::pobelter,team::teamliquid,Pobelter,Team Liquid,Team Liquid,Team Liquid,major,LCS,1827.9,55,39.0,2018-01-20 00:00:00+00:00,2018-09-10 00:00:00+00:00,2018,577.15,17.0,7.0,2405.05,72.0,46.0,0.7090909090909091
player::xmithie,team::teamliquid,Xmithie,Team Liquid,Team Liquid,Team Liquid,major,LCS,3632.883333333333,109,79.0,2018-01-20 00:00:00+00:00,2019-08-26 00:00:00+00:00,2018|2019,1369.65,43.0,20.0,5002.533333333333,152.0,99.0,0.7247706422018348
player::corejj,team::teamliquid,CoreJJ,Team Liquid,Team Liquid,Team Liquid,major,LCS,1804.983333333333,54,40.0,2019-01-26 00:00:00+00:00,2019-08-26 00:00:00+00:00,2019,792.5,26.0,13.0,2597.4833333333336,80.0,53.0,0.7407407407407407
player::jensen,team::teamliquid,Jensen,Team Liquid,Team Liquid,Team Liquid,major,LCS,1804.983333333333,54,40.0,2019-01-26 00:00:00+00:00,2019-08-26 00:00:00+00:00,2019,792.5,26.0,13.0,2597.4833333333336,80.0,53.0,0.7407407407407407
player::flaresz,team::teamlolpro,Flaresz,Team LoLPro,Team LoLPro,Team LoLPro,major,LCS,108.36666666666667,3,2.0,2014-11-15 00:00:00+00:00,2014-11-22 00:00:00+00:00,2015,0.0,0.0,0.0,108.36666666666667,3.0,2.0,0.6666666666666666
player::keithmcbrief,team::teamlolpro,KEITHMCBRIEF,Team LoLPro,Team LoLPro,Team LoLPro,major,LCS,108.36666666666667,3,2.0,2014-11-15 00:00:00+00:00,2014-11-22 00:00:00+00:00,2015,0.0,0.0,0.0,108.36666666666667,3.0,2.0,0.6666666666666666
player::thinkcard,team::teamlolpro,Thinkcard,Team LoLPro,Team LoLPro,Team LoLPro,major,LCS,108.36666666666667,3,2.0,2014-11-15 00:00:00+00:00,2014-11-22 00:00:00+00:00,2015,0.0,0.0,0.0,108.36666666666667,3.0,2.0,0.6666666666666666
player::wizfujiin,team::teamlolpro,WizFujiiN,Team LoLPro,Team LoLPro,Team LoLPro,major,LCS,108.36666666666667,3,2.0,2014-11-15 00:00:00+00:00,2014-11-22 00:00:00+00:00,2015,0.0,0.0,0.0,108.36666666666667,3.0,2.0,0.6666666666666666
player::yusui,team::teamlolpro,Yusui,Team LoLPro,Team LoLPro,Team LoLPro,major,LCS,108.36666666666667,3,2.0,2014-11-15 00:00:00+00:00,2014-11-22 00:00:00+00:00,2015,0.0,0.0,0.0,108.36666666666667,3.0,2.0,0.6666666666666666
player::4lan,team::teamone,4LaN,Team oNe,Team oNe,Team oNe,wildcard,CBLOL,1680.1833333333334,48,21.0,2017-06-04 00:00:00+00:00,2019-07-14 00:00:00+00:00,2017|2018|2019,280.6666666666667,9.0,3.0,1960.85,57.0,24.0,0.4375
player::absolut,team::teamone,Absolut,Team oNe,Team oNe,Team oNe,wildcard,CBLOL,818.25,23,15.0,2017-06-04 00:00:00+00:00,2017-09-02 00:00:00+00:00,2017,280.6666666666667,9.0,3.0,1098.9166666666667,32.0,18.0,0.6521739130434783
player::brucer,team::teamone,Brucer,Team oNe,Team oNe,Team oNe,wildcard,CBLOL,1031.3,29,12.0,2017-06-04 00:00:00+00:00,2019-07-06 00:00:00+00:00,2017|2018|2019,122.36666666666666,4.0,1.0,1153.6666666666667,33.0,13.0,0.41379310344827586
player::redbert,team::teamone,RedBert,Team oNe,Team oNe,Team oNe,wildcard,CBLOL,1361.3666666666668,38,19.0,2017-06-04 00:00:00+00:00,2018-03-10 00:00:00+00:00,2017|2018,280.6666666666667,9.0,3.0,1642.0333333333335,47.0,22.0,0.5
player::vvvert,team::teamone,VVvert,Team oNe,Team oNe,Team oNe,wildcard,CBLOL,1263.6333333333332,35,18.0,2017-06-04 00:00:00+00:00,2018-03-10 00:00:00+00:00,2017|2018,280.6666666666667,9.0,3.0,1544.3000000000002,44.0,21.0,0.5142857142857142
player::marf,team::teamone,Marf,Team oNe,Team oNe,Team oNe,wildcard,CBLOL,454.4166666666666,13,7.0,2017-06-24 00:00:00+00:00,2018-02-24 00:00:00+00:00,2017|2018,158.3,5.0,2.0,612.7166666666667,18.0,9.0,0.5384615384615384
player::lactea,team::teamone,Lactea,Team oNe,Team oNe,Team oNe,wildcard,CBLOL,371.51666666666665,10,3.0,2018-01-21 00:00:00+00:00,2018-03-10 00:00:00+00:00,2018,0.0,0.0,0.0,371.51666666666665,10.0,3.0,0.3
player::steal-victor-ruiz,team::teamone,Steal (Victor Ruiz),Team oNe,Team oNe,Team oNe,wildcard,CBLOL,269.3333333333333,8,2.0,2018-02-18 00:00:00+00:00,2018-03-10 00:00:00+00:00,2018,0.0,0.0,0.0,269.3333333333333,8.0,2.0,0.25
player::prb,team::teamone,Prb,Team oNe,Team oNe,Team oNe,wildcard,CBLOL,41.61666666666667,1,1.0,2018-03-10 00:00:00+00:00,2018-03-10 00:00:00+00:00,2018,0.0,0.0,0.0,41.61666666666667,1.0,1.0,1.0
player::jojo-gabriel-dzelme,team::teamone,JoJo (Gabriel Dzelme),Team oNe,Team oNe,Team oNe,wildcard,CBLOL,672.9,21,6.0,2019-06-01 00:00:00+00:00,2019-08-10 00:00:00+00:00,2019,0.0,0.0,0.0,672.9,21.0,6.0,0.2857142857142857
player::ryuzaki,team::teamone,ryuzaki,Team oNe,Team oNe,Team oNe,wildcard,CBLOL,452.1666666666666,14,4.0,2019-06-01 00:00:00+00:00,2019-08-10 00:00:00+00:00,2019,0.0,0.0,0.0,452.1666666666666,14.0,4.0,0.2857142857142857
player::skybart,team::teamone,SkyBart,Team oNe,Team oNe,Team oNe,wildcard,CBLOL,295.81666666666666,9,1.0,2019-06-01 00:00:00+00:00,2019-07-14 00:00:00+00:00,2019,0.0,0.0,0.0,295.81666666666666,9.0,1.0,0.1111111111111111
player::takeshi,team::teamone,takeshi,Team oNe,Team oNe,Team oNe,wildcard,CBLOL,643.4166666666666,20,6.0,2019-06-01 00:00:00+00:00,2019-08-10 00:00:00+00:00,2019,0.0,0.0,0.0,643.4166666666666,20.0,6.0,0.3
player::klowny,team::teamone,klowny,Team oNe,Team oNe,Team oNe,wildcard,CBLOL,377.0833333333333,12,5.0,2019-06-09 00:00:00+00:00,2019-08-10 00:00:00+00:00,2019,0.0,0.0,0.0,377.0833333333333,12.0,5.0,0.4166666666666667
player::luskka,team::teamone,Luskka,Team oNe,Team oNe,Team oNe,wildcard,CBLOL,438.3333333333333,14,5.0,2019-06-23 00:00:00+00:00,2019-08-10 00:00:00+00:00,2019,0.0,0.0,0.0,438.3333333333333,14.0,5.0,0.35714285714285715
player::heavenstrike,team::teamstrix,Heavenstrike,Team Strix,Team Strix,Team Strix,major,LEC,50.28333333333333,2,0.0,2014-11-22 00:00:00+00:00,2014-11-22 00:00:00+00:00,2015,0.0,0.0,0.0,50.28333333333333,2.0,0.0,0.0
player::k3nst3r,team::teamstrix,K3nSt3r,Team Strix,Team Strix,Team Strix,major,LEC,50.28333333333333,2,0.0,2014-11-22 00:00:00+00:00,2014-11-22 00:00:00+00:00,2015,0.0,0.0,0.0,50.28333333333333,2.0,0.0,0.0
player::maybenickname,team::teamstrix,MaybeNickName,Team Strix,Team Strix,Team Strix,major,LEC,50.28333333333333,2,0.0,2014-11-22 00:00:00+00:00,2014-11-22 00:00:00+00:00,2015,0.0,0.0,0.0,50.28333333333333,2.0,0.0,0.0
player::siralphaq,team::teamstrix,SirAlphaQ,Team Strix,Team Strix,Team Strix,major,LEC,50.28333333333333,2,0.0,2014-11-22 00:00:00+00:00,2014-11-22 00:00:00+00:00,2015,0.0,0.0,0.0,50.28333333333333,2.0,0.0,0.0
player::vioreleeee,team::teamstrix,Vioreleeee,Team Strix,Team Strix,Team Strix,major,LEC,50.28333333333333,2,0.0,2014-11-22 00:00:00+00:00,2014-11-22 00:00:00+00:00,2015,0.0,0.0,0.0,50.28333333333333,2.0,0.0,0.0
player::elysion,team::teamturquality,Elysion,Team Turquality,Team Turquality,Team Turquality,wildcard,TCL,772.0,22,9.0,2015-01-24 00:00:00+00:00,2015-03-29 00:00:00+00:00,2015,0.0,0.0,0.0,772.0,22.0,9.0,0.4090909090909091
player::halpern,team::teamturquality,Halpern,Team Turquality,Team Turquality,Team Turquality,wildcard,TCL,64.96666666666665,2,0.0,2015-01-24 00:00:00+00:00,2015-01-25 00:00:00+00:00,2015,0.0,0.0,0.0,64.96666666666665,2.0,0.0,0.0
player::killeres,team::teamturquality,KillerEs,Team Turquality,Team Turquality,Team Turquality,wildcard,TCL,2312.3166666666666,64,23.0,2015-01-24 00:00:00+00:00,2016-08-05 00:00:00+00:00,2015|2016,0.0,0.0,0.0,2312.3166666666666,64.0,23.0,0.359375
player::longb,team::teamturquality,LongB,Team Turquality,Team Turquality,Team Turquality,wildcard,TCL,3249.2833333333333,88,40.0,2015-01-24 00:00:00+00:00,2016-08-05 00:00:00+00:00,2015|2016,0.0,0.0,0.0,3249.2833333333333,88.0,40.0,0.45454545454545453
player::un1tback,team::teamturquality,Un1tback,Team Turquality,Team Turquality,Team Turquality,wildcard,TCL,2151.6666666666665,59,27.0,2015-01-24 00:00:00+00:00,2016-02-28 00:00:00+00:00,2015|2016,0.0,0.0,0.0,2151.6666666666665,59.0,27.0,0.4576271186440678
player::kondzisan,team::teamturquality,KonDziSan,Team Turquality,Team Turquality,Team Turquality,wildcard,TCL,707.0333333333333,20,9.0,2015-01-31 00:00:00+00:00,2015-03-29 00:00:00+00:00,2015,0.0,0.0,0.0,707.0333333333333,20.0,9.0,0.45
player::t4nky,team::teamturquality,t4nky,Team Turquality,Team Turquality,Team Turquality,wildcard,TCL,142.88333333333333,4,0.0,2015-05-16 00:00:00+00:00,2015-05-24 00:00:00+00:00,2015,0.0,0.0,0.0,142.88333333333333,4.0,0.0,0.0
player::xyraz,team::teamturquality,Xyraz,Team Turquality,Team Turquality,Team Turquality,wildcard,TCL,1560.2166666666667,42,21.0,2015-05-16 00:00:00+00:00,2016-08-05 00:00:00+00:00,2015|2016,0.0,0.0,0.0,1560.2166666666667,42.0,21.0,0.5
player::misery-ahmet-munur-mungan,team::teamturquality,Misery (Ahmet Münür Mungan),Team Turquality,Team Turquality,Team Turquality,wildcard,TCL,75.93333333333334,2,0.0,2015-05-23 00:00:00+00:00,2015-05-24 00:00:00+00:00,2015,0.0,0.0,0.0,75.93333333333334,2.0,0.0,0.0
player::rawbin-iv,team::teamturquality,Rawbin IV,Team Turquality,Team Turquality,Team Turquality,wildcard,TCL,853.6666666666667,22,12.0,2015-05-30 00:00:00+00:00,2016-08-05 00:00:00+00:00,2015|2016,0.0,0.0,0.0,853.6666666666667,22.0,12.0,0.5454545454545454
player::revanche,team::teamturquality,Revanche,Team Turquality,Team Turquality,Team Turquality,wildcard,TCL,716.7333333333333,19,12.0,2015-05-30 00:00:00+00:00,2015-08-01 00:00:00+00:00,2015,0.0,0.0,0.0,716.7333333333333,19.0,12.0,0.631578947368421
player::fencer,team::teamturquality,Fencer,Team Turquality,Team Turquality,Team Turquality,wildcard,TCL,1216.8833333333332,33,11.0,2016-01-16 00:00:00+00:00,2016-06-27 00:00:00+00:00,2016,0.0,0.0,0.0,1216.8833333333332,33.0,11.0,0.3333333333333333
player::kazze,team::teamturquality,kazze,Team Turquality,Team Turquality,Team Turquality,wildcard,TCL,1917.483333333333,52,20.0,2016-01-16 00:00:00+00:00,2016-08-05 00:00:00+00:00,2016,0.0,0.0,0.0,1917.483333333333,52.0,20.0,0.38461538461538464
player::reach-lee-joo-won,team::teamturquality,Reach (Lee Joo-won),Team Turquality,Team Turquality,Team Turquality,wildcard,TCL,1780.55,49,20.0,2016-01-16 00:00:00+00:00,2016-07-18 00:00:00+00:00,2016,0.0,0.0,0.0,1780.55,49.0,20.0,0.40816326530612246
player::crossman,team::teamturquality,Crossman,Team Turquality,Team Turquality,Team Turquality,wildcard,TCL,223.88333333333333,7,1.0,2016-03-19 00:00:00+00:00,2016-03-24 00:00:00+00:00,2016,0.0,0.0,0.0,223.88333333333333,7.0,1.0,0.14285714285714285
player::aluka,team::teamwe,Aluka,Team WE,Team WE,Team WE,major,LPL,3309.9166666666665,93,37.0,2015-01-16 00:00:00+00:00,2015-08-09 00:00:00+00:00,2015,0.0,0.0,0.0,3309.9166666666665,93.0,37.0,0.3978494623655914
player::conan,team::teamwe,Conan,Team WE,Team WE,Team WE,major,LPL,1912.7166666666667,55,21.0,2015-01-16 00:00:00+00:00,2015-08-09 00:00:00+00:00,2015,0.0,0.0,0.0,1912.7166666666667,55.0,21.0,0.38181818181818183
player::ninja,team::teamwe,Ninja,Team WE,Team WE,Team WE,major,LPL,1153.3833333333334,30,8.0,2015-01-16 00:00:00+00:00,2015-03-07 00:00:00+00:00,2015,0.0,0.0,0.0,1153.3833333333334,30.0,8.0,0.26666666666666666
player::spirit,team::teamwe,Spirit,Team WE,Team WE,Team WE,major,LPL,3309.9166666666665,93,37.0,2015-01-16 00:00:00+00:00,2015-08-09 00:00:00+00:00,2015,0.0,0.0,0.0,3309.9166666666665,93.0,37.0,0.3978494623655914
player::styz,team::teamwe,Styz,Team WE,Team WE,Team WE,major,LPL,1153.3833333333334,30,8.0,2015-01-16 00:00:00+00:00,2015-03-07 00:00:00+00:00,2015,0.0,0.0,0.0,1153.3833333333334,30.0,8.0,0.26666666666666666
player::yuzhe,team::teamwe,YuZhe,Team WE,Team WE,Team WE,major,LPL,1397.1999999999998,38,16.0,2015-01-23 00:00:00+00:00,2015-04-05 00:00:00+00:00,2015,0.0,0.0,0.0,1397.1999999999998,38.0,16.0,0.42105263157894735
player::mystic,team::teamwe,Mystic,Team WE,Team WE,Team WE,major,LPL,15521.716666666667,442,243.0,2015-03-20 00:00:00+00:00,2019-08-17 00:00:00+00:00,2015|2016|2017|2018|2019,1208.7,36.0,24.0,16730.416666666668,478.0,267.0,0.5497737556561086
player::xiye,team::teamwe,xiye,Team WE,Team WE,Team WE,major,LPL,15949.533333333333,454,245.0,2015-03-20 00:00:00+00:00,2019-08-17 00:00:00+00:00,2015|2016|2017|2018|2019,1208.7,36.0,24.0,17158.233333333334,490.0,269.0,0.539647577092511
player::957,team::teamwe,957,Team WE,Team WE,Team WE,major,LPL,11493.066666666666,318,176.0,2016-01-15 00:00:00+00:00,2019-06-12 00:00:00+00:00,2016|2017|2018|2019,1208.7,36.0,24.0,12701.766666666668,354.0,200.0,0.5534591194968553
player::condi,team::teamwe,Condi,Team WE,Team WE,Team WE,major,LPL,9402.983333333334,260,147.0,2016-01-15 00:00:00+00:00,2018-08-08 00:00:00+00:00,2016|2017|2018,1208.7,36.0,24.0,10611.683333333334,296.0,171.0,0.5653846153846154
player::zero-yoon-kyung-sup,team::teamwe,Zero (Yoon Kyung-sup),Team WE,Team WE,Team WE,major,LPL,4735.883333333333,126,70.0,2016-01-15 00:00:00+00:00,2018-02-25 00:00:00+00:00,2016|2017|2018,202.6,6.0,5.0,4938.483333333334,132.0,75.0,0.5555555555555556
player::ben,team::teamwe,Ben,Team WE,Team WE,Team WE,major,LPL,4168.1,122,77.0,2017-02-12 00:00:00+00:00,2018-09-02 00:00:00+00:00,2017|2018,1006.1,30.0,19.0,5174.200000000001,152.0,96.0,0.6311475409836066
player::melon-zhong-wang,team::teamwe,Melon (Zhong Wang),Team WE,Team WE,Team WE,major,LPL,226.01666666666665,7,3.0,2018-01-19 00:00:00+00:00,2018-01-23 00:00:00+00:00,2018,0.0,0.0,0.0,226.01666666666665,7.0,3.0,0.42857142857142855
player::celestial,team::teamwe,Celestial,Team WE,Team WE,Team WE,major,LPL,1229.2166666666667,32,16.0,2018-02-25 00:00:00+00:00,2018-04-12 00:00:00+00:00,2018,0.0,0.0,0.0,1229.2166666666667,32.0,16.0,0.5
player::magic-zhou-jun-xuan,team::teamwe,Magic (Zhou Jun-Xuan),Team WE,Team WE,Team WE,major,LPL,1642.3666666666666,45,21.0,2018-02-25 00:00:00+00:00,2019-03-10 00:00:00+00:00,2018|2019,0.0,0.0,0.0,1642.3666666666666,45.0,21.0,0.4666666666666667
player::gentle,team::teamwe,GENTLE,Team WE,Team WE,Team WE,major,LPL,370.8333333333333,10,2.0,2018-06-16 00:00:00+00:00,2018-07-22 00:00:00+00:00,2018,0.0,0.0,0.0,370.8333333333333,10.0,2.0,0.2
player::imp,team::teamwe,imp,Team WE,Team WE,Team WE,major,LPL,68.95,2,0.0,2018-06-16 00:00:00+00:00,2018-06-22 00:00:00+00:00,2018,0.0,0.0,0.0,68.95,2.0,0.0,0.0
player::missing,team::teamwe,Missing,Team WE,Team WE,Team WE,major,LPL,3250.3666666666663,100,48.0,2018-06-17 00:00:00+00:00,2019-08-17 00:00:00+00:00,2018|2019,0.0,0.0,0.0,3250.3666666666663,100.0,48.0,0.48
player::pepper-hu-zhi-wei,team::teamwe,Pepper (Hu Zhi-Wei),Team WE,Team WE,Team WE,major,LPL,489.81666666666666,14,7.0,2018-06-22 00:00:00+00:00,2018-09-02 00:00:00+00:00,2018,0.0,0.0,0.0,489.81666666666666,14.0,7.0,0.5
player::694,team::teamwe,694,Team WE,Team WE,Team WE,major,LPL,478.55,13,5.0,2018-07-15 00:00:00+00:00,2018-08-03 00:00:00+00:00,2018,0.0,0.0,0.0,478.55,13.0,5.0,0.38461538461538464
player::beishang,team::teamwe,beishang,Team WE,Team WE,Team WE,major,LPL,2100.9333333333334,67,38.0,2019-01-19 00:00:00+00:00,2019-08-17 00:00:00+00:00,2019,0.0,0.0,0.0,2100.9333333333334,67.0,38.0,0.5671641791044776
player::chen9,team::teamwe,chen9,Team WE,Team WE,Team WE,major,LPL,69.11666666666666,2,0.0,2019-01-19 00:00:00+00:00,2019-01-19 00:00:00+00:00,2019,0.0,0.0,0.0,69.11666666666666,2.0,0.0,0.0
player::poss,team::teamwe,Poss,Team WE,Team WE,Team WE,major,LPL,2338.2833333333333,74,39.0,2019-01-19 00:00:00+00:00,2019-08-17 00:00:00+00:00,2019,0.0,0.0,0.0,2338.2833333333333,74.0,39.0,0.527027027027027
player::jiumeng,team::teamwe,Jiumeng,Team WE,Team WE,Team WE,major,LPL,57.150000000000006,2,0.0,2019-06-12 00:00:00+00:00,2019-07-28 00:00:00+00:00,2019,0.0,0.0,0.0,57.150000000000006,2.0,0.0,0.0
player::clever,team::teamwe,Clever,Team WE,Team WE,Team WE,major,LPL,30.766666666666666,1,1.0,2019-07-30 00:00:00+00:00,2019-07-30 00:00:00+00:00,2019,0.0,0.0,0.0,30.766666666666666,1.0,1.0,1.0
player::raydere,team::thechiefsesportsclub,Raydere,The Chiefs eSports Club,The Chiefs eSports Club,The Chiefs eSports Club,wildcard,OPL,3379.4833333333336,98,77.0,2015-02-05 00:00:00+00:00,2016-07-25 00:00:00+00:00,2015|2016,0.0,0.0,0.0,3379.4833333333336,98.0,77.0,0.7857142857142857
player::rosey,team::thechiefsesportsclub,Rosey,The Chiefs eSports Club,The Chiefs eSports Club,The Chiefs eSports Club,wildcard,OPL,672.1666666666666,19,18.0,2015-02-05 00:00:00+00:00,2015-04-09 00:00:00+00:00,2015,0.0,0.0,0.0,672.1666666666666,19.0,18.0,0.9473684210526315
player::spookz,team::thechiefsesportsclub,Spookz,The Chiefs eSports Club,The Chiefs eSports Club,The Chiefs eSports Club,wildcard,OPL,5389.333333333333,160,121.0,2015-02-05 00:00:00+00:00,2017-09-02 00:00:00+00:00,2015|2016|2017,0.0,0.0,0.0,5389.333333333333,160.0,121.0,0.75625
player::swiffer,team::thechiefsesportsclub,Swiffer,The Chiefs eSports Club,The Chiefs eSports Club,The Chiefs eSports Club,wildcard,OPL,4670.316666666667,139,108.0,2015-02-05 00:00:00+00:00,2017-09-02 00:00:00+00:00,2015|2016|2017,0.0,0.0,0.0,4670.316666666667,139.0,108.0,0.7769784172661871
player::swip3rr,team::thechiefsesportsclub,Swip3rR,The Chiefs eSports Club,The Chiefs eSports Club,The Chiefs eSports Club,wildcard,OPL,8666.466666666667,262,193.0,2015-02-05 00:00:00+00:00,2019-08-31 00:00:00+00:00,2015|2016|2017|2018|2019,0.0,0.0,0.0,8666.466666666667,262.0,193.0,0.7366412213740458
player::egym,team::thechiefsesportsclub,EGym,The Chiefs eSports Club,The Chiefs eSports Club,The Chiefs eSports Club,wildcard,OPL,4717.166666666667,141,103.0,2015-05-25 00:00:00+00:00,2017-09-02 00:00:00+00:00,2015|2016|2017,0.0,0.0,0.0,4717.166666666667,141.0,103.0,0.7304964539007093
player::cheese,team::thechiefsesportsclub,Cheese,The Chiefs eSports Club,The Chiefs eSports Club,The Chiefs eSports Club,wildcard,OPL,719.0166666666667,21,13.0,2016-01-20 00:00:00+00:00,2016-03-07 00:00:00+00:00,2016,0.0,0.0,0.0,719.0166666666667,21.0,13.0,0.6190476190476191
player::raes,team::thechiefsesportsclub,Raes,The Chiefs eSports Club,The Chiefs eSports Club,The Chiefs eSports Club,wildcard,OPL,5355.766666666666,166,118.0,2016-08-02 00:00:00+00:00,2019-08-31 00:00:00+00:00,2016|2017|2018|2019,0.0,0.0,0.0,5355.766666666666,166.0,118.0,0.7108433734939759
player::aladoric,team::thechiefsesportsclub,Aladoric,The Chiefs eSports Club,The Chiefs eSports Club,The Chiefs eSports Club,wildcard,OPL,124.88333333333333,4,2.0,2017-03-19 00:00:00+00:00,2017-03-25 00:00:00+00:00,2017,0.0,0.0,0.0,124.88333333333333,4.0,2.0,0.5
player::fesh,team::thechiefsesportsclub,Fesh,The Chiefs eSports Club,The Chiefs eSports Club,The Chiefs eSports Club,wildcard,OPL,124.88333333333333,4,2.0,2017-03-19 00:00:00+00:00,2017-03-25 00:00:00+00:00,2017,0.0,0.0,0.0,124.88333333333333,4.0,2.0,0.5
player::pacman,team::thechiefsesportsclub,Pacman,The Chiefs eSports Club,The Chiefs eSports Club,The Chiefs eSports Club,wildcard,OPL,124.88333333333333,4,2.0,2017-03-19 00:00:00+00:00,2017-03-25 00:00:00+00:00,2017,0.0,0.0,0.0,124.88333333333333,4.0,2.0,0.5
player::siuman,team::thechiefsesportsclub,Siuman,The Chiefs eSports Club,The Chiefs eSports Club,The Chiefs eSports Club,wildcard,OPL,124.88333333333333,4,2.0,2017-03-19 00:00:00+00:00,2017-03-25 00:00:00+00:00,2017,0.0,0.0,0.0,124.88333333333333,4.0,2.0,0.5
player::yuzuki,team::thechiefsesportsclub,Yuzuki,The Chiefs eSports Club,The Chiefs eSports Club,The Chiefs eSports Club,wildcard,OPL,124.88333333333333,4,2.0,2017-03-19 00:00:00+00:00,2017-03-25 00:00:00+00:00,2017,0.0,0.0,0.0,124.88333333333333,4.0,2.0,0.5
player::babip,team::thechiefsesportsclub,Babip,The Chiefs eSports Club,The Chiefs eSports Club,The Chiefs eSports Club,wildcard,OPL,1993.8,61,43.0,2018-01-19 00:00:00+00:00,2018-09-02 00:00:00+00:00,2018,0.0,0.0,0.0,1993.8,61.0,43.0,0.7049180327868853
player::destiny-mitchell-shaw,team::thechiefsesportsclub,Destiny (Mitchell Shaw),The Chiefs eSports Club,The Chiefs eSports Club,The Chiefs eSports Club,wildcard,OPL,1993.8,61,43.0,2018-01-19 00:00:00+00:00,2018-09-02 00:00:00+00:00,2018,0.0,0.0,0.0,1993.8,61.0,43.0,0.7049180327868853
player::phantiks,team::thechiefsesportsclub,Phantiks,The Chiefs eSports Club,The Chiefs eSports Club,The Chiefs eSports Club,wildcard,OPL,167.85,5,3.0,2018-01-19 00:00:00+00:00,2018-01-26 00:00:00+00:00,2018,0.0,0.0,0.0,167.85,5.0,3.0,0.6
player::ry0ma,team::thechiefsesportsclub,ry0ma,The Chiefs eSports Club,The Chiefs eSports Club,The Chiefs eSports Club,wildcard,OPL,1993.8,61,43.0,2018-01-19 00:00:00+00:00,2018-09-02 00:00:00+00:00,2018,0.0,0.0,0.0,1993.8,61.0,43.0,0.7049180327868853
player::claire,team::thechiefsesportsclub,Claire,The Chiefs eSports Club,The Chiefs eSports Club,The Chiefs eSports Club,wildcard,OPL,1473.6166666666666,46,32.0,2019-01-18 00:00:00+00:00,2019-08-31 00:00:00+00:00,2019,0.0,0.0,0.0,1473.6166666666666,46.0,32.0,0.6956521739130435
player::eyla,team::thechiefsesportsclub,Eyla,The Chiefs eSports Club,The Chiefs eSports Club,The Chiefs eSports Club,wildcard,OPL,1489.65,47,33.0,2019-01-18 00:00:00+00:00,2019-08-31 00:00:00+00:00,2019,0.0,0.0,0.0,1489.65,47.0,33.0,0.7021276595744681
player::only-jordan-middleton,team::thechiefsesportsclub,Only (Jordan Middleton),The Chiefs eSports Club,The Chiefs eSports Club,The Chiefs eSports Club,wildcard,OPL,1519.9666666666667,48,34.0,2019-01-18 00:00:00+00:00,2019-08-31 00:00:00+00:00,2019,0.0,0.0,0.0,1519.9666666666667,48.0,34.0,0.7083333333333334
player::thien,team::thechiefsesportsclub,Thien,The Chiefs eSports Club,The Chiefs eSports Club,The Chiefs eSports Club,wildcard,OPL,282.9833333333333,9,7.0,2019-03-23 00:00:00+00:00,2019-08-31 00:00:00+00:00,2019,0.0,0.0,0.0,282.9833333333333,9.0,7.0,0.7777777777777778
player::cupcake,team::thechiefsesportsclub,Cupcake,The Chiefs eSports Club,The Chiefs eSports Club,The Chiefs eSports Club,wildcard,OPL,30.316666666666663,1,1.0,2019-07-13 00:00:00+00:00,2019-07-13 00:00:00+00:00,2019,0.0,0.0,0.0,30.316666666666663,1.0,1.0,1.0
player::dizzy-ilya-mikhaylenko,team::thelargestsalary,Dizzy (Ilya Mikhaylenko),The Largest Salary,The Largest Salary,The Largest Salary,wildcard,LCL,164.25,6,0.0,2018-06-24 00:00:00+00:00,2018-06-30 00:00:00+00:00,2018,0.0,0.0,0.0,164.25,6.0,0.0,0.0
player::i-am-john,team::thelargestsalary,I am John,The Largest Salary,The Largest Salary,The Largest Salary,wildcard,LCL,164.25,6,0.0,2018-06-24 00:00:00+00:00,2018-06-30 00:00:00+00:00,2018,0.0,0.0,0.0,164.25,6.0,0.0,0.0
player::pirozhok,team::thelargestsalary,Pirozhok,The Largest Salary,The Largest Salary,The Largest Salary,wildcard,LCL,164.25,6,0.0,2018-06-24 00:00:00+00:00,2018-06-30 00:00:00+00:00,2018,0.0,0.0,0.0,164.25,6.0,0.0,0.0
player::resu,team::thelargestsalary,Resu,The Largest Salary,The Largest Salary,The Largest Salary,wildcard,LCL,164.25,6,0.0,2018-06-24 00:00:00+00:00,2018-06-30 00:00:00+00:00,2018,0.0,0.0,0.0,164.25,6.0,0.0,0.0
player::zumk,team::thelargestsalary,Zumk,The Largest Salary,The Largest Salary,The Largest Salary,wildcard,LCL,164.25,6,0.0,2018-06-24 00:00:00+00:00,2018-06-30 00:00:00+00:00,2018,0.0,0.0,0.0,164.25,6.0,0.0,0.0
player::lounet,team::thunderbotsparta,Lounet,ThunderBot SPARTA,ThunderBot SPARTA,ThunderBot SPARTA,major,LEC,69.68333333333334,2,0.0,2014-11-22 00:00:00+00:00,2014-11-22 00:00:00+00:00,2015,0.0,0.0,0.0,69.68333333333334,2.0,0.0,0.0
player::nono,team::thunderbotsparta,Nono,ThunderBot SPARTA,ThunderBot SPARTA,ThunderBot SPARTA,major,LEC,69.68333333333334,2,0.0,2014-11-22 00:00:00+00:00,2014-11-22 00:00:00+00:00,2015,0.0,0.0,0.0,69.68333333333334,2.0,0.0,0.0
player::shaunz,team::thunderbotsparta,Shaunz,ThunderBot SPARTA,ThunderBot SPARTA,ThunderBot SPARTA,major,LEC,69.68333333333334,2,0.0,2014-11-22 00:00:00+00:00,2014-11-22 00:00:00+00:00,2015,0.0,0.0,0.0,69.68333333333334,2.0,0.0,0.0
player::shlaya,team::thunderbotsparta,ShLaYa,ThunderBot SPARTA,ThunderBot SPARTA,ThunderBot SPARTA,major,LEC,69.68333333333334,2,0.0,2014-11-22 00:00:00+00:00,2014-11-22 00:00:00+00:00,2015,0.0,0.0,0.0,69.68333333333334,2.0,0.0,0.0
player::steve-etienne-michels,team::thunderbotsparta,Steve (Etienne Michels),ThunderBot SPARTA,ThunderBot SPARTA,ThunderBot SPARTA,major,LEC,69.68333333333334,2,0.0,2014-11-22 00:00:00+00:00,2014-11-22 00:00:00+00:00,2015,0.0,0.0,0.0,69.68333333333334,2.0,0.0,0.0
player::adrian-adrian-ma,team::tip,Adrian (Adrian Ma),TIP,TIP,TIP,major,LCS,2324.483333333333,64,35.0,2015-01-24 00:00:00+00:00,2015-08-30 00:00:00+00:00,2015,0.0,0.0,0.0,2324.483333333333,64.0,35.0,0.546875
player::apollo-apollo-price,team::tip,Apollo (Apollo Price),TIP,TIP,TIP,major,LCS,2360.583333333333,65,36.0,2015-01-24 00:00:00+00:00,2015-08-30 00:00:00+00:00,2015,0.0,0.0,0.0,2360.583333333333,65.0,36.0,0.5538461538461539
player::rhux,team::tip,Rhux,TIP,TIP,TIP,major,LCS,64.08333333333333,2,1.0,2015-01-24 00:00:00+00:00,2015-01-25 00:00:00+00:00,2015,0.0,0.0,0.0,64.08333333333333,2.0,1.0,0.5
player::rush,team::tip,Rush,TIP,TIP,TIP,major,LCS,2360.583333333333,65,36.0,2015-01-24 00:00:00+00:00,2015-08-30 00:00:00+00:00,2015,0.0,0.0,0.0,2360.583333333333,65.0,36.0,0.5538461538461539
player::xiaoweixiao,team::tip,XiaoWeiXiao,TIP,TIP,TIP,major,LCS,1695.6833333333334,47,28.0,2015-01-24 00:00:00+00:00,2015-07-19 00:00:00+00:00,2015,0.0,0.0,0.0,1695.6833333333334,47.0,28.0,0.5957446808510638
player::impact,team::tip,Impact,TIP,TIP,TIP,major,LCS,2296.5,63,35.0,2015-01-31 00:00:00+00:00,2015-08-30 00:00:00+00:00,2015,0.0,0.0,0.0,2296.5,63.0,35.0,0.5555555555555556
player::gate,team::tip,Gate,TIP,TIP,TIP,major,LCS,1319.4333333333334,38,14.0,2015-07-19 00:00:00+00:00,2016-03-20 00:00:00+00:00,2015|2016,0.0,0.0,0.0,1319.4333333333334,38.0,14.0,0.3684210526315789
player::beibei,team::tip,beibei,TIP,TIP,TIP,major,LCS,90.5,3,1.0,2016-01-16 00:00:00+00:00,2016-01-23 00:00:00+00:00,2016,0.0,0.0,0.0,90.5,3.0,1.0,0.3333333333333333
player::feng-wang-xiao-feng,team::tip,Feng (Wang Xiao-Feng),TIP,TIP,TIP,major,LCS,484.0,15,2.0,2016-01-16 00:00:00+00:00,2016-03-20 00:00:00+00:00,2016,0.0,0.0,0.0,484.0,15.0,2.0,0.13333333333333333
player::ken-kenneth-tang,team::tip,Ken (Kenneth Tang),TIP,TIP,TIP,major,LCS,132.4,4,2.0,2016-01-16 00:00:00+00:00,2016-01-24 00:00:00+00:00,2016,0.0,0.0,0.0,132.4,4.0,2.0,0.5
player::mash,team::tip,Mash,TIP,TIP,TIP,major,LCS,618.4333333333333,19,5.0,2016-01-16 00:00:00+00:00,2016-03-20 00:00:00+00:00,2016,0.0,0.0,0.0,618.4333333333333,19.0,5.0,0.2631578947368421
player::seraph,team::tip,Seraph,TIP,TIP,TIP,major,LCS,92.53333333333332,3,2.0,2016-01-23 00:00:00+00:00,2016-01-31 00:00:00+00:00,2016,0.0,0.0,0.0,92.53333333333332,3.0,2.0,0.6666666666666666
player::pirean,team::tip,Pirean,TIP,TIP,TIP,major,LCS,527.9333333333333,16,4.0,2016-01-24 00:00:00+00:00,2016-03-20 00:00:00+00:00,2016,0.0,0.0,0.0,527.9333333333333,16.0,4.0,0.25
player::procxin,team::tip,Procxin,TIP,TIP,TIP,major,LCS,527.9333333333333,16,4.0,2016-01-24 00:00:00+00:00,2016-03-20 00:00:00+00:00,2016,0.0,0.0,0.0,527.9333333333333,16.0,4.0,0.25
player::low-omar-aboulkheir,team::tmgaming,Low (Omar Aboulkheir),TM gaming,TM gaming,TM gaming,wildcard,OPL,805.1666666666666,24,4.0,2017-06-11 00:00:00+00:00,2017-08-20 00:00:00+00:00,2017,0.0,0.0,0.0,805.1666666666666,24.0,4.0,0.16666666666666666
player::only-jordan-middleton,team::tmgaming,Only (Jordan Middleton),TM gaming,TM gaming,TM gaming,wildcard,OPL,805.1666666666667,24,4.0,2017-06-11 00:00:00+00:00,2017-08-20 00:00:00+00:00,2017,0.0,0.0,0.0,805.1666666666667,24.0,4.0,0.16666666666666666
player::praedyth,team::tmgaming,Praedyth,TM gaming,TM gaming,TM gaming,wildcard,OPL,805.1666666666667,24,4.0,2017-06-11 00:00:00+00:00,2017-08-20 00:00:00+00:00,2017,0.0,0.0,0.0,805.1666666666667,24.0,4.0,0.16666666666666666
player::shok,team::tmgaming,Shok,TM gaming,TM gaming,TM gaming,wildcard,OPL,805.1666666666666,24,4.0,2017-06-11 00:00:00+00:00,2017-08-20 00:00:00+00:00,2017,0.0,0.0,0.0,805.1666666666666,24.0,4.0,0.16666666666666666
player::tgun,team::tmgaming,tgun,TM gaming,TM gaming,TM gaming,wildcard,OPL,805.1666666666666,24,4.0,2017-06-11 00:00:00+00:00,2017-08-20 00:00:00+00:00,2017,0.0,0.0,0.0,805.1666666666666,24.0,4.0,0.16666666666666666
player::cat-wu-yao,team::topesports,Cat (Wu Yao),Top Esports,DAN,DAN | Top Esports,major,LPL,1071.1166666666666,31,13.0,2017-06-09 00:00:00+00:00,2017-08-19 00:00:00+00:00,2017,0.0,0.0,0.0,1071.1166666666666,31.0,13.0,0.41935483870967744
player::ggoong,team::topesports,Ggoong,Top Esports,DAN,DAN | Top Esports,major,LPL,1107.8833333333332,31,13.0,2017-06-09 00:00:00+00:00,2017-08-19 00:00:00+00:00,2017,0.0,0.0,0.0,1107.8833333333332,31.0,13.0,0.41935483870967744
player::karin,team::topesports,Karin,Top Esports,DAN,DAN | Top Esports,major,LPL,1210.5,34,13.0,2017-06-09 00:00:00+00:00,2017-08-19 00:00:00+00:00,2017,0.0,0.0,0.0,1210.5,34.0,13.0,0.38235294117647056
player::lies-guo-hao-tian,team::topesports,Lies (Guo Hao-Tian),Top Esports,DAN,DAN | Top Esports,major,LPL,1125.8666666666666,32,13.0,2017-06-09 00:00:00+00:00,2017-08-19 00:00:00+00:00,2017,0.0,0.0,0.0,1125.8666666666666,32.0,13.0,0.40625
player::qiuqiu-zhang-ming,team::topesports,QiuQiu (Zhang Ming),Top Esports,DAN,DAN | Top Esports,major,LPL,1144.6,32,13.0,2017-06-09 00:00:00+00:00,2017-08-19 00:00:00+00:00,2017,0.0,0.0,0.0,1144.6,32.0,13.0,0.40625
player::moyu,team::topesports,Moyu,Top Esports,DAN,DAN | Top Esports,major,LPL,225.01666666666665,6,1.0,2017-07-01 00:00:00+00:00,2017-08-05 00:00:00+00:00,2017,0.0,0.0,0.0,225.01666666666665,6.0,1.0,0.16666666666666666
player::fage,team::topesports,Fage,Top Esports,DAN,DAN | Top Esports,major,LPL,279.76666666666665,7,1.0,2017-07-13 00:00:00+00:00,2017-08-11 00:00:00+00:00,2017,0.0,0.0,0.0,279.76666666666665,7.0,1.0,0.14285714285714285
player::fishball,team::topesports,FishBall,Top Esports,DAN,DAN | Top Esports,major,LPL,140.38333333333333,4,1.0,2017-07-13 00:00:00+00:00,2017-08-11 00:00:00+00:00,2017,0.0,0.0,0.0,140.38333333333333,4.0,1.0,0.25
player::natz,team::topesports,Natz,Top Esports,DAN,DAN | Top Esports,major,LPL,206.28333333333333,6,1.0,2017-07-13 00:00:00+00:00,2017-08-11 00:00:00+00:00,2017,0.0,0.0,0.0,206.28333333333333,6.0,1.0,0.16666666666666666
player::qi,team::topesports,qi,Top Esports,DAN,DAN | Top Esports,major,LPL,243.0,7,1.0,2017-07-13 00:00:00+00:00,2017-08-11 00:00:00+00:00,2017,0.0,0.0,0.0,243.0,7.0,1.0,0.14285714285714285
player::cat-wu-yao,team::topesports,Cat (Wu Yao),Top Esports,Top Esports,DAN | Top Esports,major,LPL,2925.5666666666666,83,34.0,2018-01-15 00:00:00+00:00,2019-03-30 00:00:00+00:00,2018|2019,0.0,0.0,0.0,2925.5666666666666,83.0,34.0,0.40963855421686746
player::ggoong,team::topesports,Ggoong,Top Esports,Top Esports,DAN | Top Esports,major,LPL,1759.8333333333333,51,17.0,2018-01-15 00:00:00+00:00,2018-08-22 00:00:00+00:00,2018,0.0,0.0,0.0,1759.8333333333333,51.0,17.0,0.3333333333333333
player::karin,team::topesports,Karin,Top Esports,Top Esports,DAN | Top Esports,major,LPL,889.75,25,6.0,2018-01-15 00:00:00+00:00,2018-04-07 00:00:00+00:00,2018,0.0,0.0,0.0,889.75,25.0,6.0,0.24
player::lies-guo-hao-tian,team::topesports,Lies (Guo Hao-Tian),Top Esports,Top Esports,DAN | Top Esports,major,LPL,1013.95,29,9.0,2018-01-15 00:00:00+00:00,2018-09-05 00:00:00+00:00,2018,0.0,0.0,0.0,1013.95,29.0,9.0,0.3103448275862069
player::qiuqiu-zhang-ming,team::topesports,QiuQiu (Zhang Ming),Top Esports,Top Esports,DAN | Top Esports,major,LPL,3867.683333333333,112,45.0,2018-01-15 00:00:00+00:00,2019-09-08 00:00:00+00:00,2018|2019,0.0,0.0,0.0,3867.683333333333,112.0,45.0,0.4017857142857143
player::moyu,team::topesports,Moyu,Top Esports,Top Esports,DAN | Top Esports,major,LPL,1776.6333333333334,52,23.0,2018-01-20 00:00:00+00:00,2019-07-22 00:00:00+00:00,2018|2019,0.0,0.0,0.0,1776.6333333333334,52.0,23.0,0.4423076923076923
player::xx-xiong-yu-long,team::topesports,Xx (Xiong Yu-Long),Top Esports,Top Esports,DAN | Top Esports,major,LPL,5296.75,162,87.0,2018-01-20 00:00:00+00:00,2019-09-08 00:00:00+00:00,2018|2019,0.0,0.0,0.0,5296.75,162.0,87.0,0.5370370370370371
player::fage,team::topesports,Fage,Top Esports,Top Esports,DAN | Top Esports,major,LPL,638.9666666666667,19,5.0,2018-01-22 00:00:00+00:00,2018-04-07 00:00:00+00:00,2018,0.0,0.0,0.0,638.9666666666667,19.0,5.0,0.2631578947368421
player::corn-lei-wen,team::topesports,Corn (Lei Wen),Top Esports,Top Esports,DAN | Top Esports,major,LPL,1682.0166666666669,48,20.0,2018-02-23 00:00:00+00:00,2018-09-07 00:00:00+00:00,2018,0.0,0.0,0.0,1682.0166666666669,48.0,20.0,0.4166666666666667
player::marin,team::topesports,MaRin,Top Esports,Top Esports,DAN | Top Esports,major,LPL,1078.0166666666669,30,11.0,2018-02-23 00:00:00+00:00,2018-06-26 00:00:00+00:00,2018,0.0,0.0,0.0,1078.0166666666669,30.0,11.0,0.36666666666666664
player::369,team::topesports,369,Top Esports,Top Esports,DAN | Top Esports,major,LPL,2510.7666666666664,82,54.0,2019-01-14 00:00:00+00:00,2019-09-08 00:00:00+00:00,2019,0.0,0.0,0.0,2510.7666666666664,82.0,54.0,0.6585365853658537
player::ben,team::topesports,Ben,Top Esports,Top Esports,DAN | Top Esports,major,LPL,2389.0,78,50.0,2019-01-14 00:00:00+00:00,2019-09-04 00:00:00+00:00,2019,0.0,0.0,0.0,2389.0,78.0,50.0,0.6410256410256411
player::knight9,team::topesports,Knight9,Top Esports,Top Esports,DAN | Top Esports,major,LPL,2937.5166666666664,94,60.0,2019-01-14 00:00:00+00:00,2019-09-08 00:00:00+00:00,2019,0.0,0.0,0.0,2937.5166666666664,94.0,60.0,0.6382978723404256
player::loken,team::topesports,LokeN,Top Esports,Top Esports,DAN | Top Esports,major,LPL,2937.5166666666664,94,60.0,2019-01-14 00:00:00+00:00,2019-09-08 00:00:00+00:00,2019,0.0,0.0,0.0,2937.5166666666664,94.0,60.0,0.6382978723404256
player::aki-mao-an,team::topesports,AKi (Mao An),Top Esports,Top Esports,DAN | Top Esports,major,LPL,192.86666666666667,6,4.0,2019-07-14 00:00:00+00:00,2019-07-22 00:00:00+00:00,2019,0.0,0.0,0.0,192.86666666666667,6.0,4.0,0.6666666666666666
player::babunia,team::trickedesports,Babunia,Tricked eSports,Tricked eSports,Tricked eSports,major,LEC,136.2,3,1.0,2014-11-22 00:00:00+00:00,2014-11-22 00:00:00+00:00,2015,0.0,0.0,0.0,136.2,3.0,1.0,0.3333333333333333
player::mowarth,team::trickedesports,Mowarth,Tricked eSports,Tricked eSports,Tricked eSports,major,LEC,136.2,3,1.0,2014-11-22 00:00:00+00:00,2014-11-22 00:00:00+00:00,2015,0.0,0.0,0.0,136.2,3.0,1.0,0.3333333333333333
player::niko3333,team::trickedesports,Niko3333,Tricked eSports,Tricked eSports,Tricked eSports,major,LEC,136.2,3,1.0,2014-11-22 00:00:00+00:00,2014-11-22 00:00:00+00:00,2015,0.0,0.0,0.0,136.2,3.0,1.0,0.3333333333333333
player::sa1na,team::trickedesports,Sa1na,Tricked eSports,Tricked eSports,Tricked eSports,major,LEC,136.2,3,1.0,2014-11-22 00:00:00+00:00,2014-11-22 00:00:00+00:00,2015,0.0,0.0,0.0,136.2,3.0,1.0,0.3333333333333333
player::tiridus,team::trickedesports,Tiridus,Tricked eSports,Tricked eSports,Tricked eSports,major,LEC,136.2,3,1.0,2014-11-22 00:00:00+00:00,2014-11-22 00:00:00+00:00,2015,0.0,0.0,0.0,136.2,3.0,1.0,0.3333333333333333
player::bma,team::trident,Bma,Trident,Trident,Trident,wildcard,OPL,260.66666666666663,7,1.0,2016-01-20 00:00:00+00:00,2016-02-09 00:00:00+00:00,2016,0.0,0.0,0.0,260.66666666666663,7.0,1.0,0.14285714285714285
player::edition,team::trident,Edition,Trident,Trident,Trident,wildcard,OPL,897.4833333333333,24,10.0,2016-01-20 00:00:00+00:00,2016-03-21 00:00:00+00:00,2016,0.0,0.0,0.0,897.4833333333333,24.0,10.0,0.4166666666666667
player::impaired,team::trident,Impaired,Trident,Trident,Trident,wildcard,OPL,897.4833333333333,24,10.0,2016-01-20 00:00:00+00:00,2016-03-21 00:00:00+00:00,2016,0.0,0.0,0.0,897.4833333333333,24.0,10.0,0.4166666666666667
player::jayke,team::trident,Jayke,Trident,Trident,Trident,wildcard,OPL,897.4833333333333,24,10.0,2016-01-20 00:00:00+00:00,2016-03-21 00:00:00+00:00,2016,0.0,0.0,0.0,897.4833333333333,24.0,10.0,0.4166666666666667
player::pacman,team::trident,Pacman,Trident,Trident,Trident,wildcard,OPL,897.4833333333333,24,10.0,2016-01-20 00:00:00+00:00,2016-03-21 00:00:00+00:00,2016,0.0,0.0,0.0,897.4833333333333,24.0,10.0,0.4166666666666667
player::wzrd,team::trident,Wzrd,Trident,Trident,Trident,wildcard,OPL,636.8166666666667,17,9.0,2016-02-17 00:00:00+00:00,2016-03-21 00:00:00+00:00,2016,0.0,0.0,0.0,636.8166666666667,17.0,9.0,0.5294117647058824
player::b4dd,team::tshow,b4dd,T Show,T Show,T Show,wildcard,CBLOL,509.1,14,0.0,2017-06-03 00:00:00+00:00,2017-07-22 00:00:00+00:00,2017,0.0,0.0,0.0,509.1,14.0,0.0,0.0
player::ceos,team::tshow,Ceos,T Show,T Show,T Show,wildcard,CBLOL,509.1,14,0.0,2017-06-03 00:00:00+00:00,2017-07-22 00:00:00+00:00,2017,0.0,0.0,0.0,509.1,14.0,0.0,0.0
player::danagorn,team::tshow,Danagorn,T Show,T Show,T Show,wildcard,CBLOL,182.88333333333333,5,0.0,2017-06-03 00:00:00+00:00,2017-07-22 00:00:00+00:00,2017,0.0,0.0,0.0,182.88333333333333,5.0,0.0,0.0
player::dudstheboy,team::tshow,DudsTheBoy,T Show,T Show,T Show,wildcard,CBLOL,346.9,9,0.0,2017-06-03 00:00:00+00:00,2017-07-22 00:00:00+00:00,2017,0.0,0.0,0.0,346.9,9.0,0.0,0.0
player::ferchu,team::tshow,Ferchu,T Show,T Show,T Show,wildcard,CBLOL,326.21666666666664,9,0.0,2017-06-03 00:00:00+00:00,2017-07-22 00:00:00+00:00,2017,0.0,0.0,0.0,326.21666666666664,9.0,0.0,0.0
player::krastyel,team::tshow,Krastyel,T Show,T Show,T Show,wildcard,CBLOL,509.1,14,0.0,2017-06-03 00:00:00+00:00,2017-07-22 00:00:00+00:00,2017,0.0,0.0,0.0,509.1,14.0,0.0,0.0
player::theusma,team::tshow,Theusma,T Show,T Show,T Show,wildcard,CBLOL,162.2,5,0.0,2017-06-03 00:00:00+00:00,2017-07-22 00:00:00+00:00,2017,0.0,0.0,0.0,162.2,5.0,0.0,0.0
player::bjergsen,team::tsm,Bjergsen,TSM,TSM,TSM,major,LCS,12978.916666666666,361,237.0,2015-01-24 00:00:00+00:00,2019-09-09 00:00:00+00:00,2015|2016|2017|2018|2019,1473.9,40.0,15.0,14452.816666666666,401.0,252.0,0.6565096952908587
player::dyrus,team::tsm,Dyrus,TSM,TSM,TSM,major,LCS,2167.5,55,36.0,2015-01-24 00:00:00+00:00,2015-08-23 00:00:00+00:00,2015,394.3833333333333,11.0,2.0,2561.883333333333,66.0,38.0,0.6545454545454545
player::lustboy,team::tsm,Lustboy,TSM,TSM,TSM,major,LCS,2167.5,55,36.0,2015-01-24 00:00:00+00:00,2015-08-23 00:00:00+00:00,2015,394.3833333333333,11.0,2.0,2561.883333333333,66.0,38.0,0.6545454545454545
player::santorin,team::tsm,Santorin,TSM,TSM,TSM,major,LCS,2167.5,55,36.0,2015-01-24 00:00:00+00:00,2015-08-23 00:00:00+00:00,2015,394.3833333333333,11.0,2.0,2561.883333333333,66.0,38.0,0.6545454545454545
player::wildturtle,team::tsm,WildTurtle,TSM,TSM,TSM,major,LCS,4062.183333333333,109,72.0,2015-01-24 00:00:00+00:00,2017-04-23 00:00:00+00:00,2015|2017,994.45,27.0,9.0,5056.633333333333,136.0,81.0,0.6605504587155964
player::keith,team::tsm,Keith,TSM,TSM,TSM,major,LCS,54.516666666666666,1,1.0,2015-07-04 00:00:00+00:00,2015-07-04 00:00:00+00:00,2015,0.0,0.0,0.0,54.516666666666666,1.0,1.0,1.0
player::doublelift,team::tsm,Doublelift,TSM,TSM,TSM,major,LCS,4416.433333333333,127,94.0,2016-01-16 00:00:00+00:00,2017-09-03 00:00:00+00:00,2016|2017,479.45,13.0,6.0,4895.883333333333,140.0,100.0,0.7401574803149606
player::hauntzer,team::tsm,Hauntzer,TSM,TSM,TSM,major,LCS,8711.183333333332,247,167.0,2016-01-16 00:00:00+00:00,2018-09-17 00:00:00+00:00,2016|2017|2018,1079.5166666666669,29.0,13.0,9790.7,276.0,180.0,0.6761133603238867
player::svenskeren,team::tsm,Svenskeren,TSM,TSM,TSM,major,LCS,6365.633333333333,182,131.0,2016-01-16 00:00:00+00:00,2017-09-03 00:00:00+00:00,2016|2017,1079.5166666666669,29.0,13.0,7445.15,211.0,144.0,0.7197802197802198
player::yellowstar,team::tsm,YellOwStaR,TSM,TSM,TSM,major,LCS,1061.2833333333333,30,17.0,2016-01-16 00:00:00+00:00,2016-04-17 00:00:00+00:00,2016,0.0,0.0,0.0,1061.2833333333333,30.0,17.0,0.5666666666666667
player::biofrost,team::tsm,Biofrost,TSM,TSM,TSM,major,LCS,5304.349999999999,152,114.0,2016-06-03 00:00:00+00:00,2017-09-03 00:00:00+00:00,2016|2017,1079.5166666666669,29.0,13.0,6383.866666666666,181.0,127.0,0.75
player::mikeyeung,team::tsm,MikeYeung,TSM,TSM,TSM,major,LCS,919.4666666666668,24,14.0,2018-01-20 00:00:00+00:00,2018-03-25 00:00:00+00:00,2018,0.0,0.0,0.0,919.4666666666668,24.0,14.0,0.5833333333333334
player::mithy,team::tsm,Mithy,TSM,TSM,TSM,major,LCS,2345.55,65,36.0,2018-01-20 00:00:00+00:00,2018-09-17 00:00:00+00:00,2018,0.0,0.0,0.0,2345.55,65.0,36.0,0.5538461538461539
player::zven,team::tsm,Zven,TSM,TSM,TSM,major,LCS,4445.783333333333,124,70.0,2018-01-20 00:00:00+00:00,2019-09-09 00:00:00+00:00,2018|2019,0.0,0.0,0.0,4445.783333333333,124.0,70.0,0.5645161290322581
player::grig,team::tsm,Grig,TSM,TSM,TSM,major,LCS,1564.6833333333334,45,26.0,2018-06-16 00:00:00+00:00,2019-06-16 00:00:00+00:00,2018|2019,0.0,0.0,0.0,1564.6833333333334,45.0,26.0,0.5777777777777777
player::akaadian,team::tsm,Akaadian,TSM,TSM,TSM,major,LCS,1596.9333333333334,44,26.0,2019-01-26 00:00:00+00:00,2019-07-28 00:00:00+00:00,2019,0.0,0.0,0.0,1596.9333333333334,44.0,26.0,0.5909090909090909
player::broken-blade,team::tsm,Broken Blade,TSM,TSM,TSM,major,LCS,2100.233333333333,59,34.0,2019-01-26 00:00:00+00:00,2019-09-09 00:00:00+00:00,2019,0.0,0.0,0.0,2100.233333333333,59.0,34.0,0.576271186440678
player::smoothie,team::tsm,Smoothie,TSM,TSM,TSM,major,LCS,2100.233333333333,59,34.0,2019-01-26 00:00:00+00:00,2019-09-09 00:00:00+00:00,2019,0.0,0.0,0.0,2100.233333333333,59.0,34.0,0.576271186440678
player::spica,team::tsm,Spica,TSM,TSM,TSM,major,LCS,364.7,11,4.0,2019-08-04 00:00:00+00:00,2019-09-09 00:00:00+00:00,2019,0.0,0.0,0.0,364.7,11.0,4.0,0.36363636363636365
player::low-omar-aboulkheir,team::ttc,Low (Omar Aboulkheir),TTC,TTC,TTC,wildcard,OPL,758.4499999999999,22,2.0,2018-01-19 00:00:00+00:00,2018-03-18 00:00:00+00:00,2018,0.0,0.0,0.0,758.4499999999999,22.0,2.0,0.09090909090909091
player::papryze,team::ttc,Papryze,TTC,TTC,TTC,wildcard,OPL,1332.4333333333334,39,7.0,2018-01-19 00:00:00+00:00,2018-08-03 00:00:00+00:00,2018,0.0,0.0,0.0,1332.4333333333334,39.0,7.0,0.1794871794871795
player::shok,team::ttc,Shok,TTC,TTC,TTC,wildcard,OPL,1424.1833333333334,42,8.0,2018-01-19 00:00:00+00:00,2018-08-17 00:00:00+00:00,2018,0.0,0.0,0.0,1424.1833333333334,42.0,8.0,0.19047619047619047
player::swathe,team::ttc,Swathe,TTC,TTC,TTC,wildcard,OPL,758.4499999999999,22,2.0,2018-01-19 00:00:00+00:00,2018-03-18 00:00:00+00:00,2018,0.0,0.0,0.0,758.4499999999999,22.0,2.0,0.09090909090909091
player::tilting,team::ttc,Tilting,TTC,TTC,TTC,wildcard,OPL,758.4499999999999,22,2.0,2018-01-19 00:00:00+00:00,2018-03-18 00:00:00+00:00,2018,0.0,0.0,0.0,758.4499999999999,22.0,2.0,0.09090909090909091
player::anderu,team::ttc,Anderu,TTC,TTC,TTC,wildcard,OPL,214.3333333333333,7,3.0,2018-06-08 00:00:00+00:00,2018-08-11 00:00:00+00:00,2018,0.0,0.0,0.0,214.3333333333333,7.0,3.0,0.42857142857142855
player::sybol,team::ttc,Sybol,TTC,TTC,TTC,wildcard,OPL,573.9833333333333,17,5.0,2018-06-08 00:00:00+00:00,2018-08-03 00:00:00+00:00,2018,0.0,0.0,0.0,573.9833333333333,17.0,5.0,0.29411764705882354
player::trance,team::ttc,Trance,TTC,TTC,TTC,wildcard,OPL,722.2166666666667,22,6.0,2018-06-08 00:00:00+00:00,2018-08-17 00:00:00+00:00,2018,0.0,0.0,0.0,722.2166666666667,22.0,6.0,0.2727272727272727
player::gunkrab,team::ttc,gunkrab,TTC,TTC,TTC,wildcard,OPL,261.85,8,2.0,2018-06-15 00:00:00+00:00,2018-07-20 00:00:00+00:00,2018,0.0,0.0,0.0,261.85,8.0,2.0,0.25
player::value-ross-luppino,team::ttc,Value (Ross Luppino),TTC,TTC,TTC,wildcard,OPL,302.51666666666665,9,1.0,2018-07-28 00:00:00+00:00,2018-08-17 00:00:00+00:00,2018,0.0,0.0,0.0,302.51666666666665,9.0,1.0,0.1111111111111111
player::praedyth,team::ttc,Praedyth,TTC,TTC,TTC,wildcard,OPL,148.23333333333335,5,1.0,2018-08-11 00:00:00+00:00,2018-08-17 00:00:00+00:00,2018,0.0,0.0,0.0,148.23333333333335,5.0,1.0,0.2
player::udysof,team::ttc,UDYSOF,TTC,TTC,TTC,wildcard,OPL,148.23333333333335,5,1.0,2018-08-11 00:00:00+00:00,2018-08-17 00:00:00+00:00,2018,0.0,0.0,0.0,148.23333333333335,5.0,1.0,0.2
player::ahahacik,team::unicornsoflovecis,AHaHaCiK,Unicorns Of Love.CIS,Unicorns Of Love.CIS,Unicorns Of Love.CIS,wildcard,LCL,1216.7833333333333,40,28.0,2019-06-30 00:00:00+00:00,2019-09-15 00:00:00+00:00,2019,364.6666666666666,10.0,4.0,1581.4499999999998,50.0,32.0,0.7
player::boss-vladislav-fomin,team::unicornsoflovecis,BOSS (Vladislav Fomin),Unicorns Of Love.CIS,Unicorns Of Love.CIS,Unicorns Of Love.CIS,wildcard,LCL,1216.7833333333333,40,28.0,2019-06-30 00:00:00+00:00,2019-09-15 00:00:00+00:00,2019,364.6666666666666,10.0,4.0,1581.4499999999998,50.0,32.0,0.7
player::edward,team::unicornsoflovecis,Edward,Unicorns Of Love.CIS,Unicorns Of Love.CIS,Unicorns Of Love.CIS,wildcard,LCL,1216.7833333333333,40,28.0,2019-06-30 00:00:00+00:00,2019-09-15 00:00:00+00:00,2019,364.6666666666666,10.0,4.0,1581.4499999999998,50.0,32.0,0.7
player::innaxe,team::unicornsoflovecis,Innaxe,Unicorns Of Love.CIS,Unicorns Of Love.CIS,Unicorns Of Love.CIS,wildcard,LCL,1216.7833333333333,40,28.0,2019-06-30 00:00:00+00:00,2019-09-15 00:00:00+00:00,2019,364.6666666666666,10.0,4.0,1581.4499999999998,50.0,32.0,0.7
player::nomanz,team::unicornsoflovecis,Nomanz,Unicorns Of Love.CIS,Unicorns Of Love.CIS,Unicorns Of Love.CIS,wildcard,LCL,1216.7833333333333,40,28.0,2019-06-30 00:00:00+00:00,2019-09-15 00:00:00+00:00,2019,364.6666666666666,10.0,4.0,1581.4499999999998,50.0,32.0,0.7
player::hylissang,team::uol,Hylissang,UOL,UOL,UOL,major,LEC,7929.849999999999,222,117.0,2015-01-22 00:00:00+00:00,2017-09-09 00:00:00+00:00,2015|2016|2017,0.0,0.0,0.0,7929.849999999999,222.0,117.0,0.527027027027027
player::kikis,team::uol,Kikis,UOL,UOL,UOL,major,LEC,1572.1166666666666,42,22.0,2015-01-22 00:00:00+00:00,2015-07-10 00:00:00+00:00,2015,0.0,0.0,0.0,1572.1166666666666,42.0,22.0,0.5238095238095238
player::powerofevil,team::uol,PowerOfEvil,UOL,UOL,UOL,major,LEC,2249.6,60,27.0,2015-01-22 00:00:00+00:00,2015-08-31 00:00:00+00:00,2015,0.0,0.0,0.0,2249.6,60.0,27.0,0.45
player::vardags,team::uol,Vardags,UOL,UOL,UOL,major,LEC,2249.6,60,27.0,2015-01-22 00:00:00+00:00,2015-08-31 00:00:00+00:00,2015,0.0,0.0,0.0,2249.6,60.0,27.0,0.45
player::vizicsacsi,team::uol,Vizicsacsi,UOL,UOL,UOL,major,LEC,7929.849999999999,222,117.0,2015-01-22 00:00:00+00:00,2017-09-09 00:00:00+00:00,2015|2016|2017,0.0,0.0,0.0,7929.849999999999,222.0,117.0,0.527027027027027
player::gilius,team::uol,Gilius,UOL,UOL,UOL,major,LEC,122.53333333333332,4,2.0,2015-07-16 00:00:00+00:00,2015-07-24 00:00:00+00:00,2015,0.0,0.0,0.0,122.53333333333332,4.0,2.0,0.5
player::h0r0,team::uol,H0R0,UOL,UOL,UOL,major,LEC,554.9499999999999,14,3.0,2015-08-09 00:00:00+00:00,2015-08-31 00:00:00+00:00,2015,0.0,0.0,0.0,554.9499999999999,14.0,3.0,0.21428571428571427
player::diamondprox,team::uol,Diamondprox,UOL,UOL,UOL,major,LEC,140.75,4,3.0,2016-01-14 00:00:00+00:00,2016-01-22 00:00:00+00:00,2016,0.0,0.0,0.0,140.75,4.0,3.0,0.75
player::fox-hampus-myhre,team::uol,Fox (Hampus Myhre),UOL,UOL,UOL,major,LEC,789.9833333333333,21,10.0,2016-01-14 00:00:00+00:00,2016-04-03 00:00:00+00:00,2016,0.0,0.0,0.0,789.9833333333333,21.0,10.0,0.47619047619047616
player::steeelback,team::uol,Steeelback,UOL,UOL,UOL,major,LEC,789.9833333333333,21,10.0,2016-01-14 00:00:00+00:00,2016-04-03 00:00:00+00:00,2016,0.0,0.0,0.0,789.9833333333333,21.0,10.0,0.47619047619047616
player::djoko,team::uol,Djoko,UOL,UOL,UOL,major,LEC,59.65,2,1.0,2016-01-28 00:00:00+00:00,2016-01-29 00:00:00+00:00,2016,0.0,0.0,0.0,59.65,2.0,1.0,0.5
player::rudy-rudy-beltran,team::uol,Rudy (Rudy Beltran),UOL,UOL,UOL,major,LEC,248.81666666666663,6,4.0,2016-02-04 00:00:00+00:00,2016-02-19 00:00:00+00:00,2016,0.0,0.0,0.0,248.81666666666663,6.0,4.0,0.6666666666666666
player::loulex,team::uol,loulex,UOL,UOL,UOL,major,LEC,340.76666666666665,9,2.0,2016-02-25 00:00:00+00:00,2016-04-03 00:00:00+00:00,2016,0.0,0.0,0.0,340.76666666666665,9.0,2.0,0.2222222222222222
player::exileh,team::uol,Exileh,UOL,UOL,UOL,major,LEC,6152.783333333333,177,93.0,2016-06-02 00:00:00+00:00,2018-08-18 00:00:00+00:00,2016|2017|2018,0.0,0.0,0.0,6152.783333333333,177.0,93.0,0.5254237288135594
player::move,team::uol,Move,UOL,UOL,UOL,major,LEC,2054.5666666666666,59,30.0,2016-06-02 00:00:00+00:00,2016-09-05 00:00:00+00:00,2016,0.0,0.0,0.0,2054.5666666666666,59.0,30.0,0.5084745762711864
player::veritas,team::uol,Veritas,UOL,UOL,UOL,major,LEC,2054.5666666666666,59,30.0,2016-06-02 00:00:00+00:00,2016-09-05 00:00:00+00:00,2016,0.0,0.0,0.0,2054.5666666666666,59.0,30.0,0.5084745762711864
player::samux,team::uol,Samux,UOL,UOL,UOL,major,LEC,3827.983333333333,110,61.0,2017-01-20 00:00:00+00:00,2018-08-18 00:00:00+00:00,2017|2018,0.0,0.0,0.0,3827.983333333333,110.0,61.0,0.5545454545454546
player::xerxe,team::uol,Xerxe,UOL,UOL,UOL,major,LEC,2835.7,82,50.0,2017-01-20 00:00:00+00:00,2017-09-09 00:00:00+00:00,2017,0.0,0.0,0.0,2835.7,82.0,50.0,0.6097560975609756
player::kold,team::uol,Kold,UOL,UOL,UOL,major,LEC,1262.5166666666669,36,13.0,2018-01-19 00:00:00+00:00,2018-08-18 00:00:00+00:00,2018,0.0,0.0,0.0,1262.5166666666669,36.0,13.0,0.3611111111111111
player::totoro-eun-jong-seop,team::uol,Totoro (Eun Jong-seop),UOL,UOL,UOL,major,LEC,1262.5166666666669,36,13.0,2018-01-19 00:00:00+00:00,2018-08-18 00:00:00+00:00,2018,0.0,0.0,0.0,1262.5166666666669,36.0,13.0,0.3611111111111111
player::whiteknight,team::uol,WhiteKnight,UOL,UOL,UOL,major,LEC,1262.5166666666669,36,13.0,2018-01-19 00:00:00+00:00,2018-08-18 00:00:00+00:00,2018,0.0,0.0,0.0,1262.5166666666669,36.0,13.0,0.3611111111111111
player::neon-matus-jakubcik,team::uol,Neon (Matúš Jakubčík),UOL,UOL,UOL,major,LEC,270.2333333333333,8,2.0,2018-07-13 00:00:00+00:00,2018-08-04 00:00:00+00:00,2018,0.0,0.0,0.0,270.2333333333333,8.0,2.0,0.25
player::eimy,team::up,Eimy,UP,UP,UP,major,LPL,1598.2666666666669,44,17.0,2015-05-22 00:00:00+00:00,2015-08-09 00:00:00+00:00,2015,0.0,0.0,0.0,1598.2666666666669,44.0,17.0,0.38636363636363635
player::heart,team::up,Heart,UP,UP,UP,major,LPL,1598.2666666666669,44,17.0,2015-05-22 00:00:00+00:00,2015-08-09 00:00:00+00:00,2015,0.0,0.0,0.0,1598.2666666666669,44.0,17.0,0.38636363636363635
player::jiaoyang,team::up,Jiaoyang,UP,UP,UP,major,LPL,215.91666666666663,6,2.0,2015-05-22 00:00:00+00:00,2015-05-31 00:00:00+00:00,2015,0.0,0.0,0.0,215.91666666666663,6.0,2.0,0.3333333333333333
player::loong,team::up,Loong,UP,UP,UP,major,LPL,1598.2666666666669,44,17.0,2015-05-22 00:00:00+00:00,2015-08-09 00:00:00+00:00,2015,0.0,0.0,0.0,1598.2666666666669,44.0,17.0,0.38636363636363635
player::punished,team::up,Punished,UP,UP,UP,major,LPL,1382.35,38,15.0,2015-05-22 00:00:00+00:00,2015-08-09 00:00:00+00:00,2015,0.0,0.0,0.0,1382.35,38.0,15.0,0.39473684210526316
player::skatch,team::up,Skatch,UP,UP,UP,major,LPL,1598.2666666666669,44,17.0,2015-05-22 00:00:00+00:00,2015-08-09 00:00:00+00:00,2015,0.0,0.0,0.0,1598.2666666666669,44.0,17.0,0.38636363636363635
player::alternative,team::uppercutesports,Alternative,Uppercut esports,Uppercut esports,Uppercut esports,wildcard,CBLOL,1459.0166666666669,45,21.0,2019-01-12 00:00:00+00:00,2019-08-24 00:00:00+00:00,2019,0.0,0.0,0.0,1459.0166666666669,45.0,21.0,0.4666666666666667
player::anyyy,team::uppercutesports,Anyyy,Uppercut esports,Uppercut esports,Uppercut esports,wildcard,CBLOL,1459.0166666666669,45,21.0,2019-01-12 00:00:00+00:00,2019-08-24 00:00:00+00:00,2019,0.0,0.0,0.0,1459.0166666666669,45.0,21.0,0.4666666666666667
player::damage,team::uppercutesports,Damage,Uppercut esports,Uppercut esports,Uppercut esports,wildcard,CBLOL,1459.0166666666669,45,21.0,2019-01-12 00:00:00+00:00,2019-08-24 00:00:00+00:00,2019,0.0,0.0,0.0,1459.0166666666669,45.0,21.0,0.4666666666666667
player::fitz,team::uppercutesports,Fitz,Uppercut esports,Uppercut esports,Uppercut esports,wildcard,CBLOL,1459.0166666666669,45,21.0,2019-01-12 00:00:00+00:00,2019-08-24 00:00:00+00:00,2019,0.0,0.0,0.0,1459.0166666666669,45.0,21.0,0.4666666666666667
player::lechase,team::uppercutesports,LeChase,Uppercut esports,Uppercut esports,Uppercut esports,wildcard,CBLOL,1269.85,39,18.0,2019-01-12 00:00:00+00:00,2019-08-24 00:00:00+00:00,2019,0.0,0.0,0.0,1269.85,39.0,18.0,0.46153846153846156
player::hy0g4,team::uppercutesports,Hy0g4,Uppercut esports,Uppercut esports,Uppercut esports,wildcard,CBLOL,189.16666666666663,6,3.0,2019-06-22 00:00:00+00:00,2019-07-13 00:00:00+00:00,2019,0.0,0.0,0.0,189.16666666666663,6.0,3.0,0.5
player::apamen,team::usg,apaMen,USG,USG,USG,wildcard,LJL,6934.383333333333,195,99.0,2016-01-17 00:00:00+00:00,2019-04-13 00:00:00+00:00,2016|2017|2018|2019,0.0,0.0,0.0,6934.383333333333,195.0,99.0,0.5076923076923077
player::clockday,team::usg,Clockday,USG,USG,USG,wildcard,LJL,1911.75,53,23.0,2016-01-17 00:00:00+00:00,2016-07-29 00:00:00+00:00,2016,0.0,0.0,0.0,1911.75,53.0,23.0,0.4339622641509434
player::enty,team::usg,Enty,USG,USG,USG,wildcard,LJL,7670.25,216,110.0,2016-01-17 00:00:00+00:00,2019-08-18 00:00:00+00:00,2016|2017|2018|2019,0.0,0.0,0.0,7670.25,216.0,110.0,0.5092592592592593
player::haretti,team::usg,Haretti,USG,USG,USG,wildcard,LJL,3837.5666666666666,107,53.0,2016-01-17 00:00:00+00:00,2017-08-14 00:00:00+00:00,2016|2017,0.0,0.0,0.0,3837.5666666666666,107.0,53.0,0.4953271028037383
player::isurugi,team::usg,isurugi,USG,USG,USG,wildcard,LJL,960.95,27,15.0,2016-01-17 00:00:00+00:00,2016-04-02 00:00:00+00:00,2016,0.0,0.0,0.0,960.95,27.0,15.0,0.5555555555555556
player::aeonblast,team::usg,AeonBlast,USG,USG,USG,wildcard,LJL,236.81666666666663,6,3.0,2016-05-28 00:00:00+00:00,2016-06-01 00:00:00+00:00,2016,0.0,0.0,0.0,236.81666666666663,6.0,3.0,0.5
player::namake,team::usg,Namake,USG,USG,USG,wildcard,LJL,483.85,13,4.0,2016-06-10 00:00:00+00:00,2016-07-09 00:00:00+00:00,2016,0.0,0.0,0.0,483.85,13.0,4.0,0.3076923076923077
player::challenger,team::usg,Challenger,USG,USG,USG,wildcard,LJL,230.13333333333333,7,1.0,2016-07-15 00:00:00+00:00,2016-07-29 00:00:00+00:00,2016,0.0,0.0,0.0,230.13333333333333,7.0,1.0,0.14285714285714285
player::neo-moon-ji-won,team::usg,Neo (Moon Ji-won),USG,USG,USG,wildcard,LJL,1925.8166666666664,54,30.0,2017-01-21 00:00:00+00:00,2017-08-14 00:00:00+00:00,2017,0.0,0.0,0.0,1925.8166666666664,54.0,30.0,0.5555555555555556
player::remind,team::usg,REMIND,USG,USG,USG,wildcard,LJL,1816.6,51,28.0,2017-01-21 00:00:00+00:00,2017-08-14 00:00:00+00:00,2017,0.0,0.0,0.0,1816.6,51.0,28.0,0.5490196078431373
player::fate-yoshimasa-sato,team::usg,Fate (Yoshimasa Sato),USG,USG,USG,wildcard,LJL,109.21666666666668,3,2.0,2017-03-25 00:00:00+00:00,2017-03-25 00:00:00+00:00,2017,0.0,0.0,0.0,109.21666666666668,3.0,2.0,0.6666666666666666
player::gango,team::usg,Gango,USG,USG,USG,wildcard,LJL,2147.233333333333,61,31.0,2018-02-09 00:00:00+00:00,2018-09-15 00:00:00+00:00,2018,0.0,0.0,0.0,2147.233333333333,61.0,31.0,0.5081967213114754
player::gariaru,team::usg,Gariaru,USG,USG,USG,wildcard,LJL,2147.233333333333,61,31.0,2018-02-09 00:00:00+00:00,2018-09-15 00:00:00+00:00,2018,0.0,0.0,0.0,2147.233333333333,61.0,31.0,0.5081967213114754
player::tussle,team::usg,Tussle,USG,USG,USG,wildcard,LJL,3832.683333333333,109,57.0,2018-02-09 00:00:00+00:00,2019-08-18 00:00:00+00:00,2018|2019,0.0,0.0,0.0,3832.683333333333,109.0,57.0,0.5229357798165137
player::dasher,team::usg,Dasher,USG,USG,USG,wildcard,LJL,1685.45,48,26.0,2019-01-19 00:00:00+00:00,2019-08-18 00:00:00+00:00,2019,0.0,0.0,0.0,1685.45,48.0,26.0,0.5416666666666666
player::keymaker,team::usg,Keymaker,USG,USG,USG,wildcard,LJL,1685.45,48,26.0,2019-01-19 00:00:00+00:00,2019-08-18 00:00:00+00:00,2019,0.0,0.0,0.0,1685.45,48.0,26.0,0.5416666666666666
player::arumik,team::usg,Arumik,USG,USG,USG,wildcard,LJL,735.8666666666667,21,11.0,2019-06-15 00:00:00+00:00,2019-08-18 00:00:00+00:00,2019,0.0,0.0,0.0,735.8666666666667,21.0,11.0,0.5238095238095238
player::cogcog,team::v3,cogcog,V3,V3,V3,wildcard,LJL,1719.5666666666666,49,18.0,2018-02-09 00:00:00+00:00,2018-08-11 00:00:00+00:00,2018,0.0,0.0,0.0,1719.5666666666666,49.0,18.0,0.3673469387755102
player::e-hi,team::v3,E hi,V3,V3,V3,wildcard,LJL,900.4833333333333,25,9.0,2018-02-09 00:00:00+00:00,2018-03-31 00:00:00+00:00,2018,0.0,0.0,0.0,900.4833333333333,25.0,9.0,0.36
player::kazu,team::v3,Kazu,V3,V3,V3,wildcard,LJL,900.4833333333333,25,9.0,2018-02-09 00:00:00+00:00,2018-03-31 00:00:00+00:00,2018,0.0,0.0,0.0,900.4833333333333,25.0,9.0,0.36
player::keymaker,team::v3,Keymaker,V3,V3,V3,wildcard,LJL,1748.0833333333333,50,19.0,2018-02-09 00:00:00+00:00,2018-08-11 00:00:00+00:00,2018,0.0,0.0,0.0,1748.0833333333333,50.0,19.0,0.38
player::smile-won-jong-ha,team::v3,Smile (Won Jong-ha),V3,V3,V3,wildcard,LJL,900.4833333333333,25,9.0,2018-02-09 00:00:00+00:00,2018-03-31 00:00:00+00:00,2018,0.0,0.0,0.0,900.4833333333333,25.0,9.0,0.36
player::guger,team::v3,GuGer,V3,V3,V3,wildcard,LJL,847.5999999999999,25,10.0,2018-06-21 00:00:00+00:00,2018-08-11 00:00:00+00:00,2018,0.0,0.0,0.0,847.5999999999999,25.0,10.0,0.4
player::recap,team::v3,Recap,V3,V3,V3,wildcard,LJL,887.7833333333333,26,10.0,2018-06-21 00:00:00+00:00,2019-01-19 00:00:00+00:00,2018|2019,0.0,0.0,0.0,887.7833333333333,26.0,10.0,0.38461538461538464
player::wyvern,team::v3,WyverN,V3,V3,V3,wildcard,LJL,847.5999999999999,25,10.0,2018-06-21 00:00:00+00:00,2018-08-11 00:00:00+00:00,2018,0.0,0.0,0.0,847.5999999999999,25.0,10.0,0.4
player::awaker-kentaro-hanaoka,team::v3,Awaker (Kentaro Hanaoka),V3,V3,V3,wildcard,LJL,28.516666666666666,1,1.0,2018-06-23 00:00:00+00:00,2018-06-23 00:00:00+00:00,2018,0.0,0.0,0.0,28.516666666666666,1.0,1.0,1.0
player::ace-kotoji-mugita,team::v3,Ace (Kotoji Mugita),V3,V3,V3,wildcard,LJL,1609.8,50,26.0,2019-01-19 00:00:00+00:00,2019-09-16 00:00:00+00:00,2019,0.0,0.0,0.0,1609.8,50.0,26.0,0.52
player::neo-moon-ji-won,team::v3,Neo (Moon Ji-won),V3,V3,V3,wildcard,LJL,325.15,10,3.0,2019-01-19 00:00:00+00:00,2019-02-24 00:00:00+00:00,2019,0.0,0.0,0.0,325.15,10.0,3.0,0.3
player::paz,team::v3,Paz,V3,V3,V3,wildcard,LJL,1649.9833333333331,51,26.0,2019-01-19 00:00:00+00:00,2019-09-16 00:00:00+00:00,2019,0.0,0.0,0.0,1649.9833333333331,51.0,26.0,0.5098039215686274
player::vivid,team::v3,viviD,V3,V3,V3,wildcard,LJL,1649.9833333333331,51,26.0,2019-01-19 00:00:00+00:00,2019-09-16 00:00:00+00:00,2019,0.0,0.0,0.0,1649.9833333333331,51.0,26.0,0.5098039215686274
player::zerost,team::v3,Zerost,V3,V3,V3,wildcard,LJL,485.9,15,7.0,2019-01-19 00:00:00+00:00,2019-03-22 00:00:00+00:00,2019,0.0,0.0,0.0,485.9,15.0,7.0,0.4666666666666667
player::masyo,team::v3,Masyo,V3,V3,V3,wildcard,LJL,204.2333333333333,6,1.0,2019-02-09 00:00:00+00:00,2019-03-02 00:00:00+00:00,2019,0.0,0.0,0.0,204.2333333333333,6.0,1.0,0.16666666666666666
player::savage-jang-seung-gyu,team::v3,Savage (Jang Seung-gyu),V3,V3,V3,wildcard,LJL,364.98333333333335,11,5.0,2019-03-02 00:00:00+00:00,2019-03-22 00:00:00+00:00,2019,0.0,0.0,0.0,364.98333333333335,11.0,5.0,0.45454545454545453
player::baby-kim-dong-woo,team::v3,Baby (Kim Dong-woo),V3,V3,V3,wildcard,LJL,959.85,30,18.0,2019-06-15 00:00:00+00:00,2019-09-16 00:00:00+00:00,2019,0.0,0.0,0.0,959.85,30.0,18.0,0.6
player::yutorimoyasi,team::v3,YutoriMoyasi,V3,V3,V3,wildcard,LJL,959.85,30,18.0,2019-06-15 00:00:00+00:00,2019-09-16 00:00:00+00:00,2019,0.0,0.0,0.0,959.85,30.0,18.0,0.6
player::corn-lei-wen,team::v5,Corn (Lei Wen),V5,V5,V5,major,LPL,1174.1166666666666,36,13.0,2019-01-18 00:00:00+00:00,2019-03-30 00:00:00+00:00,2019,0.0,0.0,0.0,1174.1166666666666,36.0,13.0,0.3611111111111111
player::jinoo,team::v5,Jinoo,V5,V5,V5,major,LPL,1174.1166666666666,36,13.0,2019-01-18 00:00:00+00:00,2019-03-30 00:00:00+00:00,2019,0.0,0.0,0.0,1174.1166666666666,36.0,13.0,0.3611111111111111
player::ley,team::v5,Ley,V5,V5,V5,major,LPL,810.3666666666667,25,12.0,2019-01-18 00:00:00+00:00,2019-03-30 00:00:00+00:00,2019,0.0,0.0,0.0,810.3666666666667,25.0,12.0,0.48
player::pepper-hu-zhi-wei,team::v5,Pepper (Hu Zhi-Wei),V5,V5,V5,major,LPL,448.85,13,4.0,2019-01-18 00:00:00+00:00,2019-03-25 00:00:00+00:00,2019,0.0,0.0,0.0,448.85,13.0,4.0,0.3076923076923077
player::road-yun-han-gil,team::v5,Road (Yun Han-gil),V5,V5,V5,major,LPL,363.75,11,1.0,2019-01-18 00:00:00+00:00,2019-03-23 00:00:00+00:00,2019,0.0,0.0,0.0,363.75,11.0,1.0,0.09090909090909091
player::y4,team::v5,y4,V5,V5,V5,major,LPL,2227.7833333333333,71,25.0,2019-01-18 00:00:00+00:00,2019-08-17 00:00:00+00:00,2019,0.0,0.0,0.0,2227.7833333333333,71.0,25.0,0.352112676056338
player::ben4,team::v5,Ben4,V5,V5,V5,major,LPL,1778.9333333333332,58,21.0,2019-01-25 00:00:00+00:00,2019-08-17 00:00:00+00:00,2019,0.0,0.0,0.0,1778.9333333333332,58.0,21.0,0.3620689655172414
player::aliez-huang-hao,team::v5,Aliez (Huang Hao),V5,V5,V5,major,LPL,212.26666666666665,7,2.0,2019-06-02 00:00:00+00:00,2019-07-22 00:00:00+00:00,2019,0.0,0.0,0.0,212.26666666666665,7.0,2.0,0.2857142857142857
player::max-li-xiao-qiang,team::v5,Max (Li Xiao-Qiang),V5,V5,V5,major,LPL,1053.6666666666663,35,12.0,2019-06-02 00:00:00+00:00,2019-08-17 00:00:00+00:00,2019,0.0,0.0,0.0,1053.6666666666663,35.0,12.0,0.34285714285714286
player::mole,team::v5,Mole,V5,V5,V5,major,LPL,958.0166666666668,32,11.0,2019-06-02 00:00:00+00:00,2019-08-17 00:00:00+00:00,2019,0.0,0.0,0.0,958.0166666666668,32.0,11.0,0.34375
player::windy,team::v5,Windy,V5,V5,V5,major,LPL,879.9166666666666,29,11.0,2019-06-05 00:00:00+00:00,2019-08-17 00:00:00+00:00,2019,0.0,0.0,0.0,879.9166666666666,29.0,11.0,0.3793103448275862
player::otto-hou-guo-yu,team::v5,Otto (Hou Guo-Yu),V5,V5,V5,major,LPL,57.13333333333333,2,0.0,2019-08-12 00:00:00+00:00,2019-08-17 00:00:00+00:00,2019,0.0,0.0,0.0,57.13333333333333,2.0,0.0,0.0
player::ekd,team::vaevictisesports,Ekd,Vaevictis eSports,Vaevictis eSports,Vaevictis eSports,wildcard,LCL,1147.6,31,15.0,2016-01-16 00:00:00+00:00,2016-07-10 00:00:00+00:00,2016,0.0,0.0,0.0,1147.6,31.0,15.0,0.4838709677419355
player::lord-zak,team::vaevictisesports,Lord ZaK,Vaevictis eSports,Vaevictis eSports,Vaevictis eSports,wildcard,LCL,648.5833333333333,17,8.0,2016-01-16 00:00:00+00:00,2016-03-12 00:00:00+00:00,2016,0.0,0.0,0.0,648.5833333333333,17.0,8.0,0.47058823529411764
player::piter-pokir,team::vaevictisesports,Piter Pokir,Vaevictis eSports,Vaevictis eSports,Vaevictis eSports,wildcard,LCL,1147.6,31,15.0,2016-01-16 00:00:00+00:00,2016-07-10 00:00:00+00:00,2016,0.0,0.0,0.0,1147.6,31.0,15.0,0.4838709677419355
player::raxxo,team::vaevictisesports,Raxxo,Vaevictis eSports,Vaevictis eSports,Vaevictis eSports,wildcard,LCL,648.5833333333333,17,8.0,2016-01-16 00:00:00+00:00,2016-03-12 00:00:00+00:00,2016,0.0,0.0,0.0,648.5833333333333,17.0,8.0,0.47058823529411764
player::symphony,team::vaevictisesports,Symphony,Vaevictis eSports,Vaevictis eSports,Vaevictis eSports,wildcard,LCL,648.5833333333333,17,8.0,2016-01-16 00:00:00+00:00,2016-03-12 00:00:00+00:00,2016,0.0,0.0,0.0,648.5833333333333,17.0,8.0,0.47058823529411764
player::bonjour,team::vaevictisesports,Bonjour,Vaevictis eSports,Vaevictis eSports,Vaevictis eSports,wildcard,LCL,200.15,6,4.0,2016-05-28 00:00:00+00:00,2016-06-12 00:00:00+00:00,2016,0.0,0.0,0.0,200.15,6.0,4.0,0.6666666666666666
player::doubleaim,team::vaevictisesports,DoubleAiM,Vaevictis eSports,Vaevictis eSports,Vaevictis eSports,wildcard,LCL,1288.6333333333334,36,21.0,2016-05-28 00:00:00+00:00,2017-04-09 00:00:00+00:00,2016|2017,0.0,0.0,0.0,1288.6333333333334,36.0,21.0,0.5833333333333334
player::starforgerzak,team::vaevictisesports,StarForgerZak,Vaevictis eSports,Vaevictis eSports,Vaevictis eSports,wildcard,LCL,499.01666666666665,14,7.0,2016-05-28 00:00:00+00:00,2016-07-10 00:00:00+00:00,2016,0.0,0.0,0.0,499.01666666666665,14.0,7.0,0.5
player::santas,team::vaevictisesports,SaNTaS,Vaevictis eSports,Vaevictis eSports,Vaevictis eSports,wildcard,LCL,298.8666666666667,8,3.0,2016-06-18 00:00:00+00:00,2016-07-10 00:00:00+00:00,2016,0.0,0.0,0.0,298.8666666666667,8.0,3.0,0.375
player::dark-solece,team::vaevictisesports,Dark Solece,Vaevictis eSports,Vaevictis eSports,Vaevictis eSports,wildcard,LCL,2299.0666666666666,66,24.0,2017-01-29 00:00:00+00:00,2018-08-19 00:00:00+00:00,2017|2018,0.0,0.0,0.0,2299.0666666666666,66.0,24.0,0.36363636363636365
player::dimonko,team::vaevictisesports,Dimonko,Vaevictis eSports,Vaevictis eSports,Vaevictis eSports,wildcard,LCL,1763.2999999999997,50,18.0,2017-01-29 00:00:00+00:00,2018-08-19 00:00:00+00:00,2017|2018,0.0,0.0,0.0,1763.2999999999997,50.0,18.0,0.36
player::lukezy,team::vaevictisesports,Lukezy,Vaevictis eSports,Vaevictis eSports,Vaevictis eSports,wildcard,LCL,1268.6833333333334,36,15.0,2017-01-29 00:00:00+00:00,2018-03-11 00:00:00+00:00,2017|2018,0.0,0.0,0.0,1268.6833333333334,36.0,15.0,0.4166666666666667
player::unho1y,team::vaevictisesports,unho1y,Vaevictis eSports,Vaevictis eSports,Vaevictis eSports,wildcard,LCL,1325.3833333333334,38,20.0,2017-01-29 00:00:00+00:00,2017-08-06 00:00:00+00:00,2017,0.0,0.0,0.0,1325.3833333333334,38.0,20.0,0.5263157894736842
player::cboi,team::vaevictisesports,Cboi,Vaevictis eSports,Vaevictis eSports,Vaevictis eSports,wildcard,LCL,535.7666666666667,16,6.0,2017-06-24 00:00:00+00:00,2017-08-06 00:00:00+00:00,2017,0.0,0.0,0.0,535.7666666666667,16.0,6.0,0.375
player::ekka,team::vaevictisesports,Ekka,Vaevictis eSports,Vaevictis eSports,Vaevictis eSports,wildcard,LCL,535.7666666666667,16,6.0,2017-06-24 00:00:00+00:00,2017-08-06 00:00:00+00:00,2017,0.0,0.0,0.0,535.7666666666667,16.0,6.0,0.375
player::grisen,team::vaevictisesports,Grisen,Vaevictis eSports,Vaevictis eSports,Vaevictis eSports,wildcard,LCL,535.7666666666667,16,6.0,2017-06-24 00:00:00+00:00,2017-08-06 00:00:00+00:00,2017,0.0,0.0,0.0,535.7666666666667,16.0,6.0,0.375
player::ippon,team::vaevictisesports,Ippon,Vaevictis eSports,Vaevictis eSports,Vaevictis eSports,wildcard,LCL,479.0666666666666,14,1.0,2018-02-10 00:00:00+00:00,2018-03-11 00:00:00+00:00,2018,0.0,0.0,0.0,479.0666666666666,14.0,1.0,0.07142857142857142
player::lex,team::vaevictisesports,LeX,Vaevictis eSports,Vaevictis eSports,Vaevictis eSports,wildcard,LCL,973.6833333333333,28,4.0,2018-02-10 00:00:00+00:00,2018-08-19 00:00:00+00:00,2018,0.0,0.0,0.0,973.6833333333333,28.0,4.0,0.14285714285714285
player::boom-gg,team::vaevictisesports,boom gg,Vaevictis eSports,Vaevictis eSports,Vaevictis eSports,wildcard,LCL,80.28333333333333,3,0.0,2018-07-21 00:00:00+00:00,2018-07-22 00:00:00+00:00,2018,0.0,0.0,0.0,80.28333333333333,3.0,0.0,0.0
player::itscortez,team::vaevictisesports,itsCORTEZ,Vaevictis eSports,Vaevictis eSports,Vaevictis eSports,wildcard,LCL,494.6166666666667,14,3.0,2018-07-21 00:00:00+00:00,2018-08-19 00:00:00+00:00,2018,0.0,0.0,0.0,494.6166666666667,14.0,3.0,0.21428571428571427
player::fomko,team::vaevictisesports,Fomko,Vaevictis eSports,Vaevictis eSports,Vaevictis eSports,wildcard,LCL,414.3333333333333,11,3.0,2018-07-28 00:00:00+00:00,2018-08-19 00:00:00+00:00,2018,0.0,0.0,0.0,414.3333333333333,11.0,3.0,0.2727272727272727
player::dreampull,team::vaevictisesports,Dreampull,Vaevictis eSports,Vaevictis eSports,Vaevictis eSports,wildcard,LCL,175.03333333333333,6,2.0,2019-02-02 00:00:00+00:00,2019-02-27 00:00:00+00:00,2019,0.0,0.0,0.0,175.03333333333333,6.0,2.0,0.3333333333333333
player::fatonn,team::vaevictisesports,FatoNN,Vaevictis eSports,Vaevictis eSports,Vaevictis eSports,wildcard,LCL,175.03333333333333,6,2.0,2019-02-02 00:00:00+00:00,2019-02-27 00:00:00+00:00,2019,0.0,0.0,0.0,175.03333333333333,6.0,2.0,0.3333333333333333
player::onesh0tiq,team::vaevictisesports,Onesh0tiq,Vaevictis eSports,Vaevictis eSports,Vaevictis eSports,wildcard,LCL,175.03333333333333,6,2.0,2019-02-02 00:00:00+00:00,2019-02-27 00:00:00+00:00,2019,0.0,0.0,0.0,175.03333333333333,6.0,2.0,0.3333333333333333
player::remus,team::vaevictisesports,Remus,Vaevictis eSports,Vaevictis eSports,Vaevictis eSports,wildcard,LCL,425.8333333333333,17,2.0,2019-02-02 00:00:00+00:00,2019-08-25 00:00:00+00:00,2019,0.0,0.0,0.0,425.8333333333333,17.0,2.0,0.11764705882352941
player::vata,team::vaevictisesports,Vata,Vaevictis eSports,Vaevictis eSports,Vaevictis eSports,wildcard,LCL,175.03333333333333,6,2.0,2019-02-02 00:00:00+00:00,2019-02-27 00:00:00+00:00,2019,0.0,0.0,0.0,175.03333333333333,6.0,2.0,0.3333333333333333
player::ankote,team::vaevictisesports,Ankote,Vaevictis eSports,Vaevictis eSports,Vaevictis eSports,wildcard,LCL,139.1,6,0.0,2019-02-16 00:00:00+00:00,2019-02-24 00:00:00+00:00,2019,0.0,0.0,0.0,139.1,6.0,0.0,0.0
player::merao,team::vaevictisesports,Merao,Vaevictis eSports,Vaevictis eSports,Vaevictis eSports,wildcard,LCL,613.2166666666667,28,0.0,2019-02-16 00:00:00+00:00,2019-08-25 00:00:00+00:00,2019,0.0,0.0,0.0,613.2166666666667,28.0,0.0,0.0
player::tr1ggered,team::vaevictisesports,TR1GGERED,Vaevictis eSports,Vaevictis eSports,Vaevictis eSports,wildcard,LCL,257.1333333333333,12,0.0,2019-02-16 00:00:00+00:00,2019-03-24 00:00:00+00:00,2019,0.0,0.0,0.0,257.1333333333333,12.0,0.0,0.0
player::trianna,team::vaevictisesports,Trianna,Vaevictis eSports,Vaevictis eSports,Vaevictis eSports,wildcard,LCL,613.2166666666667,28,0.0,2019-02-16 00:00:00+00:00,2019-08-25 00:00:00+00:00,2019,0.0,0.0,0.0,613.2166666666667,28.0,0.0,0.0
player::violetfairy,team::vaevictisesports,VioletFairy,Vaevictis eSports,Vaevictis eSports,Vaevictis eSports,wildcard,LCL,302.66666666666663,14,0.0,2019-02-16 00:00:00+00:00,2019-03-24 00:00:00+00:00,2019,0.0,0.0,0.0,302.66666666666663,14.0,0.0,0.0
player::intgration,team::vaevictisesports,Intgration,Vaevictis eSports,Vaevictis eSports,Vaevictis eSports,wildcard,LCL,474.1166666666667,22,0.0,2019-03-02 00:00:00+00:00,2019-08-25 00:00:00+00:00,2019,0.0,0.0,0.0,474.1166666666667,22.0,0.0,0.0
player::don-hell,team::vaevictisesports,Don Hell,Vaevictis eSports,Vaevictis eSports,Vaevictis eSports,wildcard,LCL,45.53333333333333,2,0.0,2019-03-16 00:00:00+00:00,2019-03-17 00:00:00+00:00,2019,0.0,0.0,0.0,45.53333333333333,2.0,0.0,0.0
player::hellma,team::vaevictisesports,HellMa,Vaevictis eSports,Vaevictis eSports,Vaevictis eSports,wildcard,LCL,310.54999999999995,14,0.0,2019-07-20 00:00:00+00:00,2019-08-25 00:00:00+00:00,2019,0.0,0.0,0.0,310.54999999999995,14.0,0.0,0.0
player::pewpewslari,team::vaevictisesports,PewPewSоlari,Vaevictis eSports,Vaevictis eSports,Vaevictis eSports,wildcard,LCL,59.75,3,0.0,2019-07-20 00:00:00+00:00,2019-07-21 00:00:00+00:00,2019,0.0,0.0,0.0,59.75,3.0,0.0,0.0
player::drobovik123,team::vegasquadron,Drobovik123,Vega Squadron,Vega Squadron,Vega Squadron,wildcard,LCL,2558.9333333333334,71,40.0,2016-01-16 00:00:00+00:00,2017-07-02 00:00:00+00:00,2016|2017,0.0,0.0,0.0,2558.9333333333334,71.0,40.0,0.5633802816901409
player::nonholy,team::vegasquadron,NoNholy,Vega Squadron,Vega Squadron,Vega Squadron,wildcard,LCL,4070.0666666666666,118,63.0,2016-01-16 00:00:00+00:00,2018-08-19 00:00:00+00:00,2016|2017|2018,0.0,0.0,0.0,4070.0666666666666,118.0,63.0,0.5338983050847458
player::tauren,team::vegasquadron,Tauren,Vega Squadron,Vega Squadron,Vega Squadron,wildcard,LCL,862.1999999999999,24,12.0,2016-01-16 00:00:00+00:00,2016-05-29 00:00:00+00:00,2016,0.0,0.0,0.0,862.1999999999999,24.0,12.0,0.5
player::wildheart,team::vegasquadron,WildHeart,Vega Squadron,Vega Squadron,Vega Squadron,wildcard,LCL,787.65,22,11.0,2016-01-16 00:00:00+00:00,2016-03-28 00:00:00+00:00,2016,0.0,0.0,0.0,787.65,22.0,11.0,0.5
player::zanzarah,team::vegasquadron,Zanzarah,Vega Squadron,Vega Squadron,Vega Squadron,wildcard,LCL,2862.083333333333,81,45.0,2016-01-16 00:00:00+00:00,2017-08-06 00:00:00+00:00,2016|2017,0.0,0.0,0.0,2862.083333333333,81.0,45.0,0.5555555555555556
player::doxy,team::vegasquadron,Doxy,Vega Squadron,Vega Squadron,Vega Squadron,wildcard,LCL,1189.7666666666669,38,23.0,2016-01-31 00:00:00+00:00,2019-09-15 00:00:00+00:00,2016|2019,0.0,0.0,0.0,1189.7666666666669,38.0,23.0,0.6052631578947368
player::edward,team::vegasquadron,Edward,Vega Squadron,Vega Squadron,Vega Squadron,wildcard,LCL,1574.2,43,27.0,2016-05-28 00:00:00+00:00,2017-04-01 00:00:00+00:00,2016|2017,0.0,0.0,0.0,1574.2,43.0,27.0,0.627906976744186
player::ritix,team::vegasquadron,Ritix,Vega Squadron,Vega Squadron,Vega Squadron,wildcard,LCL,393.5833333333333,10,7.0,2016-06-04 00:00:00+00:00,2016-07-10 00:00:00+00:00,2016,0.0,0.0,0.0,393.5833333333333,10.0,7.0,0.7
player::xdsmiley,team::vegasquadron,XDSMILEY,Vega Squadron,Vega Squadron,Vega Squadron,wildcard,LCL,410.31666666666666,12,7.0,2016-06-11 00:00:00+00:00,2016-08-14 00:00:00+00:00,2016,0.0,0.0,0.0,410.31666666666666,12.0,7.0,0.5833333333333334
player::lex,team::vegasquadron,LeX,Vega Squadron,Vega Squadron,Vega Squadron,wildcard,LCL,695.75,19,12.0,2017-01-28 00:00:00+00:00,2017-04-01 00:00:00+00:00,2017,0.0,0.0,0.0,695.75,19.0,12.0,0.631578947368421
player::delord,team::vegasquadron,delord,Vega Squadron,Vega Squadron,Vega Squadron,wildcard,LCL,500.2333333333333,16,7.0,2017-06-24 00:00:00+00:00,2017-08-06 00:00:00+00:00,2017,0.0,0.0,0.0,500.2333333333333,16.0,7.0,0.4375
player::optimas,team::vegasquadron,Optimas,Vega Squadron,Vega Squadron,Vega Squadron,wildcard,LCL,1906.5833333333333,58,28.0,2017-06-24 00:00:00+00:00,2018-08-19 00:00:00+00:00,2017|2018,0.0,0.0,0.0,1906.5833333333333,58.0,28.0,0.4827586206896552
player::nomanz,team::vegasquadron,Nomanz,Vega Squadron,Vega Squadron,Vega Squadron,wildcard,LCL,1388.0833333333333,47,35.0,2017-07-15 00:00:00+00:00,2019-04-14 00:00:00+00:00,2017|2019,486.1333333333333,15.0,8.0,1874.2166666666667,62.0,43.0,0.7446808510638298
player::paranoia,team::vegasquadron,Paranoia,Vega Squadron,Vega Squadron,Vega Squadron,wildcard,LCL,513.0999999999999,14,5.0,2018-02-10 00:00:00+00:00,2018-03-11 00:00:00+00:00,2018,0.0,0.0,0.0,513.0999999999999,14.0,5.0,0.35714285714285715
player::punisher-nikita-lavrinov,team::vegasquadron,Punisher (Nikita Lavrinov),Vega Squadron,Vega Squadron,Vega Squadron,wildcard,LCL,513.0999999999999,14,5.0,2018-02-10 00:00:00+00:00,2018-03-11 00:00:00+00:00,2018,0.0,0.0,0.0,513.0999999999999,14.0,5.0,0.35714285714285715
player::skash,team::vegasquadron,Skash,Vega Squadron,Vega Squadron,Vega Squadron,wildcard,LCL,1406.35,42,21.0,2018-02-10 00:00:00+00:00,2018-08-19 00:00:00+00:00,2018,0.0,0.0,0.0,1406.35,42.0,21.0,0.5
player::phlaty,team::vegasquadron,Phlaty,Vega Squadron,Vega Squadron,Vega Squadron,wildcard,LCL,893.25,28,16.0,2018-06-23 00:00:00+00:00,2018-08-19 00:00:00+00:00,2018,0.0,0.0,0.0,893.25,28.0,16.0,0.5714285714285714
player::warden,team::vegasquadron,Warden,Vega Squadron,Vega Squadron,Vega Squadron,wildcard,LCL,893.25,28,16.0,2018-06-23 00:00:00+00:00,2018-08-19 00:00:00+00:00,2018,0.0,0.0,0.0,893.25,28.0,16.0,0.5714285714285714
player::ahahacik,team::vegasquadron,AHaHaCiK,Vega Squadron,Vega Squadron,Vega Squadron,wildcard,LCL,1084.9333333333334,37,30.0,2019-02-02 00:00:00+00:00,2019-04-14 00:00:00+00:00,2019,486.1333333333333,15.0,8.0,1571.0666666666666,52.0,38.0,0.8108108108108109
player::boss-vladislav-fomin,team::vegasquadron,BOSS (Vladislav Fomin),Vega Squadron,Vega Squadron,Vega Squadron,wildcard,LCL,1084.9333333333334,37,30.0,2019-02-02 00:00:00+00:00,2019-04-14 00:00:00+00:00,2019,486.1333333333333,15.0,8.0,1571.0666666666666,52.0,38.0,0.8108108108108109
player::gadget,team::vegasquadron,Gadget,Vega Squadron,Vega Squadron,Vega Squadron,wildcard,LCL,2076.333333333333,70,50.0,2019-02-02 00:00:00+00:00,2019-09-15 00:00:00+00:00,2019,486.1333333333333,15.0,8.0,2562.4666666666662,85.0,58.0,0.7142857142857143
player::santas,team::vegasquadron,SaNTaS,Vega Squadron,Vega Squadron,Vega Squadron,wildcard,LCL,2076.333333333333,70,50.0,2019-02-02 00:00:00+00:00,2019-09-15 00:00:00+00:00,2019,486.1333333333333,15.0,8.0,2562.4666666666662,85.0,58.0,0.7142857142857143
player::discotekka,team::vegasquadron,DiscotEkka,Vega Squadron,Vega Squadron,Vega Squadron,wildcard,LCL,991.4,33,20.0,2019-06-29 00:00:00+00:00,2019-09-15 00:00:00+00:00,2019,0.0,0.0,0.0,991.4,33.0,20.0,0.6060606060606061
player::kreox,team::vegasquadron,Kreox,Vega Squadron,Vega Squadron,Vega Squadron,wildcard,LCL,991.4,33,20.0,2019-06-29 00:00:00+00:00,2019-09-15 00:00:00+00:00,2019,0.0,0.0,0.0,991.4,33.0,20.0,0.6060606060606061
player::carry-wang-zu-jing,team::vicigaming,Carry (Wang Zu-Jing),Vici Gaming,Vici Gaming,Vici Gaming,major,LPL,1958.9666666666667,54,30.0,2015-01-17 00:00:00+00:00,2015-05-24 00:00:00+00:00,2015,0.0,0.0,0.0,1958.9666666666667,54.0,30.0,0.5555555555555556
player::dandy,team::vicigaming,DanDy,Vici Gaming,Vici Gaming,Vici Gaming,major,LPL,7319.283333333333,203,106.0,2015-01-17 00:00:00+00:00,2016-08-27 00:00:00+00:00,2015|2016,0.0,0.0,0.0,7319.283333333333,203.0,106.0,0.5221674876847291
player::hetong,team::vicigaming,Hetong,Vici Gaming,Vici Gaming,Vici Gaming,major,LPL,3907.2666666666655,109,53.0,2015-01-17 00:00:00+00:00,2017-04-16 00:00:00+00:00,2015|2017,0.0,0.0,0.0,3907.2666666666655,109.0,53.0,0.48623853211009177
player::mata,team::vicigaming,Mata,Vici Gaming,Vici Gaming,Vici Gaming,major,LPL,3754.3166666666666,105,56.0,2015-01-17 00:00:00+00:00,2015-08-15 00:00:00+00:00,2015,0.0,0.0,0.0,3754.3166666666666,105.0,56.0,0.5333333333333333
player::vasilii,team::vicigaming,Vasilii,Vici Gaming,Vici Gaming,Vici Gaming,major,LPL,1747.2666666666669,48,27.0,2015-01-17 00:00:00+00:00,2015-04-15 00:00:00+00:00,2015,0.0,0.0,0.0,1747.2666666666669,48.0,27.0,0.5625
player::endless-xu-hao,team::vicigaming,Endless (Xu Hao),Vici Gaming,Vici Gaming,Vici Gaming,major,LPL,4527.299999999999,128,60.0,2015-05-22 00:00:00+00:00,2017-04-16 00:00:00+00:00,2015|2016|2017,0.0,0.0,0.0,4527.299999999999,128.0,60.0,0.46875
player::peng-peng-yi-bo,team::vicigaming,Peng (Peng Yi-Bo),Vici Gaming,Vici Gaming,Vici Gaming,major,LPL,982.5333333333332,28,14.0,2015-05-31 00:00:00+00:00,2017-03-11 00:00:00+00:00,2015|2017,0.0,0.0,0.0,982.5333333333332,28.0,14.0,0.5
player::xuan-pi-xiao-xuan,team::vicigaming,Xuan (Pi Xiao-Xuan),Vici Gaming,Vici Gaming,Vici Gaming,major,LPL,924.6166666666666,26,14.0,2015-05-31 00:00:00+00:00,2015-08-15 00:00:00+00:00,2015,0.0,0.0,0.0,924.6166666666666,26.0,14.0,0.5384615384615384
player::world6,team::vicigaming,World6,Vici Gaming,Vici Gaming,Vici Gaming,major,LPL,1746.9166666666663,49,26.0,2015-06-06 00:00:00+00:00,2015-08-15 00:00:00+00:00,2015,0.0,0.0,0.0,1746.9166666666663,49.0,26.0,0.5306122448979592
player::caveman,team::vicigaming,caveMan,Vici Gaming,Vici Gaming,Vici Gaming,major,LPL,6304.833333333333,180,67.0,2016-01-14 00:00:00+00:00,2018-08-24 00:00:00+00:00,2016|2017|2018,0.0,0.0,0.0,6304.833333333333,180.0,67.0,0.37222222222222223
player::easyhoon,team::vicigaming,Easyhoon,Vici Gaming,Vici Gaming,Vici Gaming,major,LPL,6208.633333333333,174,72.0,2016-01-14 00:00:00+00:00,2018-06-20 00:00:00+00:00,2016|2017|2018,0.0,0.0,0.0,6208.633333333333,174.0,72.0,0.41379310344827586
player::loong,team::vicigaming,Loong,Vici Gaming,Vici Gaming,Vici Gaming,major,LPL,5405.099999999999,151,67.0,2016-01-14 00:00:00+00:00,2018-04-02 00:00:00+00:00,2016|2017|2018,0.0,0.0,0.0,5405.099999999999,151.0,67.0,0.44370860927152317
player::xuanxuanpi,team::vicigaming,XuanXuanPi,Vici Gaming,Vici Gaming,Vici Gaming,major,LPL,1471.65,39,18.0,2016-05-29 00:00:00+00:00,2017-04-14 00:00:00+00:00,2016|2017,0.0,0.0,0.0,1471.65,39.0,18.0,0.46153846153846156
player::bengi,team::vicigaming,Bengi,Vici Gaming,Vici Gaming,Vici Gaming,major,LPL,1247.3,35,13.0,2017-01-20 00:00:00+00:00,2017-04-16 00:00:00+00:00,2017,0.0,0.0,0.0,1247.3,35.0,13.0,0.37142857142857144
player::onion,team::vicigaming,Onion,Vici Gaming,Vici Gaming,Vici Gaming,major,LPL,75.95,2,0.0,2017-01-20 00:00:00+00:00,2017-01-20 00:00:00+00:00,2017,0.0,0.0,0.0,75.95,2.0,0.0,0.0
player::ocean-tang-hai-qin,team::vicigaming,Ocean (Tang Hai-Qin),Vici Gaming,Vici Gaming,Vici Gaming,major,LPL,77.68333333333334,2,0.0,2017-03-18 00:00:00+00:00,2017-03-18 00:00:00+00:00,2017,0.0,0.0,0.0,77.68333333333334,2.0,0.0,0.0
player::crash,team::vicigaming,Crash,Vici Gaming,Vici Gaming,Vici Gaming,major,LPL,477.45,15,1.0,2018-01-16 00:00:00+00:00,2018-02-06 00:00:00+00:00,2018,0.0,0.0,0.0,477.45,15.0,1.0,0.06666666666666667
player::martin-tan-qi,team::vicigaming,Martin (Tan Qi),Vici Gaming,Vici Gaming,Vici Gaming,major,LPL,1440.1,43,10.0,2018-01-16 00:00:00+00:00,2018-08-26 00:00:00+00:00,2018,0.0,0.0,0.0,1440.1,43.0,10.0,0.23255813953488372
player::meow,team::vicigaming,Meow,Vici Gaming,Vici Gaming,Vici Gaming,major,LPL,910.7833333333332,27,5.0,2018-01-16 00:00:00+00:00,2018-08-19 00:00:00+00:00,2018,0.0,0.0,0.0,910.7833333333332,27.0,5.0,0.18518518518518517
player::swift,team::vicigaming,Swift,Vici Gaming,Vici Gaming,Vici Gaming,major,LPL,2248.7166666666667,65,16.0,2018-02-23 00:00:00+00:00,2018-08-12 00:00:00+00:00,2018,0.0,0.0,0.0,2248.7166666666667,65.0,16.0,0.24615384615384617
player::firerain,team::vicigaming,FireRain,Vici Gaming,Vici Gaming,Vici Gaming,major,LPL,1220.9166666666667,37,8.0,2018-03-06 00:00:00+00:00,2018-08-26 00:00:00+00:00,2018,0.0,0.0,0.0,1220.9166666666667,37.0,8.0,0.21621621621621623
player::snow-wu-hao-shun,team::vicigaming,Snow (Wu Hao-Shun),Vici Gaming,Vici Gaming,Vici Gaming,major,LPL,1562.4333333333334,46,9.0,2018-03-06 00:00:00+00:00,2018-08-12 00:00:00+00:00,2018,0.0,0.0,0.0,1562.4333333333334,46.0,9.0,0.1956521739130435
player::aodi,team::vicigaming,Aodi,Vici Gaming,Vici Gaming,Vici Gaming,major,LPL,1420.1333333333332,41,10.0,2018-06-11 00:00:00+00:00,2018-08-26 00:00:00+00:00,2018,0.0,0.0,0.0,1420.1333333333332,41.0,10.0,0.24390243902439024
player::coco,team::vicigaming,Coco,Vici Gaming,Vici Gaming,Vici Gaming,major,LPL,462.9333333333333,13,2.0,2018-07-15 00:00:00+00:00,2018-08-17 00:00:00+00:00,2018,0.0,0.0,0.0,462.9333333333333,13.0,2.0,0.15384615384615385
player::yueguan,team::vicigaming,Yueguan,Vici Gaming,Vici Gaming,Vici Gaming,major,LPL,80.51666666666667,3,0.0,2018-07-30 00:00:00+00:00,2018-08-01 00:00:00+00:00,2018,0.0,0.0,0.0,80.51666666666667,3.0,0.0,0.0
player::xintai,team::vicigaming,Xintai,Vici Gaming,Vici Gaming,Vici Gaming,major,LPL,474.03333333333336,13,4.0,2018-08-05 00:00:00+00:00,2018-08-26 00:00:00+00:00,2018,0.0,0.0,0.0,474.03333333333336,13.0,4.0,0.3076923076923077
player::youdang,team::vicigaming,Youdang,Vici Gaming,Vici Gaming,Vici Gaming,major,LPL,744.4833333333333,24,5.0,2018-08-17 00:00:00+00:00,2019-06-26 00:00:00+00:00,2018|2019,0.0,0.0,0.0,744.4833333333333,24.0,5.0,0.20833333333333334
player::aix,team::vicigaming,Aix,Vici Gaming,Vici Gaming,Vici Gaming,major,LPL,2089.95,63,20.0,2019-01-16 00:00:00+00:00,2019-08-18 00:00:00+00:00,2019,0.0,0.0,0.0,2089.95,63.0,20.0,0.31746031746031744
player::chelizi,team::vicigaming,Chelizi,Vici Gaming,Vici Gaming,Vici Gaming,major,LPL,1559.5833333333333,48,14.0,2019-01-16 00:00:00+00:00,2019-08-13 00:00:00+00:00,2019,0.0,0.0,0.0,1559.5833333333333,48.0,14.0,0.2916666666666667
player::jay-chen-bo,team::vicigaming,Jay (Chen Bo),Vici Gaming,Vici Gaming,Vici Gaming,major,LPL,2256.5,68,21.0,2019-01-16 00:00:00+00:00,2019-08-18 00:00:00+00:00,2019,0.0,0.0,0.0,2256.5,68.0,21.0,0.3088235294117647
player::puff-ding-wang,team::vicigaming,Puff (Ding Wang),Vici Gaming,Vici Gaming,Vici Gaming,major,LPL,2558.0666666666666,78,23.0,2019-01-16 00:00:00+00:00,2019-08-18 00:00:00+00:00,2019,0.0,0.0,0.0,2558.0666666666666,78.0,23.0,0.2948717948717949
player::southwind,team::vicigaming,Southwind,Vici Gaming,Vici Gaming,Vici Gaming,major,LPL,2558.0666666666666,78,23.0,2019-01-16 00:00:00+00:00,2019-08-18 00:00:00+00:00,2019,0.0,0.0,0.0,2558.0666666666666,78.0,23.0,0.2948717948717949
player::zdz,team::vicigaming,Zdz,Vici Gaming,Vici Gaming,Vici Gaming,major,LPL,446.55,13,3.0,2019-03-08 00:00:00+00:00,2019-03-31 00:00:00+00:00,2019,0.0,0.0,0.0,446.55,13.0,3.0,0.23076923076923078
player::ian,team::vicigaming,Ian,Vici Gaming,Vici Gaming,Vici Gaming,major,LPL,213.9833333333333,7,2.0,2019-06-03 00:00:00+00:00,2019-06-17 00:00:00+00:00,2019,0.0,0.0,0.0,213.9833333333333,7.0,2.0,0.2857142857142857
player::corn-lei-wen,team::vicigaming,Corn (Lei Wen),Vici Gaming,Vici Gaming,Vici Gaming,major,LPL,87.58333333333333,3,0.0,2019-06-15 00:00:00+00:00,2019-06-17 00:00:00+00:00,2019,0.0,0.0,0.0,87.58333333333333,3.0,0.0,0.0
player::cube-dai-yi,team::vicigaming,Cube (Dai Yi),Vici Gaming,Vici Gaming,Vici Gaming,major,LPL,551.9333333333333,17,6.0,2019-07-15 00:00:00+00:00,2019-08-18 00:00:00+00:00,2019,0.0,0.0,0.0,551.9333333333333,17.0,6.0,0.35294117647058826
player::cabochard,team::vit,Cabochard,VIT,VIT,VIT,major,LEC,7672.566666666667,222,104.0,2016-01-14 00:00:00+00:00,2019-08-24 00:00:00+00:00,2016|2017|2018|2019,220.5833333333333,6.0,3.0,7893.15,228.0,107.0,0.46846846846846846
player::hjarnan,team::vit,Hjarnan,VIT,VIT,VIT,major,LEC,812.0333333333333,22,14.0,2016-01-14 00:00:00+00:00,2016-04-02 00:00:00+00:00,2016,0.0,0.0,0.0,812.0333333333333,22.0,14.0,0.6363636363636364
player::kasing,team::vit,kaSing,VIT,VIT,VIT,major,LEC,2183.233333333333,59,30.0,2016-01-14 00:00:00+00:00,2016-07-31 00:00:00+00:00,2016,0.0,0.0,0.0,2183.233333333333,59.0,30.0,0.5084745762711864
player::nukeduck,team::vit,Nukeduck,VIT,VIT,VIT,major,LEC,4222.383333333333,118,51.0,2016-01-14 00:00:00+00:00,2017-08-13 00:00:00+00:00,2016|2017,0.0,0.0,0.0,4222.383333333333,118.0,51.0,0.4322033898305085
player::shook,team::vit,Shook,VIT,VIT,VIT,major,LEC,1566.5,43,23.0,2016-01-14 00:00:00+00:00,2016-07-31 00:00:00+00:00,2016,0.0,0.0,0.0,1566.5,43.0,23.0,0.5348837209302325
player::mightybear,team::vit,Mightybear,VIT,VIT,VIT,major,LEC,616.7333333333333,16,7.0,2016-06-02 00:00:00+00:00,2016-06-24 00:00:00+00:00,2016,0.0,0.0,0.0,616.7333333333333,16.0,7.0,0.4375
player::police-park-hyeong-gi,team::vit,Police (Park Hyeong-gi),VIT,VIT,VIT,major,LEC,1195.65,33,15.0,2016-06-02 00:00:00+00:00,2016-07-31 00:00:00+00:00,2016,0.0,0.0,0.0,1195.65,33.0,15.0,0.45454545454545453
player::reje,team::vit,reje,VIT,VIT,VIT,major,LEC,175.55,4,1.0,2016-06-09 00:00:00+00:00,2016-06-10 00:00:00+00:00,2016,0.0,0.0,0.0,175.55,4.0,1.0,0.25
player::djoko,team::vit,Djoko,VIT,VIT,VIT,major,LEC,2039.15,59,21.0,2017-01-20 00:00:00+00:00,2017-08-13 00:00:00+00:00,2017,0.0,0.0,0.0,2039.15,59.0,21.0,0.3559322033898305
player::hachani,team::vit,Hachani,VIT,VIT,VIT,major,LEC,619.2666666666667,18,6.0,2017-01-20 00:00:00+00:00,2017-04-01 00:00:00+00:00,2017,0.0,0.0,0.0,619.2666666666667,18.0,6.0,0.3333333333333333
player::steeelback,team::vit,Steeelback,VIT,VIT,VIT,major,LEC,2039.15,59,21.0,2017-01-20 00:00:00+00:00,2017-08-13 00:00:00+00:00,2017,0.0,0.0,0.0,2039.15,59.0,21.0,0.3559322033898305
player::gbm,team::vit,GBM,VIT,VIT,VIT,major,LEC,110.61666666666666,3,1.0,2017-02-10 00:00:00+00:00,2017-02-10 00:00:00+00:00,2017,0.0,0.0,0.0,110.61666666666666,3.0,1.0,0.3333333333333333
player::aod,team::vit,AoD,VIT,VIT,VIT,major,LEC,348.8333333333333,9,2.0,2017-02-17 00:00:00+00:00,2017-03-11 00:00:00+00:00,2017,0.0,0.0,0.0,348.8333333333333,9.0,2.0,0.2222222222222222
player::vander,team::vit,Vander,VIT,VIT,VIT,major,LEC,960.4333333333332,29,12.0,2017-06-02 00:00:00+00:00,2017-08-13 00:00:00+00:00,2017,0.0,0.0,0.0,960.4333333333332,29.0,12.0,0.41379310344827586
player::gilius,team::vit,Gilius,VIT,VIT,VIT,major,LEC,1457.85,42,21.0,2018-01-19 00:00:00+00:00,2018-07-21 00:00:00+00:00,2018,0.0,0.0,0.0,1457.85,42.0,21.0,0.5
player::jactroll,team::vit,Jactroll,VIT,VIT,VIT,major,LEC,3450.1833333333334,104,53.0,2018-01-19 00:00:00+00:00,2019-08-24 00:00:00+00:00,2018|2019,220.5833333333333,6.0,3.0,3670.766666666667,110.0,56.0,0.5096153846153846
player::jiizuke,team::vit,Jiizuke,VIT,VIT,VIT,major,LEC,3383.4666666666667,102,52.0,2018-01-19 00:00:00+00:00,2019-08-24 00:00:00+00:00,2018|2019,220.5833333333333,6.0,3.0,3604.05,108.0,55.0,0.5098039215686274
player::minitroupax,team::vit,Minitroupax,VIT,VIT,VIT,major,LEC,1144.95,32,16.0,2018-01-19 00:00:00+00:00,2018-04-07 00:00:00+00:00,2018,0.0,0.0,0.0,1144.95,32.0,16.0,0.5
player::attila,team::vit,Attila,VIT,VIT,VIT,major,LEC,2305.233333333333,72,37.0,2018-06-15 00:00:00+00:00,2019-08-24 00:00:00+00:00,2018|2019,220.5833333333333,6.0,3.0,2525.8166666666666,78.0,40.0,0.5138888888888888
player::kikis,team::vit,Kikis,VIT,VIT,VIT,major,LEC,592.4333333333333,18,13.0,2018-07-27 00:00:00+00:00,2018-09-08 00:00:00+00:00,2018,220.5833333333333,6.0,3.0,813.0166666666667,24.0,16.0,0.7222222222222222
player::mowgli,team::vit,Mowgli,VIT,VIT,VIT,major,LEC,1399.9,44,19.0,2019-01-18 00:00:00+00:00,2019-08-24 00:00:00+00:00,2019,0.0,0.0,0.0,1399.9,44.0,19.0,0.4318181818181818
player::saken,team::vit,Saken,VIT,VIT,VIT,major,LEC,66.71666666666667,2,1.0,2019-03-01 00:00:00+00:00,2019-03-02 00:00:00+00:00,2019,0.0,0.0,0.0,66.71666666666667,2.0,1.0,0.5
player::jockster,team::vk,Jockster,VK,VK,VK,wildcard,CBLOL,2224.366666666667,65,35.0,2018-01-20 00:00:00+00:00,2019-03-23 00:00:00+00:00,2018|2019,0.0,0.0,0.0,2224.366666666667,65.0,35.0,0.5384615384615384
player::micao,team::vk,micaO,VK,VK,VK,wildcard,CBLOL,2362.833333333333,69,37.0,2018-01-20 00:00:00+00:00,2019-03-23 00:00:00+00:00,2018|2019,0.0,0.0,0.0,2362.833333333333,69.0,37.0,0.5362318840579711
player::revolta,team::vk,Revolta,VK,VK,VK,wildcard,CBLOL,1742.1833333333334,52,29.0,2018-01-20 00:00:00+00:00,2018-08-18 00:00:00+00:00,2018,0.0,0.0,0.0,1742.1833333333334,52.0,29.0,0.5576923076923077
player::tockers,team::vk,tockers,VK,VK,VK,wildcard,CBLOL,2493.4666666666667,73,37.0,2018-01-20 00:00:00+00:00,2019-03-24 00:00:00+00:00,2018|2019,0.0,0.0,0.0,2493.4666666666667,73.0,37.0,0.5068493150684932
player::yang-felipe-zhao,team::vk,Yang (Felipe Zhao),VK,VK,VK,wildcard,CBLOL,2493.4666666666667,73,37.0,2018-01-20 00:00:00+00:00,2019-03-24 00:00:00+00:00,2018|2019,0.0,0.0,0.0,2493.4666666666667,73.0,37.0,0.5068493150684932
player::klaus,team::vk,Klaus,VK,VK,VK,wildcard,CBLOL,130.63333333333333,4,0.0,2019-01-12 00:00:00+00:00,2019-03-24 00:00:00+00:00,2019,0.0,0.0,0.0,130.63333333333333,4.0,0.0,0.0
player::laba,team::vk,Laba,VK,VK,VK,wildcard,CBLOL,656.2333333333333,18,7.0,2019-01-12 00:00:00+00:00,2019-03-16 00:00:00+00:00,2019,0.0,0.0,0.0,656.2333333333333,18.0,7.0,0.3888888888888889
player::professor,team::vk,Professor,VK,VK,VK,wildcard,CBLOL,269.1,8,2.0,2019-01-12 00:00:00+00:00,2019-03-24 00:00:00+00:00,2019,0.0,0.0,0.0,269.1,8.0,2.0,0.25
player::caos-jonas-vriesman,team::vk,Caos (Jonas Vriesman),VK,VK,VK,wildcard,CBLOL,95.05,3,1.0,2019-03-17 00:00:00+00:00,2019-03-24 00:00:00+00:00,2019,0.0,0.0,0.0,95.05,3.0,1.0,0.3333333333333333
player::likkrit,team::vp,Likkrit,VP,VP,VP,wildcard,LCL,615.0166666666667,18,11.0,2015-02-15 00:00:00+00:00,2015-04-12 00:00:00+00:00,2015,0.0,0.0,0.0,615.0166666666667,18.0,11.0,0.6111111111111112
player::mirrorend,team::vp,MirrorEnd,VP,VP,VP,wildcard,LCL,279.6666666666667,8,5.0,2015-02-15 00:00:00+00:00,2015-03-08 00:00:00+00:00,2015,0.0,0.0,0.0,279.6666666666667,8.0,5.0,0.625
player::piter-pokir,team::vp,Piter Pokir,VP,VP,VP,wildcard,LCL,615.0166666666667,18,11.0,2015-02-15 00:00:00+00:00,2015-04-12 00:00:00+00:00,2015,0.0,0.0,0.0,615.0166666666667,18.0,11.0,0.6111111111111112
player::powerofdreams,team::vp,PowerOfDreams,VP,VP,VP,wildcard,LCL,615.0166666666667,18,11.0,2015-02-15 00:00:00+00:00,2015-04-12 00:00:00+00:00,2015,0.0,0.0,0.0,615.0166666666667,18.0,11.0,0.6111111111111112
player::vincentvega,team::vp,VincentVega,VP,VP,VP,wildcard,LCL,615.0166666666667,18,11.0,2015-02-15 00:00:00+00:00,2015-04-12 00:00:00+00:00,2015,0.0,0.0,0.0,615.0166666666667,18.0,11.0,0.6111111111111112
player::saetia,team::vp,Saetia,VP,VP,VP,wildcard,LCL,166.6,5,5.0,2015-03-21 00:00:00+00:00,2015-04-11 00:00:00+00:00,2015,0.0,0.0,0.0,166.6,5.0,5.0,1.0
player::tortoise,team::vp,Tortoise,VP,VP,VP,wildcard,LCL,168.75,5,1.0,2015-04-11 00:00:00+00:00,2015-04-12 00:00:00+00:00,2015,0.0,0.0,0.0,168.75,5.0,1.0,0.2
player::blasting,team::vp,Blasting,VP,VP,VP,wildcard,LCL,831.3,23,14.0,2017-01-29 00:00:00+00:00,2017-04-09 00:00:00+00:00,2017,244.3,6.0,2.0,1075.6,29.0,16.0,0.6086956521739131
player::doxy,team::vp,Doxy,VP,VP,VP,wildcard,LCL,1536.9,41,24.0,2017-01-29 00:00:00+00:00,2017-08-19 00:00:00+00:00,2017,244.3,6.0,2.0,1781.1999999999998,47.0,26.0,0.5853658536585366
player::kreox,team::vp,Kreox,VP,VP,VP,wildcard,LCL,1536.9,41,24.0,2017-01-29 00:00:00+00:00,2017-08-19 00:00:00+00:00,2017,244.3,6.0,2.0,1781.1999999999998,47.0,26.0,0.5853658536585366
player::paranoia,team::vp,Paranoia,VP,VP,VP,wildcard,LCL,1536.9,41,24.0,2017-01-29 00:00:00+00:00,2017-08-19 00:00:00+00:00,2017,244.3,6.0,2.0,1781.1999999999998,47.0,26.0,0.5853658536585366
player::santas,team::vp,SaNTaS,VP,VP,VP,wildcard,LCL,1536.9,41,24.0,2017-01-29 00:00:00+00:00,2017-08-19 00:00:00+00:00,2017,244.3,6.0,2.0,1781.1999999999998,47.0,26.0,0.5853658536585366
player::p1noy,team::vp,P1noy,VP,VP,VP,wildcard,LCL,705.6,18,10.0,2017-06-24 00:00:00+00:00,2017-08-19 00:00:00+00:00,2017,0.0,0.0,0.0,705.6,18.0,10.0,0.5555555555555556
player::benny-lien-hsiu-chi,team::wayispider,Benny (Lien Hsiu-Chi),Wayi Spider,Team Mist,Team Mist | Wayi Spider,major,LMS,612.0833333333334,18,3.0,2016-06-11 00:00:00+00:00,2016-08-07 00:00:00+00:00,2016,0.0,0.0,0.0,612.0833333333334,18.0,3.0,0.16666666666666666
player::breeze,team::wayispider,Breeze,Wayi Spider,Team Mist,Team Mist | Wayi Spider,major,LMS,991.1333333333332,28,3.0,2016-06-11 00:00:00+00:00,2016-08-07 00:00:00+00:00,2016,0.0,0.0,0.0,991.1333333333332,28.0,3.0,0.10714285714285714
player::k,team::wayispider,K,Wayi Spider,Team Mist,Team Mist | Wayi Spider,major,LMS,922.1,26,3.0,2016-06-11 00:00:00+00:00,2016-08-07 00:00:00+00:00,2016,0.0,0.0,0.0,922.1,26.0,3.0,0.11538461538461539
player::rain-liu-min-hung,team::wayispider,Rain (Liu Min-Hung),Wayi Spider,Team Mist,Team Mist | Wayi Spider,major,LMS,991.1333333333332,28,3.0,2016-06-11 00:00:00+00:00,2016-08-07 00:00:00+00:00,2016,0.0,0.0,0.0,991.1333333333332,28.0,3.0,0.10714285714285714
player::zor,team::wayispider,Zor,Wayi Spider,Team Mist,Team Mist | Wayi Spider,major,LMS,592.3166666666667,16,0.0,2016-06-11 00:00:00+00:00,2016-07-17 00:00:00+00:00,2016,0.0,0.0,0.0,592.3166666666667,16.0,0.0,0.0
player::rins,team::wayispider,Rins,Wayi Spider,Team Mist,Team Mist | Wayi Spider,major,LMS,846.9,24,3.0,2016-06-16 00:00:00+00:00,2016-08-07 00:00:00+00:00,2016,0.0,0.0,0.0,846.9,24.0,3.0,0.125
player::breeze,team::wayispider,Breeze,Wayi Spider,Wayi Spider,Team Mist | Wayi Spider,major,LMS,2369.116666666667,63,16.0,2017-01-22 00:00:00+00:00,2017-08-03 00:00:00+00:00,2017,0.0,0.0,0.0,2369.116666666667,63.0,16.0,0.25396825396825395
player::chunx,team::wayispider,Chunx,Wayi Spider,Wayi Spider,Team Mist | Wayi Spider,major,LMS,702.9666666666666,17,1.0,2017-01-22 00:00:00+00:00,2017-03-12 00:00:00+00:00,2017,0.0,0.0,0.0,702.9666666666666,17.0,1.0,0.058823529411764705
player::empt2,team::wayispider,Empt2,Wayi Spider,Wayi Spider,Team Mist | Wayi Spider,major,LMS,147.88333333333333,3,1.0,2017-01-22 00:00:00+00:00,2017-01-22 00:00:00+00:00,2017,0.0,0.0,0.0,147.88333333333333,3.0,1.0,0.3333333333333333
player::lofs,team::wayispider,LOFS,Wayi Spider,Wayi Spider,Team Mist | Wayi Spider,major,LMS,740.5166666666667,18,1.0,2017-01-22 00:00:00+00:00,2017-03-17 00:00:00+00:00,2017,0.0,0.0,0.0,740.5166666666667,18.0,1.0,0.05555555555555555
player::siusiu,team::wayispider,SiuSiu,Wayi Spider,Wayi Spider,Team Mist | Wayi Spider,major,LMS,702.9666666666666,17,1.0,2017-01-22 00:00:00+00:00,2017-03-12 00:00:00+00:00,2017,0.0,0.0,0.0,702.9666666666666,17.0,1.0,0.058823529411764705
player::k,team::wayispider,K,Wayi Spider,Wayi Spider,Team Mist | Wayi Spider,major,LMS,2064.8,55,14.0,2017-02-03 00:00:00+00:00,2017-08-03 00:00:00+00:00,2017,0.0,0.0,0.0,2064.8,55.0,14.0,0.2545454545454545
player::epic,team::wayispider,Epic,Wayi Spider,Wayi Spider,Team Mist | Wayi Spider,major,LMS,1666.15,46,15.0,2017-03-17 00:00:00+00:00,2017-08-03 00:00:00+00:00,2017,0.0,0.0,0.0,1666.15,46.0,15.0,0.32608695652173914
player::rins,team::wayispider,Rins,Wayi Spider,Wayi Spider,Team Mist | Wayi Spider,major,LMS,402.55,12,1.0,2017-03-17 00:00:00+00:00,2017-04-07 00:00:00+00:00,2017,0.0,0.0,0.0,402.55,12.0,1.0,0.08333333333333333
player::wako,team::wayispider,Wako,Wayi Spider,Wayi Spider,Team Mist | Wayi Spider,major,LMS,1666.15,46,15.0,2017-03-17 00:00:00+00:00,2017-08-03 00:00:00+00:00,2017,0.0,0.0,0.0,1666.15,46.0,15.0,0.32608695652173914
player::nexus-tung-tung,team::wayispider,Nexus (Tung Tung),Wayi Spider,Wayi Spider,Team Mist | Wayi Spider,major,LMS,1226.05,33,14.0,2017-06-03 00:00:00+00:00,2017-08-03 00:00:00+00:00,2017,0.0,0.0,0.0,1226.05,33.0,14.0,0.42424242424242425
player::zest-hsieh-ming-hsuan,team::wayispider,Zest (Hsieh Ming-Hsuan),Wayi Spider,Wayi Spider,Team Mist | Wayi Spider,major,LMS,156.43333333333334,5,1.0,2017-06-03 00:00:00+00:00,2017-07-14 00:00:00+00:00,2017,0.0,0.0,0.0,156.43333333333334,5.0,1.0,0.2
player::altec,team::winterfox,Altec,Winterfox,Winterfox,Winterfox,major,LCS,677.4666666666667,18,7.0,2015-01-24 00:00:00+00:00,2015-03-29 00:00:00+00:00,2015,0.0,0.0,0.0,677.4666666666667,18.0,7.0,0.3888888888888889
player::flaresz,team::winterfox,Flaresz,Winterfox,Winterfox,Winterfox,major,LCS,77.91666666666666,2,1.0,2015-01-24 00:00:00+00:00,2015-01-25 00:00:00+00:00,2015,0.0,0.0,0.0,77.91666666666666,2.0,1.0,0.5
player::gleeb,team::winterfox,Gleeb,Winterfox,Winterfox,Winterfox,major,LCS,444.8,12,6.0,2015-01-24 00:00:00+00:00,2015-03-29 00:00:00+00:00,2015,0.0,0.0,0.0,444.8,12.0,6.0,0.5
player::pobelter,team::winterfox,Pobelter,Winterfox,Winterfox,Winterfox,major,LCS,677.4666666666667,18,7.0,2015-01-24 00:00:00+00:00,2015-03-29 00:00:00+00:00,2015,0.0,0.0,0.0,677.4666666666667,18.0,7.0,0.3888888888888889
player::shorterace,team::winterfox,ShorterACE,Winterfox,Winterfox,Winterfox,major,LCS,77.91666666666666,2,1.0,2015-01-24 00:00:00+00:00,2015-01-25 00:00:00+00:00,2015,0.0,0.0,0.0,77.91666666666666,2.0,1.0,0.5
player::avalon,team::winterfox,Avalon,Winterfox,Winterfox,Winterfox,major,LCS,599.55,16,6.0,2015-01-31 00:00:00+00:00,2015-03-29 00:00:00+00:00,2015,0.0,0.0,0.0,599.55,16.0,6.0,0.375
player::helios-shin-dong-jin,team::winterfox,Helios (Shin Dong-jin),Winterfox,Winterfox,Winterfox,major,LCS,599.55,16,6.0,2015-01-31 00:00:00+00:00,2015-03-29 00:00:00+00:00,2015,0.0,0.0,0.0,599.55,16.0,6.0,0.375
player::imagine-jang-hyeon-su,team::winterfox,Imagine (Jang Hyeon-su),Winterfox,Winterfox,Winterfox,major,LCS,142.93333333333334,4,1.0,2015-02-21 00:00:00+00:00,2015-03-01 00:00:00+00:00,2015,0.0,0.0,0.0,142.93333333333334,4.0,1.0,0.25
player::paragon,team::winterfox,Paragon,Winterfox,Winterfox,Winterfox,major,LCS,89.73333333333332,2,0.0,2015-03-07 00:00:00+00:00,2015-03-08 00:00:00+00:00,2015,0.0,0.0,0.0,89.73333333333332,2.0,0.0,0.0
player::exciting,team::xg,exciting,XG,XG,XG,major,LMS,112.76666666666668,3,1.0,2016-01-16 00:00:00+00:00,2016-02-05 00:00:00+00:00,2016,0.0,0.0,0.0,112.76666666666668,3.0,1.0,0.3333333333333333
player::lbb,team::xg,LBB,XG,XG,XG,major,LMS,2825.633333333333,78,18.0,2016-01-16 00:00:00+00:00,2017-04-07 00:00:00+00:00,2016|2017,0.0,0.0,0.0,2825.633333333333,78.0,18.0,0.23076923076923078
player::suki-hsieh-ming-hsuan,team::xg,SuKi (Hsieh Ming-Hsuan),XG,XG,XG,major,LMS,3156.883333333333,87,20.0,2016-01-16 00:00:00+00:00,2017-04-07 00:00:00+00:00,2016|2017,0.0,0.0,0.0,3156.883333333333,87.0,20.0,0.22988505747126436
player::suwako,team::xg,SuwaKo,XG,XG,XG,major,LMS,2024.9666666666667,56,14.0,2016-01-16 00:00:00+00:00,2016-08-07 00:00:00+00:00,2016,0.0,0.0,0.0,2024.9666666666667,56.0,14.0,0.25
player::yo,team::xg,Yo,XG,XG,XG,major,LMS,1864.0166666666669,52,11.0,2016-01-16 00:00:00+00:00,2016-07-31 00:00:00+00:00,2016,0.0,0.0,0.0,1864.0166666666669,52.0,11.0,0.21153846153846154
player::nexus-tung-tung,team::xg,Nexus (Tung Tung),XG,XG,XG,major,LMS,2983.5666666666666,82,19.0,2016-01-22 00:00:00+00:00,2017-04-07 00:00:00+00:00,2016|2017,0.0,0.0,0.0,2983.5666666666666,82.0,19.0,0.23170731707317074
player::mist-hsu-kai-yueh,team::xg,Mist (Hsu Kai-Yueh),XG,XG,XG,major,LMS,60.55,2,0.0,2016-06-24 00:00:00+00:00,2016-06-25 00:00:00+00:00,2016,0.0,0.0,0.0,60.55,2.0,0.0,0.0
player::pony-mo-ka-wah,team::xg,Pony (Mo Ka Wah),XG,XG,XG,major,LMS,1292.8666666666666,35,9.0,2016-08-05 00:00:00+00:00,2017-04-07 00:00:00+00:00,2016|2017,0.0,0.0,0.0,1292.8666666666666,35.0,9.0,0.2571428571428571
player::chingz,team::xg,Chingz,XG,XG,XG,major,LMS,525.3833333333333,15,4.0,2017-01-22 00:00:00+00:00,2017-04-07 00:00:00+00:00,2017,0.0,0.0,0.0,525.3833333333333,15.0,4.0,0.26666666666666666
player::wako,team::xg,Wako,XG,XG,XG,major,LMS,548.2666666666667,14,3.0,2017-01-22 00:00:00+00:00,2017-03-05 00:00:00+00:00,2017,0.0,0.0,0.0,548.2666666666667,14.0,3.0,0.21428571428571427
player::siusiu,team::xg,SiuSiu,XG,XG,XG,major,LMS,389.51666666666665,11,1.0,2017-03-17 00:00:00+00:00,2017-04-07 00:00:00+00:00,2017,0.0,0.0,0.0,389.51666666666665,11.0,1.0,0.09090909090909091
player::caedrel,team::xl,Caedrel,XL,XL,XL,major,LEC,1179.7666666666669,36,9.0,2019-01-18 00:00:00+00:00,2019-08-17 00:00:00+00:00,2019,0.0,0.0,0.0,1179.7666666666669,36.0,9.0,0.25
player::exile-fabian-schubert,team::xl,Exile (Fabian Schubert),XL,XL,XL,major,LEC,264.4,8,2.0,2019-01-18 00:00:00+00:00,2019-02-09 00:00:00+00:00,2019,0.0,0.0,0.0,264.4,8.0,2.0,0.25
player::expect,team::xl,Expect,XL,XL,XL,major,LEC,1179.7666666666669,36,9.0,2019-01-18 00:00:00+00:00,2019-08-17 00:00:00+00:00,2019,0.0,0.0,0.0,1179.7666666666669,36.0,9.0,0.25
player::jeskla,team::xl,Jeskla,XL,XL,XL,major,LEC,1044.2,32,9.0,2019-01-18 00:00:00+00:00,2019-08-17 00:00:00+00:00,2019,0.0,0.0,0.0,1044.2,32.0,9.0,0.28125
player::kasing,team::xl,kaSing,XL,XL,XL,major,LEC,614.4166666666666,18,3.0,2019-01-18 00:00:00+00:00,2019-06-15 00:00:00+00:00,2019,0.0,0.0,0.0,614.4166666666666,18.0,3.0,0.16666666666666666
player::special,team::xl,Special,XL,XL,XL,major,LEC,419.76666666666665,12,3.0,2019-02-15 00:00:00+00:00,2019-06-08 00:00:00+00:00,2019,0.0,0.0,0.0,419.76666666666665,12.0,3.0,0.25
player::mystiques,team::xl,Mystiques,XL,XL,XL,major,LEC,565.35,18,6.0,2019-03-08 00:00:00+00:00,2019-08-17 00:00:00+00:00,2019,0.0,0.0,0.0,565.35,18.0,6.0,0.3333333333333333
player::hjarnan,team::xl,Hjarnan,XL,XL,XL,major,LEC,135.56666666666666,4,0.0,2019-06-07 00:00:00+00:00,2019-06-15 00:00:00+00:00,2019,0.0,0.0,0.0,135.56666666666666,4.0,0.0,0.0
player::mickey-son-young-min,team::xl,Mickey (Son Young-min),XL,XL,XL,major,LEC,495.6,16,4.0,2019-06-14 00:00:00+00:00,2019-08-17 00:00:00+00:00,2019,0.0,0.0,0.0,495.6,16.0,4.0,0.25
player::cedja,team::ye,CeDja,ye,ye,ye,wildcard,LCL,167.21666666666664,5,0.0,2015-05-30 00:00:00+00:00,2015-07-05 00:00:00+00:00,2015,0.0,0.0,0.0,167.21666666666664,5.0,0.0,0.0
player::neon-vladislav-zelinskiy,team::ye,Neon (Vladislav Zelinskiy),ye,ye,ye,wildcard,LCL,400.81666666666666,12,2.0,2015-05-30 00:00:00+00:00,2015-07-20 00:00:00+00:00,2015,0.0,0.0,0.0,400.81666666666666,12.0,2.0,0.16666666666666666
player::nike3,team::ye,Nike3,ye,ye,ye,wildcard,LCL,400.81666666666666,12,2.0,2015-05-30 00:00:00+00:00,2015-07-20 00:00:00+00:00,2015,0.0,0.0,0.0,400.81666666666666,12.0,2.0,0.16666666666666666
player::paranoia,team::ye,Paranoia,ye,ye,ye,wildcard,LCL,400.81666666666666,12,2.0,2015-05-30 00:00:00+00:00,2015-07-20 00:00:00+00:00,2015,0.0,0.0,0.0,400.81666666666666,12.0,2.0,0.16666666666666666
player::saetia,team::ye,Saetia,ye,ye,ye,wildcard,LCL,400.81666666666666,12,2.0,2015-05-30 00:00:00+00:00,2015-07-20 00:00:00+00:00,2015,0.0,0.0,0.0,400.81666666666666,12.0,2.0,0.16666666666666666
player::kovaldimamvp,team::ye,KovalDimaMVP,ye,ye,ye,wildcard,LCL,29.466666666666665,1,0.0,2015-05-31 00:00:00+00:00,2015-05-31 00:00:00+00:00,2015,0.0,0.0,0.0,29.466666666666665,1.0,0.0,0.0
player::likkrit,team::ye,Likkrit,ye,ye,ye,wildcard,LCL,204.13333333333333,6,2.0,2015-06-13 00:00:00+00:00,2015-07-20 00:00:00+00:00,2015,0.0,0.0,0.0,204.13333333333333,6.0,2.0,0.3333333333333333
player::barcode-sergen-ozmen,team::youthcrewesports,Barcode (Sergen Özmen),YouthCrew Esports,Crew e-Sports Club,Crew e-Sports Club | YouthCrew Esports,wildcard,TCL,304.16666666666663,8,2.0,2015-05-16 00:00:00+00:00,2015-06-06 00:00:00+00:00,2015,0.0,0.0,0.0,304.16666666666663,8.0,2.0,0.25
player::euphony,team::youthcrewesports,Euphony,YouthCrew Esports,Crew e-Sports Club,Crew e-Sports Club | YouthCrew Esports,wildcard,TCL,384.0,10,2.0,2015-05-16 00:00:00+00:00,2015-06-28 00:00:00+00:00,2015,0.0,0.0,0.0,384.0,10.0,2.0,0.2
player::madness-gokhan-ucar,team::youthcrewesports,Madness (Gökhan Uçar),YouthCrew Esports,Crew e-Sports Club,Crew e-Sports Club | YouthCrew Esports,wildcard,TCL,3146.95,90,46.0,2015-05-16 00:00:00+00:00,2017-08-12 00:00:00+00:00,2015|2016|2017,0.0,0.0,0.0,3146.95,90.0,46.0,0.5111111111111111
player::ravenno,team::youthcrewesports,Ravenno,YouthCrew Esports,Crew e-Sports Club,Crew e-Sports Club | YouthCrew Esports,wildcard,TCL,508.9333333333333,14,2.0,2015-05-16 00:00:00+00:00,2015-07-12 00:00:00+00:00,2015,0.0,0.0,0.0,508.9333333333333,14.0,2.0,0.14285714285714285
player::unknown-marcin-kubicki,team::youthcrewesports,Unknown (Marcin Kubicki),YouthCrew Esports,Crew e-Sports Club,Crew e-Sports Club | YouthCrew Esports,wildcard,TCL,304.16666666666663,8,2.0,2015-05-16 00:00:00+00:00,2015-06-06 00:00:00+00:00,2015,0.0,0.0,0.0,304.16666666666663,8.0,2.0,0.25
player::blumigan,team::youthcrewesports,Blumigan,YouthCrew Esports,Crew e-Sports Club,Crew e-Sports Club | YouthCrew Esports,wildcard,TCL,79.83333333333334,2,0.0,2015-06-27 00:00:00+00:00,2015-06-28 00:00:00+00:00,2015,0.0,0.0,0.0,79.83333333333334,2.0,0.0,0.0
player::marshall,team::youthcrewesports,Marshall,YouthCrew Esports,Crew e-Sports Club,Crew e-Sports Club | YouthCrew Esports,wildcard,TCL,204.76666666666665,6,0.0,2015-06-27 00:00:00+00:00,2015-07-12 00:00:00+00:00,2015,0.0,0.0,0.0,204.76666666666665,6.0,0.0,0.0
player::akira-oguzhan-erklnc,team::youthcrewesports,Akira (Oğuzhan Erkılınç),YouthCrew Esports,Crew e-Sports Club,Crew e-Sports Club | YouthCrew Esports,wildcard,TCL,64.25,2,0.0,2015-07-04 00:00:00+00:00,2015-07-05 00:00:00+00:00,2015,0.0,0.0,0.0,64.25,2.0,0.0,0.0
player::makro,team::youthcrewesports,Makro,YouthCrew Esports,Crew e-Sports Club,Crew e-Sports Club | YouthCrew Esports,wildcard,TCL,124.93333333333332,4,0.0,2015-07-04 00:00:00+00:00,2015-07-12 00:00:00+00:00,2015,0.0,0.0,0.0,124.93333333333332,4.0,0.0,0.0
player::ritix,team::youthcrewesports,Ritix,YouthCrew Esports,Crew e-Sports Club,Crew e-Sports Club | YouthCrew Esports,wildcard,TCL,124.93333333333332,4,0.0,2015-07-04 00:00:00+00:00,2015-07-12 00:00:00+00:00,2015,0.0,0.0,0.0,124.93333333333332,4.0,0.0,0.0
player::duxen,team::youthcrewesports,Duxen,YouthCrew Esports,Crew e-Sports Club,Crew e-Sports Club | YouthCrew Esports,wildcard,TCL,60.68333333333333,2,0.0,2015-07-11 00:00:00+00:00,2015-07-12 00:00:00+00:00,2015,0.0,0.0,0.0,60.68333333333333,2.0,0.0,0.0
player::clongwen,team::youthcrewesports,Clongwen,YouthCrew Esports,Crew e-Sports Club,Crew e-Sports Club | YouthCrew Esports,wildcard,TCL,62.400000000000006,2,0.0,2016-06-11 00:00:00+00:00,2016-06-11 00:00:00+00:00,2016,0.0,0.0,0.0,62.400000000000006,2.0,0.0,0.0
player::corpse,team::youthcrewesports,Corpse,YouthCrew Esports,Crew e-Sports Club,Crew e-Sports Club | YouthCrew Esports,wildcard,TCL,996.1166666666668,28,12.0,2016-06-11 00:00:00+00:00,2016-07-18 00:00:00+00:00,2016,0.0,0.0,0.0,996.1166666666668,28.0,12.0,0.42857142857142855
player::darlik,team::youthcrewesports,Darlik,YouthCrew Esports,Crew e-Sports Club,Crew e-Sports Club | YouthCrew Esports,wildcard,TCL,391.1666666666667,12,5.0,2016-06-11 00:00:00+00:00,2016-06-26 00:00:00+00:00,2016,0.0,0.0,0.0,391.1666666666667,12.0,5.0,0.4166666666666667
player::react,team::youthcrewesports,React,YouthCrew Esports,Crew e-Sports Club,Crew e-Sports Club | YouthCrew Esports,wildcard,TCL,1325.9333333333334,37,16.0,2016-06-11 00:00:00+00:00,2017-01-22 00:00:00+00:00,2016|2017,0.0,0.0,0.0,1325.9333333333334,37.0,16.0,0.43243243243243246
player::revanche,team::youthcrewesports,Revanche,YouthCrew Esports,Crew e-Sports Club,Crew e-Sports Club | YouthCrew Esports,wildcard,TCL,133.13333333333333,4,1.0,2016-06-11 00:00:00+00:00,2016-06-13 00:00:00+00:00,2016,0.0,0.0,0.0,133.13333333333333,4.0,1.0,0.25
player::four,team::youthcrewesports,Four,YouthCrew Esports,Crew e-Sports Club,Crew e-Sports Club | YouthCrew Esports,wildcard,TCL,1116.7666666666669,31,14.0,2016-06-13 00:00:00+00:00,2016-08-04 00:00:00+00:00,2016,0.0,0.0,0.0,1116.7666666666669,31.0,14.0,0.45161290322580644
player::padden,team::youthcrewesports,Padden,YouthCrew Esports,Crew e-Sports Club,Crew e-Sports Club | YouthCrew Esports,wildcard,TCL,862.9833333333333,24,11.0,2016-06-19 00:00:00+00:00,2016-07-18 00:00:00+00:00,2016,0.0,0.0,0.0,862.9833333333333,24.0,11.0,0.4583333333333333
player::rare,team::youthcrewesports,Rare,YouthCrew Esports,Crew e-Sports Club,Crew e-Sports Club | YouthCrew Esports,wildcard,TCL,129.54999999999998,4,0.0,2016-07-02 00:00:00+00:00,2016-07-03 00:00:00+00:00,2016,0.0,0.0,0.0,129.54999999999998,4.0,0.0,0.0
player::wickd,team::youthcrewesports,Wickd,YouthCrew Esports,Crew e-Sports Club,Crew e-Sports Club | YouthCrew Esports,wildcard,TCL,658.45,17,9.0,2016-07-09 00:00:00+00:00,2016-08-04 00:00:00+00:00,2016,0.0,0.0,0.0,658.45,17.0,9.0,0.5294117647058824
player::cognac,team::youthcrewesports,Cognac,YouthCrew Esports,Crew e-Sports Club,Crew e-Sports Club | YouthCrew Esports,wildcard,TCL,183.05,5,2.0,2016-08-04 00:00:00+00:00,2016-08-04 00:00:00+00:00,2016,0.0,0.0,0.0,183.05,5.0,2.0,0.4
player::elwind,team::youthcrewesports,Elwind,YouthCrew Esports,Crew e-Sports Club,Crew e-Sports Club | YouthCrew Esports,wildcard,TCL,2579.9,75,42.0,2017-01-21 00:00:00+00:00,2017-08-12 00:00:00+00:00,2017,0.0,0.0,0.0,2579.9,75.0,42.0,0.56
player::mojito,team::youthcrewesports,Mojito,YouthCrew Esports,Crew e-Sports Club,Crew e-Sports Club | YouthCrew Esports,wildcard,TCL,2579.9,75,42.0,2017-01-21 00:00:00+00:00,2017-08-12 00:00:00+00:00,2017,0.0,0.0,0.0,2579.9,75.0,42.0,0.56
player::wendelbo,team::youthcrewesports,Wendelbo,YouthCrew Esports,Crew e-Sports Club,Crew e-Sports Club | YouthCrew Esports,wildcard,TCL,1342.4833333333331,39,22.0,2017-01-21 00:00:00+00:00,2017-04-22 00:00:00+00:00,2017,0.0,0.0,0.0,1342.4833333333331,39.0,22.0,0.5641025641025641
player::godbro,team::youthcrewesports,Godbro,YouthCrew Esports,Crew e-Sports Club,Crew e-Sports Club | YouthCrew Esports,wildcard,TCL,1195.7166666666667,35,20.0,2017-01-29 00:00:00+00:00,2017-04-22 00:00:00+00:00,2017,0.0,0.0,0.0,1195.7166666666667,35.0,20.0,0.5714285714285714
player::mocha-kim-tae-gyeom,team::youthcrewesports,Mocha (Kim Tae-gyeom),YouthCrew Esports,Crew e-Sports Club,Crew e-Sports Club | YouthCrew Esports,wildcard,TCL,1237.4166666666667,36,20.0,2017-06-03 00:00:00+00:00,2017-08-12 00:00:00+00:00,2017,0.0,0.0,0.0,1237.4166666666667,36.0,20.0,0.5555555555555556
player::naehyun,team::youthcrewesports,Naehyun,YouthCrew Esports,Crew e-Sports Club,Crew e-Sports Club | YouthCrew Esports,wildcard,TCL,1237.4166666666667,36,20.0,2017-06-03 00:00:00+00:00,2017-08-12 00:00:00+00:00,2017,0.0,0.0,0.0,1237.4166666666667,36.0,20.0,0.5555555555555556
player::coco,team::youthcrewesports,Coco,YouthCrew Esports,YouthCrew Esports,Crew e-Sports Club | YouthCrew Esports,wildcard,TCL,768.9333333333334,24,12.0,2018-01-20 00:00:00+00:00,2018-04-15 00:00:00+00:00,2018,0.0,0.0,0.0,768.9333333333334,24.0,12.0,0.5
player::elwind,team::youthcrewesports,Elwind,YouthCrew Esports,YouthCrew Esports,Crew e-Sports Club | YouthCrew Esports,wildcard,TCL,2138.633333333333,65,28.0,2018-01-20 00:00:00+00:00,2018-08-20 00:00:00+00:00,2018,0.0,0.0,0.0,2138.633333333333,65.0,28.0,0.4307692307692308
player::madness-gokhan-ucar,team::youthcrewesports,Madness (Gökhan Uçar),YouthCrew Esports,YouthCrew Esports,Crew e-Sports Club | YouthCrew Esports,wildcard,TCL,2138.633333333333,65,28.0,2018-01-20 00:00:00+00:00,2018-08-20 00:00:00+00:00,2018,0.0,0.0,0.0,2138.633333333333,65.0,28.0,0.4307692307692308
player::mojito,team::youthcrewesports,Mojito,YouthCrew Esports,YouthCrew Esports,Crew e-Sports Club | YouthCrew Esports,wildcard,TCL,1880.9,57,26.0,2018-01-20 00:00:00+00:00,2018-08-04 00:00:00+00:00,2018,0.0,0.0,0.0,1880.9,57.0,26.0,0.45614035087719296
player::zzus,team::youthcrewesports,Zzus,YouthCrew Esports,YouthCrew Esports,Crew e-Sports Club | YouthCrew Esports,wildcard,TCL,1488.7499999999998,46,21.0,2018-01-20 00:00:00+00:00,2018-07-01 00:00:00+00:00,2018,0.0,0.0,0.0,1488.7499999999998,46.0,21.0,0.45652173913043476
player::xico,team::youthcrewesports,Xico,YouthCrew Esports,YouthCrew Esports,Crew e-Sports Club | YouthCrew Esports,wildcard,TCL,406.5333333333333,13,7.0,2018-02-03 00:00:00+00:00,2018-02-26 00:00:00+00:00,2018,0.0,0.0,0.0,406.5333333333333,13.0,7.0,0.5384615384615384
player::magifelix,team::youthcrewesports,MagiFelix,YouthCrew Esports,YouthCrew Esports,Crew e-Sports Club | YouthCrew Esports,wildcard,TCL,963.1666666666666,28,9.0,2018-06-16 00:00:00+00:00,2018-08-20 00:00:00+00:00,2018,0.0,0.0,0.0,963.1666666666666,28.0,9.0,0.32142857142857145
player::japone,team::youthcrewesports,Japone,YouthCrew Esports,YouthCrew Esports,Crew e-Sports Club | YouthCrew Esports,wildcard,TCL,649.8833333333333,19,7.0,2018-07-14 00:00:00+00:00,2018-08-20 00:00:00+00:00,2018,0.0,0.0,0.0,649.8833333333333,19.0,7.0,0.3684210526315789
player::savage-jang-seung-gyu,team::youthcrewesports,Savage (Jang Seung-gyu),YouthCrew Esports,YouthCrew Esports,Crew e-Sports Club | YouthCrew Esports,wildcard,TCL,164.5,5,2.0,2018-08-05 00:00:00+00:00,2018-08-13 00:00:00+00:00,2018,0.0,0.0,0.0,164.5,5.0,2.0,0.4
player::inori,team::youthcrewesports,Inori,YouthCrew Esports,YouthCrew Esports,Crew e-Sports Club | YouthCrew Esports,wildcard,TCL,93.23333333333332,3,0.0,2018-08-18 00:00:00+00:00,2018-08-20 00:00:00+00:00,2018,0.0,0.0,0.0,93.23333333333332,3.0,0.0,0.0
player::easy-brandon-doyle,team::zen,Easy (Brandon Doyle),ZEN,ZEN,ZEN,major,LCS,125.16666666666666,3,1.0,2014-11-15 00:00:00+00:00,2014-11-15 00:00:00+00:00,2015,0.0,0.0,0.0,125.16666666666666,3.0,1.0,0.3333333333333333
player::frost-parsa-baghai,team::zen,Frost (Parsa Baghai),ZEN,ZEN,ZEN,major,LCS,125.16666666666666,3,1.0,2014-11-15 00:00:00+00:00,2014-11-15 00:00:00+00:00,2015,0.0,0.0,0.0,125.16666666666666,3.0,1.0,0.3333333333333333
player::k1,team::zen,k1,ZEN,ZEN,ZEN,major,LCS,125.16666666666666,3,1.0,2014-11-15 00:00:00+00:00,2014-11-15 00:00:00+00:00,2015,0.0,0.0,0.0,125.16666666666666,3.0,1.0,0.3333333333333333
player::mimo,team::zen,MiMo,ZEN,ZEN,ZEN,major,LCS,125.16666666666666,3,1.0,2014-11-15 00:00:00+00:00,2014-11-15 00:00:00+00:00,2015,0.0,0.0,0.0,125.16666666666666,3.0,1.0,0.3333333333333333
player::thesoloking,team::zen,TheSoloKing,ZEN,ZEN,ZEN,major,LCS,125.16666666666666,3,1.0,2014-11-15 00:00:00+00:00,2014-11-15 00:00:00+00:00,2015,0.0,0.0,0.0,125.16666666666666,3.0,1.0,0.3333333333333333
player::euphony,team::zone,Euphony,ZONE,ZONE,ZONE,wildcard,TCL,287.7333333333333,8,1.0,2015-01-24 00:00:00+00:00,2015-02-15 00:00:00+00:00,2015,0.0,0.0,0.0,287.7333333333333,8.0,1.0,0.125
player::madness-gokhan-ucar,team::zone,Madness (Gökhan Uçar),ZONE,ZONE,ZONE,wildcard,TCL,214.3,6,1.0,2015-01-24 00:00:00+00:00,2015-02-08 00:00:00+00:00,2015,0.0,0.0,0.0,214.3,6.0,1.0,0.16666666666666666
player::misery-ahmet-munur-mungan,team::zone,Misery (Ahmet Münür Mungan),ZONE,ZONE,ZONE,wildcard,TCL,500.48333333333335,14,2.0,2015-01-24 00:00:00+00:00,2015-03-08 00:00:00+00:00,2015,0.0,0.0,0.0,500.48333333333335,14.0,2.0,0.14285714285714285
player::realen,team::zone,Realen,ZONE,ZONE,ZONE,wildcard,TCL,431.3833333333333,12,2.0,2015-01-24 00:00:00+00:00,2015-03-01 00:00:00+00:00,2015,0.0,0.0,0.0,431.3833333333333,12.0,2.0,0.16666666666666666
player::tyresse,team::zone,Tyresse,ZONE,ZONE,ZONE,wildcard,TCL,287.7333333333333,8,1.0,2015-01-24 00:00:00+00:00,2015-02-15 00:00:00+00:00,2015,0.0,0.0,0.0,287.7333333333333,8.0,1.0,0.125
player::tantrum,team::zone,tantrum,ZONE,ZONE,ZONE,wildcard,TCL,286.18333333333334,8,1.0,2015-02-14 00:00:00+00:00,2015-03-08 00:00:00+00:00,2015,0.0,0.0,0.0,286.18333333333334,8.0,1.0,0.125
player::trixucator,team::zone,Trixucator,ZONE,ZONE,ZONE,wildcard,TCL,82.68333333333334,2,1.0,2015-02-21 00:00:00+00:00,2015-02-22 00:00:00+00:00,2015,0.0,0.0,0.0,82.68333333333334,2.0,1.0,0.5
player::zergsting,team::zone,Zergsting,ZONE,ZONE,ZONE,wildcard,TCL,82.68333333333334,2,1.0,2015-02-21 00:00:00+00:00,2015-02-22 00:00:00+00:00,2015,0.0,0.0,0.0,82.68333333333334,2.0,1.0,0.5
player::corpse,team::zone,Corpse,ZONE,ZONE,ZONE,wildcard,TCL,130.06666666666666,4,0.0,2015-02-28 00:00:00+00:00,2015-03-08 00:00:00+00:00,2015,0.0,0.0,0.0,130.06666666666666,4.0,0.0,0.0
player::t4nk,team::zone,t4nk,ZONE,ZONE,ZONE,wildcard,TCL,130.06666666666666,4,0.0,2015-02-28 00:00:00+00:00,2015-03-08 00:00:00+00:00,2015,0.0,0.0,0.0,130.06666666666666,4.0,0.0,0.0
player::brolia,team::zone,Brolia,ZONE,ZONE,ZONE,wildcard,TCL,69.1,2,0.0,2015-03-07 00:00:00+00:00,2015-03-08 00:00:00+00:00,2015,0.0,0.0,0.0,69.1,2.0,0.0,0.0
